zip,bfs_number,name,lat,lng,zone_category
1000,5586,Lausanne,47.46757290777579,9.42616102966733,high_potential
1003,5586,Lausanne,47.46757290777579,9.42616102966733,high_potential
1004,5586,Lausanne,47.46757290777579,9.42616102966733,high_potential
1005,5586,Lausanne,47.46757290777579,9.42616102966733,high_potential
1006,5586,Lausanne,47.46757290777579,9.42616102966733,high_potential
1007,5586,Lausanne,47.46757290777579,9.42616102966733,high_potential
1008,5589,Prilly,47.40831106746275,8.331936751736569,good_potential
1009,5590,Pully,47.51400061927024,9.267754321101986,moderate_potential
1010,5586,Lausanne,47.46757290777579,9.42616102966733,high_potential
1011,5586,Lausanne,47.46757290777579,9.42616102966733,high_potential
1012,5586,Lausanne,47.46757290777579,9.42616102966733,high_potential
1015,5635,Ecublens (VD),46.963289150951255,7.181038676328656,moderate_potential
1018,5586,Lausanne,47.46757290777579,9.42616102966733,high_potential
1020,5591,Renens (VD),46.68504363539742,6.484606424865128,moderate_potential
1022,5627,Chavannes-près-Renens,47.35421043414456,8.041267701453188,moderate_potential
1023,5583,Crissier,47.39569141733155,7.690073155495465,high_potential
1024,5635,Ecublens (VD),46.963289150951255,7.181038676328656,moderate_potential
1025,5648,Saint-Sulpice (VD),47.12587645096235,9.326519146931632,moderate_potential
1026,5632,Denges,47.48285048464128,9.4539554617319,good_potential
1027,5638,Lonay,47.00174353672879,8.595892186355286,high_potential
1028,5643,Préverenges,47.03265142730093,7.119272668345819,moderate_potential
1029,5651,Villars-Sainte-Croix,47.353174037122365,8.721588135535058,good_potential
1030,5624,Bussigny,46.44436717526874,7.138020921597691,high_potential
1031,5489,Mex (VD),47.17585957859457,7.900035777052092,good_potential
1032,5592,Romanel-sur-Lausanne,47.35009349845739,9.009027528033704,good_potential
1033,5582,Cheseaux-sur-Lausanne,47.52485122337427,7.649041031984169,high_potential
1034,5473,Boussens,47.05368043091176,7.619109846141243,good_potential
1035,5472,Bournens,47.46418216176031,9.303029347844502,high_potential
1036,5501,Sullens,46.58032275188212,8.47012924776839,high_potential
1037,5521,Etagnières,47.31013894080861,7.0405403148442645,high_potential
1038,5512,Bercher,47.75859692004814,8.690552114301779,high_potential
1040,5518,Echallens,47.348797873442194,7.452157702609127,high_potential
1041,5540,Montilliez,47.351609312982035,9.53539806841056,high_potential
1042,5511,Assens,47.1574920140679,9.164982476023901,high_potential
1043,5540,Montilliez,47.351609312982035,9.53539806841056,high_potential
1044,5522,Fey,46.54598723595494,9.965936682778006,high_potential
1045,5680,Ogens,47.26297079945448,7.574319620692917,moderate_potential
1046,5534,Rueyres,46.77642634428923,7.683251508807946,high_potential
1047,5923,Oppens,47.10600562068583,7.337933469655983,good_potential
1052,5587,Le Mont-sur-Lausanne,47.36161730481504,8.221834921136212,good_potential
1053,5515,Bretigny-sur-Morrens,46.28006437177216,6.9109896840993725,high_potential
1054,5527,Morrens (VD),47.05974606662575,9.297033244572399,good_potential
1055,5523,Froideville,46.958835203098644,8.363355552138051,high_potential
1058,5804,Jorat-Menthue,47.26293428287741,7.033430407611965,high_potential
1059,5804,Jorat-Menthue,47.26293428287741,7.033430407611965,high_potential
1061,5804,Jorat-Menthue,47.26293428287741,7.033430407611965,high_potential
1062,5804,Jorat-Menthue,47.26293428287741,7.033430407611965,high_potential
1063,5693,Montanaire,47.00074636155037,9.337455622700967,high_potential
1066,5584,Epalinges,46.547800186960764,6.3176216246688925,good_potential
1068,5590,Pully,47.51400061927024,9.267754321101986,moderate_potential
1070,5607,Puidoux,46.54297975700219,9.800462298782902,high_potential
1071,5610,Saint-Saphorin (Lavaux),46.21406668871294,6.036794801166913,good_potential
1072,5604,Forel (Lavaux),46.9807358547773,9.658059835781515,high_potential
1073,5611,Savigny,47.48051775442814,8.247595207959126,high_potential
1076,5806,Jorat-Mézières,47.15485072833666,8.9333145800036,good_potential
1077,5799,Servion,47.42110468544016,8.274175284920457,good_potential
1078,5805,Oron,46.641958055401545,7.779549799366336,high_potential
1080,5799,Servion,47.42110468544016,8.274175284920457,good_potential
1081,5792,Montpreveyres,47.29017287231593,9.419127714347367,high_potential
1082,5785,Corcelles-le-Jorat,47.15797186000356,7.572956955246942,high_potential
1083,5806,Jorat-Mézières,47.15485072833666,8.9333145800036,good_potential
1084,5806,Jorat-Mézières,47.15485072833666,8.9333145800036,good_potential
1085,5803,Vulliens,47.41319492890911,7.870348964388928,high_potential
1088,5798,Ropraz,46.14761470671116,5.9789002260008,high_potential
1090,5606,Lutry,46.68613441671317,6.384164896515184,good_potential
1091,5613,Bourg-en-Lavaux,47.049804087624835,7.467302928105375,high_potential
1092,5581,Belmont-sur-Lausanne,47.238138510699414,9.550925776853644,good_potential
1093,5606,Lutry,46.68613441671317,6.384164896515184,good_potential
1094,5588,Paudex,46.95041697195255,8.076343679185044,good_potential
1095,5606,Lutry,46.68613441671317,6.384164896515184,good_potential
1096,5613,Bourg-en-Lavaux,47.049804087624835,7.467302928105375,high_potential
1097,5613,Bourg-en-Lavaux,47.049804087624835,7.467302928105375,high_potential
1098,5613,Bourg-en-Lavaux,47.049804087624835,7.467302928105375,high_potential
1110,5642,Morges,47.47395064243992,7.5853735593055465,good_potential
1112,5634,Echichens,47.18398890361614,8.026283747025891,high_potential
1113,5634,Echichens,47.18398890361614,8.026283747025891,high_potential
1114,5634,Echichens,47.18398890361614,8.026283747025891,high_potential
1115,5654,Vullierens,47.309503730577944,8.290144844835524,high_potential
1116,5656,Hautemorges,47.43255142489952,7.814809107222286,high_potential
1117,5485,Grancy,47.415104622150174,8.00502602784906,high_potential
1121,5622,Bremblens,46.60104851645538,6.64429899069758,high_potential
1122,5645,Romanel-sur-Morges,47.36276276431816,9.383244264240552,high_potential
1123,5621,Aclens,47.142538737222836,8.451961406040732,high_potential
1124,5484,Gollion,46.8220462338765,7.354051298786151,high_potential
1125,5634,Echichens,47.18398890361614,8.026283747025891,high_potential
1126,5650,Vaux-sur-Morges,47.51807601983896,9.179263694425956,high_potential
1127,5629,Clarmont,47.302594473898765,7.160737747736714,high_potential
1128,5656,Hautemorges,47.43255142489952,7.814809107222286,high_potential
1131,5649,Tolochenaz,47.447140259456184,9.047349954320794,good_potential
1132,5639,Lully (VD),46.02245482276876,8.8918267191807,good_potential
1134,5653,Vufflens-le-Château,47.492907450696,7.996246753837265,high_potential
1135,5631,Denens,46.44050734990681,6.8589489072112215,good_potential
1136,5656,Hautemorges,47.43255142489952,7.814809107222286,high_potential
1141,5656,Hautemorges,47.43255142489952,7.814809107222286,high_potential
1142,5656,Hautemorges,47.43255142489952,7.814809107222286,high_potential
1143,5656,Hautemorges,47.43255142489952,7.814809107222286,high_potential
1144,5423,Ballens,47.50434072872243,9.068814422963984,good_potential
1145,5425,Bière,46.63284335881046,6.5255205786288855,moderate_potential
1146,5431,Mollens (VD),46.1225201483717,8.83226791296543,moderate_potential
1147,5492,Montricher,46.72423443010653,9.082990278628754,good_potential
1148,5486,L'Isle,47.38039204751772,8.292332850036738,good_potential
1149,5424,Berolle,46.74467287745672,8.984862498928623,moderate_potential
1162,5646,Saint-Prex,46.68582697992959,6.645886856235289,moderate_potential
1163,5636,Etoy,46.20253634934991,9.080850358923685,moderate_potential
1164,5623,Buchillon,47.50290184247765,8.375059617707056,moderate_potential
1165,5851,Allaman,47.40972769356569,8.437132487915648,moderate_potential
1166,5860,Perroy,47.258281990643816,8.865524808469646,moderate_potential
1167,5640,Lussy-sur-Morges,47.52340921809006,7.738319397692621,good_potential
1168,5652,Villars-sous-Yens,47.214803862747985,8.362521680351165,good_potential
1169,5655,Yens,46.58116952113922,6.205091802109005,good_potential
1170,5422,Aubonne,47.227082777286086,7.68348913374535,moderate_potential
1172,5426,Bougy-Villars,46.95034114728172,8.472096159935488,high_potential
1173,5427,Féchy,46.19387074181845,6.013965955862305,good_potential
1174,5422,Aubonne,47.227082777286086,7.68348913374535,moderate_potential
1175,5637,Lavigny,47.131908310016456,7.810752042886834,good_potential
1176,5435,Saint-Livres,46.94485011649663,8.322519756064061,moderate_potential
1180,5862,Tartegnin,46.69489210592909,9.302684066945156,high_potential
1182,5857,Gilly,46.054050158180026,8.876429842691065,good_potential
1183,5853,Bursins,46.95653303145651,7.522133128877773,high_potential
1184,5858,Luins,46.137992860388614,7.0319930482194515,good_potential
1185,5859,Mont-sur-Rolle,46.15324507591941,8.973575185552967,high_potential
1186,5856,Essertines-sur-Rolle,47.56245873374802,8.68372244710654,high_potential
1187,5436,Saint-Oyens,47.457541163817915,8.649020367768077,high_potential
1188,5428,Gimel,46.25052479191299,7.728011853745125,good_potential
1189,5437,Saubraz,46.794987520990226,7.573213941584716,good_potential
1195,5855,Dully,47.10876909712999,7.3912421588605115,moderate_potential
1196,5721,Gland,46.86538679378161,7.8091959741728045,moderate_potential
1197,5725,Prangins,47.472163224049,7.5082678950937805,moderate_potential
1201,6621,Genève,46.80414647154244,7.159703819564703,moderate_potential
1202,6621,Genève,46.80414647154244,7.159703819564703,moderate_potential
1203,6621,Genève,46.80414647154244,7.159703819564703,moderate_potential
1204,6621,Genève,46.80414647154244,7.159703819564703,moderate_potential
1205,6621,Genève,46.80414647154244,7.159703819564703,moderate_potential
1206,6621,Genève,46.80414647154244,7.159703819564703,moderate_potential
1207,6621,Genève,46.80414647154244,7.159703819564703,moderate_potential
1208,6621,Genève,46.80414647154244,7.159703819564703,moderate_potential
1209,6621,Genève,46.80414647154244,7.159703819564703,moderate_potential
1212,6628,Lancy,47.0961383018784,7.450385407685474,moderate_potential
1213,6631,Onex,47.41089680209442,7.747985352115875,good_potential
1214,6643,Vernier,47.13234823948066,7.326957260368941,moderate_potential
1215,6623,Le Grand-Saconnex,46.29058529201071,7.0974573151264275,moderate_potential
1216,6630,Meyrin,46.83187981444719,6.5924595879694055,moderate_potential
1217,6630,Meyrin,46.83187981444719,6.5924595879694055,moderate_potential
1218,6623,Le Grand-Saconnex,46.29058529201071,7.0974573151264275,moderate_potential
1219,6643,Vernier,47.13234823948066,7.326957260368941,moderate_potential
1220,6643,Vernier,47.13234823948066,7.326957260368941,moderate_potential
1222,6616,Collonge-Bellerive,47.635885094310936,8.871799800585354,good_potential
1223,6617,Cologny,47.430992716843456,8.39787374362782,moderate_potential
1224,6612,Chêne-Bougeries,47.34022187983723,7.51599341960251,moderate_potential
1225,6613,Chêne-Bourg,47.66059083418929,8.753627150632187,good_potential
1226,6640,Thônex,46.71532057811001,6.695038260903403,moderate_potential
1227,6608,Carouge (GE),46.28790727835111,6.156404872717693,good_potential
1228,6633,Plan-les-Ouates,46.84625781444248,6.596428878748052,good_potential
1231,6612,Chêne-Bougeries,47.34022187983723,7.51599341960251,moderate_potential
1232,6618,Confignon,46.84645580273502,7.5420723642739,good_potential
1233,6607,Bernex,47.33373720311479,9.161441963066334,high_potential
1234,6645,Veyrier,47.42462321067321,9.612518114653838,moderate_potential
1236,6609,Cartigny,46.60141021355142,6.608542375171302,good_potential
1237,6603,Avully,47.54508384596122,7.913486028347578,good_potential
1239,6615,Collex-Bossy,46.911184085179315,7.215948935746059,moderate_potential
1241,6636,Puplinge,46.210838449486594,6.232174447217223,high_potential
1242,6638,Satigny,47.49394843559872,8.186746644097997,high_potential
1243,6635,Presinge,47.65941118643364,9.057367249816766,high_potential
1244,6614,Choulex,47.449785968108884,8.134504610276457,high_potential
1245,6616,Collonge-Bellerive,47.635885094310936,8.871799800585354,good_potential
1246,6619,Corsier (GE),46.60754809221458,7.0461415805438925,good_potential
1247,6602,Anières,47.283072879457094,8.03867066054626,good_potential
1248,6625,Hermance,47.29104525299011,7.472741700038291,moderate_potential
1251,6624,Gy,46.56986407506739,6.955740809839494,high_potential
1252,6629,Meinier,47.08483446844813,7.568645158034137,high_potential
1253,6642,Vandoeuvres,47.389745153966274,7.54468671215062,good_potential
1254,6626,Jussy,47.03718845072158,7.453331003092653,high_potential
1255,6645,Veyrier,47.42462321067321,9.612518114653838,moderate_potential
1256,6641,Troinex,46.64603168023668,7.866032899578219,good_potential
1257,6605,Bardonnex,46.798931678189085,6.736736953971101,high_potential
1258,6632,Perly-Certoux,46.49817281207892,6.692488509239327,high_potential
1260,5724,Nyon,46.86460523731748,6.6341502594552475,moderate_potential
1261,5430,Marchissy,47.36951985861718,8.635599626465448,moderate_potential
1262,5716,Eysins,46.88226650156073,6.718408890307359,moderate_potential
1263,5714,Crassier,47.72188692381858,8.525245924140561,moderate_potential
1264,5727,Saint-Cergue,47.052728632383875,7.187746165594192,moderate_potential
1265,5727,Saint-Cergue,47.052728632383875,7.187746165594192,moderate_potential
1266,5715,Duillier,46.36821270035252,8.235573620961677,moderate_potential
1267,5732,Vich,46.15731502805595,7.800467196998376,moderate_potential
1268,5704,Begnins,46.44473015566242,7.8646846883717,high_potential
1269,5703,Bassins,47.551517363325736,8.187705661789497,good_potential
1270,5730,Trélex,47.349231764221784,7.97547426227256,moderate_potential
1271,5720,Givrins,47.02305947977293,7.606524210842905,moderate_potential
1272,5718,Genolier,47.14701583991546,7.6149469204861395,moderate_potential
1273,5702,Arzier-Le Muids,46.985990778189205,8.280256039617539,moderate_potential
1274,5728,Signy-Avenex,46.321502813986996,8.058860266982716,moderate_potential
1275,5709,Chéserex,46.827120469848445,7.610953976753622,moderate_potential
1276,5719,Gingins,47.31211049935786,7.592772907522228,moderate_potential
1277,5706,Borex,46.733994042008575,6.510765015159988,moderate_potential
1278,5726,La Rippe,46.75803916420853,6.473757128414995,moderate_potential
1279,5707,Chavannes-de-Bogis,47.283622831708016,7.42801015571478,moderate_potential
1281,6637,Russin,46.68595763257758,9.401879446068897,good_potential
1283,6620,Dardagny,47.33769455746111,8.87218033071193,high_potential
1284,6611,Chancy,46.711302795244144,6.880108065631564,high_potential
1285,6604,Avusy,47.147890383837385,8.39509249335096,high_potential
1286,6639,Soral,47.18606112491606,7.6839527297001045,high_potential
1287,6627,Laconnex,46.67134721126133,7.043687134107784,high_potential
1288,6601,Aire-la-Ville,46.65839147922983,7.050675481111207,high_potential
1290,5708,Chavannes-des-Bois,47.221328159408955,7.183764226077478,moderate_potential
1291,5711,Commugny,47.141831259298,7.30312018247846,moderate_potential
1292,6634,Pregny-Chambésy,47.11717329307367,7.2851110412469025,moderate_potential
1293,6606,Bellevue,46.316156157757476,7.888906378283866,moderate_potential
1294,6622,Genthod,46.71486151306708,7.80457833830697,moderate_potential
1295,5723,Mies,46.465060852078885,7.061918688146268,moderate_potential
1296,5712,Coppet,46.800471480502615,6.6037162276788,moderate_potential
1297,5717,Founex,47.476587068884356,7.624289204069482,moderate_potential
1298,6610,Céligny,47.115149872335394,8.452719108419945,moderate_potential
1299,5713,Crans (VD),47.39157616209524,8.349376212180703,moderate_potential
1302,5503,Vufflens-la-Ville,46.11024501152342,6.959938209142641,high_potential
1303,5496,Penthaz,47.264456175411986,8.066124428410811,high_potential
1304,5477,Cossonay,47.43546031715044,9.331972145961503,good_potential
1305,5495,Penthalaz,47.3807432903917,9.42666223701127,good_potential
1306,5480,Daillens,46.88491512885096,6.953283215744586,high_potential
1307,5487,Lussery-Villars,47.14367766188392,7.648317985603855,high_potential
1308,5474,La Chaux (Cossonay),47.31169170855997,8.192246238163225,high_potential
1312,5482,Eclépens,46.53303074086894,8.370715197623367,high_potential
1313,5483,Ferreyres,47.520378777115646,7.810137265344476,high_potential
1315,5498,La Sarraz,47.19144786185319,7.980136390353488,high_potential
1316,5476,Chevilly,46.748247805260505,6.535348997198756,high_potential
1317,5493,Orny,46.67387662602361,9.440577361497128,high_potential
1318,5497,Pompaples,46.68281864815616,6.6065432478213575,high_potential
1321,5743,Arnex-sur-Orbe,46.64563543878679,7.079065535996825,high_potential
1322,5752,Croy,47.316978615977455,8.42228999113475,high_potential
1323,5761,Romainmôtier-Envy,46.143012045998006,7.238076453403522,high_potential
1324,5759,Premier,47.25470157610682,7.927493637018249,high_potential
1325,5765,Vaulion,47.579448746175835,7.651169810224245,high_potential
1326,5754,Juriens,47.10430786808808,7.608586468650061,high_potential
1329,5748,Bretonnières,47.537457991148905,7.964204806189861,high_potential
1337,5764,Vallorbe,46.52817168579118,6.5762460552834945,high_potential
1338,5744,Ballaigues,46.22389405358659,8.765993479338956,good_potential
1341,5872,Le Chenit,45.84282077433898,8.978498240730364,moderate_potential
1342,5871,L'Abbaye,46.98310629988222,7.513642952088427,good_potential
1343,5873,Le Lieu,46.251712010724695,6.270087534833032,moderate_potential
1344,5871,L'Abbaye,46.98310629988222,7.513642952088427,good_potential
1345,5873,Le Lieu,46.251712010724695,6.270087534833032,moderate_potential
1346,5871,L'Abbaye,46.98310629988222,7.513642952088427,good_potential
1347,5872,Le Chenit,45.84282077433898,8.978498240730364,moderate_potential
1348,5872,Le Chenit,45.84282077433898,8.978498240730364,moderate_potential
1350,5757,Orbe,46.70261985467127,7.111692934549037,high_potential
1352,5742,Agiez,47.666657166367244,9.027471748646223,high_potential
1353,5747,Bofflens,46.634842525673434,6.602135099870986,high_potential
1354,5756,Montcherand,46.49862150788429,7.033913026658777,good_potential
1355,5741,L'Abergement,46.335947197274244,6.849293473612188,high_potential
1356,5750,Les Clées,47.47434365259663,9.050550432407046,good_potential
1357,5755,Lignerolle,46.475377384874974,6.336413948515715,good_potential
1358,5763,Valeyres-sous-Rances,46.819478583571964,7.565812543613062,high_potential
1372,5746,Bavois,46.64669406537806,6.572953410018045,high_potential
1373,5749,Chavornay,46.3202634552026,8.483954413970089,high_potential
1374,5749,Chavornay,46.3202634552026,8.483954413970089,high_potential
1375,5531,Penthéréaz,47.580016142227784,8.207897671860314,high_potential
1376,5541,Goumoëns,46.97808443344747,7.4354689364990705,high_potential
1377,5529,Oulens-sous-Echallens,46.3525281542258,7.011119016926116,high_potential
1400,5938,Yverdon-les-Bains,46.25145353882664,9.19014335176197,good_potential
1404,5911,Cuarny,46.30931002590123,7.311463707731207,high_potential
1405,5926,Pomy,46.91677148230146,7.521046231134791,good_potential
1406,5910,Cronay,46.592313630311025,6.627058857102599,high_potential
1407,5913,Donneloye,46.35996182562946,6.219609785688052,high_potential
1408,5913,Donneloye,46.35996182562946,6.219609785688052,high_potential
1409,5693,Montanaire,47.00074636155037,9.337455622700967,high_potential
1410,5693,Montanaire,47.00074636155037,9.337455622700967,high_potential
1412,5934,Valeyres-sous-Ursins,47.429024567960646,7.702690177358319,high_potential
1413,5925,Orzens,46.47881456218159,6.372755860242881,good_potential
1415,5921,Molondin,47.48602964084427,8.558431308627846,good_potential
1416,5530,Pailly,47.166195733334874,8.872337080813418,high_potential
1417,5520,Essertines-sur-Yverdon,46.30029090903739,7.898078145347676,good_potential
1418,5539,Vuarrens,47.41013264607121,7.49015449341592,high_potential
1420,5556,Fiez,46.61267140493146,6.50343572265166,high_potential
1421,5557,Fontaines-sur-Grandson,47.103985882493184,8.202200914985108,high_potential
1422,5561,Grandson,47.66980231501527,8.42617431078777,good_potential
1423,5571,Tévenon,47.43093769185814,8.17067149486909,high_potential
1424,5553,Champagne,46.44780989447242,9.201498314830618,good_potential
1425,5565,Onnens (VD),47.07829271712298,8.33155887633856,good_potential
1426,5554,Concise,47.38728332791883,8.749965477327631,high_potential
1427,5551,Bonvillars,47.108207355599845,6.771346548095652,high_potential
1428,5566,Provence,47.084221181906685,7.211908002578163,high_potential
1429,5559,Giez,46.59953548065107,6.920264434258536,high_potential
1430,5924,Orges,46.825239043171145,6.785483310872097,high_potential
1431,5937,Vugelles-La Mothe,47.1972245397861,9.308885911550913,good_potential
1432,5902,Belmont-sur-Yverdon,46.36874964750612,6.858111903724839,high_potential
1433,5929,Suchy,47.49607575239924,7.827135045982084,high_potential
1434,5914,Ependes (VD),47.135699057753314,7.926273702075769,high_potential
1435,5749,Chavornay,46.3202634552026,8.483954413970089,high_potential
1436,5931,Treycovagnes,47.177098053036765,7.856189704517319,good_potential
1437,5930,Suscévaz,47.27633090383402,7.753308247295047,good_potential
1438,5919,Mathod,47.49566072644511,9.215837600630023,moderate_potential
1439,5760,Rances,47.52985297542331,7.93700931827251,moderate_potential
1441,5933,Valeyres-sous-Montagny,47.422302766998826,7.334262426390033,high_potential
1442,5922,Montagny-près-Yverdon,47.06740497715774,8.581141892477962,high_potential
1443,5905,Champvent,47.587603740293304,9.3130016272543,moderate_potential
1445,5766,Vuiteboeuf,47.2083408865349,7.530051143616258,good_potential
1446,5745,Baulmes,46.88831905828047,8.64100271346806,high_potential
1450,5568,Sainte-Croix,47.2780793437931,7.319026786096635,high_potential
1452,5552,Bullet,46.21801355481518,6.260189705852232,high_potential
1453,5552,Bullet,46.21801355481518,6.260189705852232,high_potential
1454,5568,Sainte-Croix,47.2780793437931,7.319026786096635,high_potential
1462,5939,Yvonand,46.178777287110925,8.843786259012614,good_potential
1463,5928,Rovray,46.366433503388045,9.022639497081625,moderate_potential
1464,5907,Chavannes-le-Chêne,46.63862295561799,6.973679243412265,moderate_potential
1468,2055,Cheyres-Châbles,46.992906512218475,7.03838359613678,moderate_potential
1470,2025,Lully (FR),46.9423964463476,8.405873396711298,moderate_potential
1473,2054,Estavayer,47.591893490911524,8.49844825388086,moderate_potential
1474,2055,Cheyres-Châbles,46.992906512218475,7.03838359613678,moderate_potential
1475,2054,Estavayer,47.591893490911524,8.49844825388086,moderate_potential
1482,2011,Cugy (FR),46.78317235972576,6.6990963884144,moderate_potential
1483,2050,Les Montets,47.68824930833814,8.841062476904034,moderate_potential
1484,2050,Les Montets,47.68824930833814,8.841062476904034,moderate_potential
1485,2035,Nuvilly,46.47154541511283,6.265277985244192,moderate_potential
1486,2054,Estavayer,47.591893490911524,8.49844825388086,moderate_potential
1489,2054,Estavayer,47.591893490911524,8.49844825388086,moderate_potential
1509,5692,Vucherens,46.79827009300011,9.275553007248506,high_potential
1510,5688,Syens,46.96068708379102,7.627349754026094,high_potential
1512,5665,Chavannes-sur-Moudon,47.525199207117524,8.956928002133862,high_potential
1513,5684,Rossenges,47.225432312153814,8.23443887930248,high_potential
1514,5663,Bussy-sur-Moudon,46.30721411035648,6.1810798488233525,high_potential
1515,5690,Villars-le-Comte,47.33728332046371,8.469943885476317,high_potential
1521,5669,Curtilles,46.40656397006109,9.77057201031978,high_potential
1522,5675,Lucens,47.4421049899552,9.181208886183903,high_potential
1523,5831,Valbroye,47.20575656663414,7.563548427043375,good_potential
1524,5831,Valbroye,47.20575656663414,7.563548427043375,good_potential
1525,5819,Henniez,47.46665257595963,9.379566264275773,moderate_potential
1526,5675,Lucens,47.4421049899552,9.181208886183903,high_potential
1527,2044,Surpierre,47.23617484626317,7.69528944875138,good_potential
1528,2044,Surpierre,47.23617484626317,7.69528944875138,good_potential
1529,2044,Surpierre,47.23617484626317,7.69528944875138,good_potential
1530,5822,Payerne,47.36985166987091,7.924714907568941,moderate_potential
1532,2056,Fétigny-Ménières,46.80795823545686,7.2626371527198605,moderate_potential
1533,2056,Fétigny-Ménières,46.80795823545686,7.2626371527198605,moderate_potential
1534,2044,Surpierre,47.23617484626317,7.69528944875138,good_potential
1535,5831,Valbroye,47.20575656663414,7.563548427043375,good_potential
1536,5831,Valbroye,47.20575656663414,7.563548427043375,good_potential
1537,5812,Champtauroz,46.17425626335563,6.089019860859096,moderate_potential
1538,5828,Treytorrens (Payerne),46.61477847172952,6.986343503616737,moderate_potential
1541,2054,Estavayer,47.591893490911524,8.49844825388086,moderate_potential
1542,2054,Estavayer,47.591893490911524,8.49844825388086,moderate_potential
1543,5817,Grandcour,46.86274563145002,8.394542130596198,moderate_potential
1544,2022,Gletterens,46.34967599855296,8.078554663393781,moderate_potential
1545,5813,Chevroux,47.50882258850356,8.40594014405919,moderate_potential
1551,5822,Payerne,47.36985166987091,7.924714907568941,moderate_potential
1552,5827,Trey,46.994228148566314,7.452431231444195,moderate_potential
1553,2068,Châtonnaye,47.2566598539016,7.592308284767421,good_potential
1554,5830,Villarzel,46.63844182289899,6.635317227900012,good_potential
1555,5830,Villarzel,46.63844182289899,6.635317227900012,good_potential
1562,5816,Corcelles-près-Payerne,46.78781324840785,7.811775200535761,moderate_potential
1563,2053,Belmont-Broye,47.01585109108398,6.669284762128876,moderate_potential
1564,2053,Belmont-Broye,47.01585109108398,6.669284762128876,moderate_potential
1565,5821,Missy,47.00718745865415,7.366306809338832,moderate_potential
1566,2041,Saint-Aubin (FR),46.67679251982623,6.52129700408273,moderate_potential
1567,2051,Delley-Portalban,46.030755261150716,6.999053016962424,moderate_potential
1568,2051,Delley-Portalban,46.030755261150716,6.999053016962424,moderate_potential
1580,5451,Avenches,46.763350129123694,7.245926867032668,moderate_potential
1583,2254,Courtepin,47.22456447912196,8.94197272386482,good_potential
1584,5464,Vully-les-Lacs,46.99792386880342,7.208172866793075,moderate_potential
1585,5464,Vully-les-Lacs,46.99792386880342,7.208172866793075,moderate_potential
1586,5464,Vully-les-Lacs,46.99792386880342,7.208172866793075,moderate_potential
1587,5464,Vully-les-Lacs,46.99792386880342,7.208172866793075,moderate_potential
1588,5456,Cudrefin,46.271013533754875,7.663264228240303,moderate_potential
1589,5464,Vully-les-Lacs,46.99792386880342,7.208172866793075,moderate_potential
1595,5458,Faoug,47.58863292041001,8.250696835994155,moderate_potential
1607,5805,Oron,46.641958055401545,7.779549799366336,high_potential
1608,5805,Oron,46.641958055401545,7.779549799366336,high_potential
1609,2335,Saint-Martin (FR),47.03185066609621,7.814689069449476,high_potential
1610,5805,Oron,46.641958055401545,7.779549799366336,high_potential
1611,2338,La Verrerie,47.49310246454757,8.498783006856172,high_potential
1612,5805,Oron,46.641958055401545,7.779549799366336,high_potential
1613,5790,Maracon,46.842870072173504,6.689878782113095,high_potential
1614,2328,Granges (Veveyse),47.461833507210216,9.21508579822277,high_potential
1615,2323,Bossonnens,46.9363468506095,9.570800203884403,high_potential
1616,2321,Attalens,47.537167480495846,8.131689068743054,good_potential
1617,2333,Remaufens,46.23847779436869,9.06794017693408,good_potential
1618,2325,Châtel-Saint-Denis,47.45231150785077,7.436812859175538,high_potential
1619,2325,Châtel-Saint-Denis,47.45231150785077,7.436812859175538,high_potential
1623,2336,Semsales,46.05401911894064,7.966844870280004,high_potential
1624,2338,La Verrerie,47.49310246454757,8.498783006856172,high_potential
1625,2152,Sâles,47.19929611543949,8.448428267949685,high_potential
1626,2152,Sâles,47.19929611543949,8.448428267949685,high_potential
1627,2155,Vaulruz,47.3517118365434,8.19026947263243,high_potential
1628,2160,Vuadens,47.31664672147106,8.466265257131758,high_potential
1630,2125,Bulle,47.49741838843518,7.591226310671696,good_potential
1632,2148,Riaz,46.30989779215624,8.54390885526045,high_potential
1633,2140,Marsens,46.13622083839166,7.18438386611479,good_potential
1634,2149,La Roche,47.1574959657076,7.799638779837438,high_potential
1635,2125,Bulle,47.49741838843518,7.591226310671696,good_potential
1636,2124,Broc,46.54509744086624,6.481710175893883,moderate_potential
1637,2163,Val-de-Charmey,47.3736700746639,8.13913638682297,high_potential
1638,2143,Morlon,47.160637926390706,7.636931443237461,moderate_potential
1642,2153,Sorens,47.470670231443854,8.827090335459001,high_potential
1643,2122,Pont-en-Ogoz,46.953081220266824,6.807736721793745,high_potential
1644,2122,Pont-en-Ogoz,46.953081220266824,6.807736721793745,high_potential
1645,2122,Pont-en-Ogoz,46.953081220266824,6.807736721793745,high_potential
1646,2131,Echarlens,46.734884774546636,6.410395068396601,moderate_potential
1647,2129,Corbières,46.690448824597155,6.809634890520322,good_potential
1648,2137,Hauteville,47.44508490684389,7.798560339389695,high_potential
1649,2147,Pont-la-Ville,46.34027245598655,8.136969402996055,good_potential
1651,2129,Corbières,46.690448824597155,6.809634890520322,good_potential
1652,2123,Botterens,46.863382129993134,7.632466018984557,moderate_potential
1653,2130,Crésuz,46.4843342288686,6.780073187658832,good_potential
1654,2163,Val-de-Charmey,47.3736700746639,8.13913638682297,high_potential
1656,2138,Jaun,47.00396108482424,6.695393967872044,moderate_potential
1657,843,Saanen,47.36928262256528,9.471228090046523,high_potential
1658,5842,Rossinière,47.12605602597013,7.348710536393752,moderate_potential
1659,5843,Rougemont,46.73133120261872,6.802583971010938,high_potential
1660,5841,Château-d'Oex,46.812710928150544,7.125524586750409,good_potential
1661,2145,Le Pâquier (FR),46.695207056507044,7.841260101556102,good_potential
1663,2135,Gruyères,47.3931534058247,7.255301009738266,high_potential
1665,2162,Bas-Intyamon,47.31757739805722,8.067145090290143,high_potential
1666,2134,Grandvillard,46.462565084655154,9.786092862968886,moderate_potential
1667,2162,Bas-Intyamon,47.31757739805722,8.067145090290143,high_potential
1669,2121,Haut-Intyamon,46.4411383022585,9.957626726674038,good_potential
1670,2102,Ursy,47.47595824084733,8.184016079997974,high_potential
1673,2097,Rue,47.440342749831686,7.96721734948977,high_potential
1674,2102,Ursy,47.47595824084733,8.184016079997974,high_potential
1675,2102,Ursy,47.47595824084733,8.184016079997974,high_potential
1676,2099,Siviriez,47.28180894084994,7.92267761107826,high_potential
1677,2099,Siviriez,47.28180894084994,7.92267761107826,high_potential
1678,2099,Siviriez,47.28180894084994,7.92267761107826,high_potential
1679,2099,Siviriez,47.28180894084994,7.92267761107826,high_potential
1680,2087,Mézières (FR),45.999791997454246,8.93549827121399,high_potential
1681,2063,Billens-Hennens,47.05775432312205,8.714239453628986,high_potential
1682,5683,Prévonloup,46.85816495424538,7.084910705209325,high_potential
1683,5675,Lucens,47.4421049899552,9.181208886183903,high_potential
1684,2087,Mézières (FR),45.999791997454246,8.93549827121399,high_potential
1685,2113,Vuisternens-devant-Romont,47.793385216632764,8.591945980506512,high_potential
1686,2079,Grangettes,46.91733253632595,8.364967558126313,high_potential
1687,2113,Vuisternens-devant-Romont,47.793385216632764,8.591945980506512,high_potential
1688,2113,Vuisternens-devant-Romont,47.793385216632764,8.591945980506512,high_potential
1689,2067,Le Châtelard,47.45242679759975,8.238462876436367,high_potential
1690,2117,Villaz,47.39791919776911,7.616382469753476,high_potential
1691,2117,Villaz,47.39791919776911,7.616382469753476,high_potential
1692,2086,Massonnens,47.28514916518225,8.003084770290384,high_potential
1694,2114,Villorsonnens,46.14818209568578,6.94824981872152,good_potential
1695,2236,Gibloux,47.336631087293405,8.941272806909057,high_potential
1696,2236,Gibloux,47.336631087293405,8.941272806909057,high_potential
1697,2113,Vuisternens-devant-Romont,47.793385216632764,8.591945980506512,high_potential
1699,2337,Le Flon,47.14740038093748,8.2318547440342,high_potential
1700,2196,Fribourg,46.1966182378832,8.814824730617314,moderate_potential
1712,2306,Tafers,47.42512330229373,8.320540413192013,good_potential
1713,2306,Tafers,47.42512330229373,8.320540413192013,good_potential
1714,2296,Heitenried,46.94317254078891,7.2247141205719245,high_potential
1715,2306,Tafers,47.42512330229373,8.320540413192013,good_potential
1716,2299,Plaffeien,45.854006745206725,8.986020964295955,high_potential
1717,2304,St. Ursen,47.11422807989568,8.092252352155905,moderate_potential
1718,2301,Rechthalten,47.423961378081025,8.615316818222553,moderate_potential
1719,2299,Plaffeien,45.854006745206725,8.986020964295955,high_potential
1720,2183,Corminboeuf,46.8834885100788,7.041281020490011,moderate_potential
1721,2272,Misery-Courtion,47.417899392669675,8.367385487097764,moderate_potential
1722,2196,Fribourg,46.1966182378832,8.814824730617314,moderate_potential
1723,2206,Marly,47.239753512937945,7.359206086436866,moderate_potential
1724,2194,Ferpicloz,46.1629836847389,8.099097513585042,good_potential
1725,2233,Hauterive (FR),46.73177245406179,7.187484708514589,moderate_potential
1726,2236,Gibloux,47.336631087293405,8.941272806909057,high_potential
1727,2236,Gibloux,47.336631087293405,8.941272806909057,high_potential
1728,2236,Gibloux,47.336631087293405,8.941272806909057,high_potential
1730,2233,Hauterive (FR),46.73177245406179,7.187484708514589,moderate_potential
1731,2238,Bois-d'Amont,46.545225426728905,8.928427159403643,good_potential
1732,2238,Bois-d'Amont,46.545225426728905,8.928427159403643,good_potential
1733,2226,Treyvaux,47.05145713024643,7.907779335808824,high_potential
1734,2307,Tentlingen,47.03250766804034,7.195970845369099,moderate_potential
1735,2294,Giffers,47.25425499661623,7.113908226057921,moderate_potential
1736,2303,St. Silvester,47.25619061640229,7.805290210058568,good_potential
1737,2300,Plasselb,46.60603605602229,7.266030188494151,good_potential
1738,852,Guggisberg,47.5857869600804,8.14573551447172,high_potential
1740,2211,Neyruz (FR),47.07555311439072,8.91717018801763,moderate_potential
1741,2186,Cottens (FR),46.15069212015479,7.6107422689488935,good_potential
1742,2173,Autigny,47.40195873671524,7.714832129615305,good_potential
1744,2177,Chénens,46.48361642707117,6.312485837760806,high_potential
1745,2234,La Brillaz,47.563317697645545,7.854039808710591,moderate_potential
1746,2237,Prez,46.09509323857061,9.025997353363172,good_potential
1747,2237,Prez,46.09509323857061,9.025997353363172,good_potential
1748,2115,Torny,47.11258344983002,7.302796220087003,moderate_potential
1749,2115,Torny,47.11258344983002,7.302796220087003,moderate_potential
1752,2228,Villars-sur-Glâne,47.12450528719148,7.643670625699271,moderate_potential
1753,2208,Matran,46.927070273311166,9.077777346038253,moderate_potential
1754,2174,Avry,46.94399981086355,6.847872582579937,moderate_potential
1756,2234,La Brillaz,47.563317697645545,7.854039808710591,moderate_potential
1757,2237,Prez,46.09509323857061,9.025997353363172,good_potential
1762,2197,Givisiez,47.63488126126108,8.989227753571555,moderate_potential
1763,2198,Granges-Paccot,46.277626354883026,8.492409119226823,moderate_potential
1772,2239,Grolley-Ponthaux,46.20017118473892,7.155921966735373,moderate_potential
1773,2053,Belmont-Broye,47.01585109108398,6.669284762128876,moderate_potential
1774,2029,Montagny (FR),47.376611957998676,7.739458675924327,moderate_potential
1775,2029,Montagny (FR),47.376611957998676,7.739458675924327,moderate_potential
1776,2029,Montagny (FR),47.376611957998676,7.739458675924327,moderate_potential
1782,2175,Belfaux,47.2179590430286,7.620711847451881,moderate_potential
1783,2254,Courtepin,47.22456447912196,8.94197272386482,good_potential
1784,2254,Courtepin,47.22456447912196,8.94197272386482,good_potential
1785,2257,Cressier (FR),47.416460008532894,8.186075663337283,good_potential
1786,2284,Mont-Vully,47.54979410775151,9.354285256386396,moderate_potential
1787,2284,Mont-Vully,47.54979410775151,9.354285256386396,moderate_potential
1788,2284,Mont-Vully,47.54979410775151,9.354285256386396,moderate_potential
1789,2284,Mont-Vully,47.54979410775151,9.354285256386396,moderate_potential
1791,2254,Courtepin,47.22456447912196,8.94197272386482,good_potential
1792,2262,Gurmels,47.034714580467714,7.059856171835094,good_potential
1793,2275,Murten,47.41322865936552,8.645966777205487,high_potential
1794,2275,Murten,47.41322865936552,8.645966777205487,high_potential
1795,2275,Murten,47.41322865936552,8.645966777205487,high_potential
1796,2250,Courgevaux,46.869463017296034,7.3264011233176145,moderate_potential
1797,669,Münchenwiler,46.14953942699141,6.008849313924029,high_potential
1800,5890,Vevey,46.891584999764255,7.650285283850129,good_potential
1801,5882,Chardonne,45.923500699220554,8.938506267026929,high_potential
1802,5883,Corseaux,47.39374874594789,8.087935934602795,good_potential
1803,5882,Chardonne,45.923500699220554,8.938506267026929,high_potential
1804,5884,Corsier-sur-Vevey,47.05580386171143,8.432231834152132,high_potential
1805,5885,Jongny,47.43919949933209,8.093394024937737,good_potential
1806,5892,Blonay - Saint-Légier,45.849658034116935,9.021482954091724,high_potential
1807,5892,Blonay - Saint-Légier,45.849658034116935,9.021482954091724,high_potential
1808,5884,Corsier-sur-Vevey,47.05580386171143,8.432231834152132,high_potential
1809,5884,Corsier-sur-Vevey,47.05580386171143,8.432231834152132,high_potential
1814,5889,La Tour-de-Peilz,46.39263595501387,6.204126287577984,moderate_potential
1815,5886,Montreux,46.13349766900935,9.014374505443419,good_potential
1816,5886,Montreux,46.13349766900935,9.014374505443419,good_potential
1817,5886,Montreux,46.13349766900935,9.014374505443419,good_potential
1820,5886,Montreux,46.13349766900935,9.014374505443419,good_potential
1822,5886,Montreux,46.13349766900935,9.014374505443419,good_potential
1823,5886,Montreux,46.13349766900935,9.014374505443419,good_potential
1824,5886,Montreux,46.13349766900935,9.014374505443419,good_potential
1832,5886,Montreux,46.13349766900935,9.014374505443419,good_potential
1833,5886,Montreux,46.13349766900935,9.014374505443419,good_potential
1844,5414,Villeneuve (VD),47.45476069193379,8.25650534788498,moderate_potential
1845,5408,Noville,47.226678479335725,7.22293942052073,moderate_potential
1846,5403,Chessel,46.74704027420149,6.44745230215719,moderate_potential
1847,5412,Rennaz,46.28083462152158,6.222559697828802,moderate_potential
1852,5413,Roche (VD),47.4493255096271,7.560964538726673,moderate_potential
1853,5415,Yvorne,47.453822931578756,9.454824383487543,moderate_potential
1854,5407,Leysin,46.864415553019874,9.399528413222587,moderate_potential
1856,5404,Corbeyrier,47.660405908386835,8.624665338965794,moderate_potential
1860,5401,Aigle,46.82734805259942,9.20852484501443,moderate_potential
1862,5410,Ormont-Dessous,47.35247987467059,7.997100997299912,high_potential
1863,5410,Ormont-Dessous,47.35247987467059,7.997100997299912,high_potential
1864,5411,Ormont-Dessus,46.65217772098529,6.886292414997671,good_potential
1865,5411,Ormont-Dessus,46.65217772098529,6.886292414997671,good_potential
1866,5410,Ormont-Dessous,47.35247987467059,7.997100997299912,high_potential
1867,5409,Ollon,45.99726002179956,8.916474999665189,high_potential
1868,6152,Collombey-Muraz,46.382327260695874,6.816963472077858,high_potential
1869,6215,Massongex,47.15281073324106,7.558199090975731,moderate_potential
1870,6153,Monthey,46.8111597945067,7.8834258227830905,high_potential
1871,6153,Monthey,46.8111597945067,7.8834258227830905,high_potential
1872,6156,Troistorrents,47.43748799009723,8.290760736749844,high_potential
1873,6157,Val-d'Illiez,47.60734143656041,9.261282695553723,high_potential
1874,6151,Champéry,46.379545304029435,7.071727032812247,good_potential
1875,6156,Troistorrents,47.43748799009723,8.290760736749844,high_potential
1880,5402,Bex,47.311330363534985,8.252741040128775,moderate_potential
1882,5405,Gryon,47.51849492564857,7.692720707832871,good_potential
1884,5409,Ollon,45.99726002179956,8.916474999665189,high_potential
1885,5409,Ollon,45.99726002179956,8.916474999665189,high_potential
1890,6217,Saint-Maurice,46.55852412139694,6.878999535830071,moderate_potential
1891,6220,Vérossaz,46.528103374758764,7.109503853017124,moderate_potential
1892,5406,Lavey-Morcles,46.784676650654156,6.833362076414316,moderate_potential
1893,6152,Collombey-Muraz,46.382327260695874,6.816963472077858,high_potential
1895,6158,Vionnaz,46.957979242871,9.559002707624174,good_potential
1896,6159,Vouvry,46.244232389116796,9.097894575430988,moderate_potential
1897,6154,Port-Valais,47.17473122759401,8.731443635674909,moderate_potential
1898,6155,Saint-Gingolph,47.431957616830125,7.880431750336191,moderate_potential
1899,6158,Vionnaz,46.957979242871,9.559002707624174,good_potential
1902,6213,Evionnaz,47.34536705426913,7.824558012700039,moderate_potential
1903,6211,Collonges,47.17337018969068,7.527841225954088,moderate_potential
1904,6219,Vernayaz,46.57748860956774,6.559212552909939,moderate_potential
1905,6212,Dorénaz,46.11049992467581,7.094048953229345,moderate_potential
1906,6136,Martigny,46.18090388377482,8.818232537852195,good_potential
1907,6141,Saxon,47.45017078730831,7.768237574521748,high_potential
1908,6139,Riddes,47.1647288126313,7.0469457762144625,good_potential
1911,6135,Leytron,47.52846300801923,8.42915831843163,moderate_potential
1912,6135,Leytron,47.52846300801923,8.42915831843163,moderate_potential
1913,6140,Saillon,47.595988345849975,8.471997267910414,moderate_potential
1914,6134,Isérables,47.39711936709933,7.580036732920981,good_potential
1918,6139,Riddes,47.1647288126313,7.0469457762144625,good_potential
1920,6136,Martigny,46.18090388377482,8.818232537852195,good_potential
1921,6137,Martigny-Combe,46.75117648440691,6.501018218981103,moderate_potential
1922,6218,Salvan,46.99600004163023,8.184342322572446,moderate_potential
1923,6218,Salvan,46.99600004163023,8.184342322572446,moderate_potential
1925,6214,Finhaut,47.39607470041044,7.650119636357564,moderate_potential
1926,6133,Fully,47.71008671522236,8.71705221888001,moderate_potential
1927,6037,Val de Bagnes,47.45326996959396,9.626000525094646,high_potential
1928,6137,Martigny-Combe,46.75117648440691,6.501018218981103,moderate_potential
1929,6142,Trient,46.53446129307241,9.614468098594672,moderate_potential
1932,6131,Bovernier,46.84259833347416,6.55689635700414,moderate_potential
1933,6035,Sembrancher,46.8929827459448,7.202412189235388,high_potential
1934,6037,Val de Bagnes,47.45326996959396,9.626000525094646,high_potential
1936,6037,Val de Bagnes,47.45326996959396,9.626000525094646,high_potential
1937,6034,Orsières,46.31640883813149,9.1119899553778545,high_potential
1938,6034,Orsières,46.31640883813149,9.1119899553778545,high_potential
1941,6037,Val de Bagnes,47.45326996959396,9.626000525094646,high_potential
1942,6037,Val de Bagnes,47.45326996959396,9.626000525094646,high_potential
1943,6034,Orsières,46.31640883813149,9.1119899553778545,high_potential
1944,6034,Orsières,46.31640883813149,9.1119899553778545,high_potential
1945,6033,Liddes,47.0222364978578,9.659899582900893,moderate_potential
1946,6032,Bourg-Saint-Pierre,46.608936961566826,6.564021738734232,moderate_potential
1947,6037,Val de Bagnes,47.45326996959396,9.626000525094646,high_potential
1948,6037,Val de Bagnes,47.45326996959396,9.626000525094646,high_potential
1950,6266,Sion,47.50098629521003,7.697051751968979,moderate_potential
1955,6022,Chamoson,47.18748103617538,8.314201009775205,moderate_potential
1957,6021,Ardon,46.42013325042716,6.310030879616557,moderate_potential
1958,6246,Saint-Léonard,46.237120296868646,6.279118015262347,moderate_potential
1961,6090,Mont-Noble,46.6997247995459,6.67352236747816,moderate_potential
1962,6266,Sion,47.50098629521003,7.697051751968979,moderate_potential
1963,6025,Vétroz,47.44713732155613,8.529387099267142,moderate_potential
1964,6023,Conthey,47.21259783024578,9.557083157371467,moderate_potential
1965,6265,Savièse,46.263597152770686,6.1617874115669045,moderate_potential
1966,6082,Ayent,47.23421729571031,7.60222724375238,moderate_potential
1967,6266,Sion,47.50098629521003,7.697051751968979,moderate_potential
1968,6090,Mont-Noble,46.6997247995459,6.67352236747816,moderate_potential
1969,6087,Saint-Martin (VS),47.36834906473354,8.0427130649501,moderate_potential
1971,6263,Grimisuat,47.31444895105896,7.700341277890186,moderate_potential
1972,6082,Ayent,47.23421729571031,7.60222724375238,moderate_potential
1973,6090,Mont-Noble,46.6997247995459,6.67352236747816,moderate_potential
1974,6261,Arbaz,47.496744729861454,8.734190065921661,moderate_potential
1975,6023,Conthey,47.21259783024578,9.557083157371467,moderate_potential
1976,6023,Conthey,47.21259783024578,9.557083157371467,moderate_potential
1977,6239,Icogne,45.92939502765761,8.992745750763463,moderate_potential
1978,6240,Lens,47.497502078767724,7.559094281841329,moderate_potential
1981,6089,Vex,46.70013020724261,6.918143331933878,good_potential
1982,6084,Hérémence,47.13725079463639,7.341680127226204,high_potential
1983,6083,Evolène,47.24646148915779,8.733756908073788,moderate_potential
1984,6083,Evolène,47.24646148915779,8.733756908073788,moderate_potential
1985,6083,Evolène,47.24646148915779,8.733756908073788,moderate_potential
1986,6083,Evolène,47.24646148915779,8.733756908073788,moderate_potential
1987,6084,Hérémence,47.13725079463639,7.341680127226204,high_potential
1988,6089,Vex,46.70013020724261,6.918143331933878,good_potential
1991,6266,Sion,47.50098629521003,7.697051751968979,moderate_potential
1992,6266,Sion,47.50098629521003,7.697051751968979,moderate_potential
1993,6024,Nendaz,46.72545931123012,7.970989392980388,high_potential
1994,6024,Nendaz,46.72545931123012,7.970989392980388,high_potential
1996,6024,Nendaz,46.72545931123012,7.970989392980388,high_potential
1997,6024,Nendaz,46.72545931123012,7.970989392980388,high_potential
2000,6458,Neuchâtel,47.66322101229501,8.47793453017741,high_potential
2012,6416,Milvignes,46.673470364183714,7.873954665165507,moderate_potential
2013,6416,Milvignes,46.673470364183714,7.873954665165507,moderate_potential
2014,6416,Milvignes,46.673470364183714,7.873954665165507,moderate_potential
2015,6404,Boudry,47.092910354821306,9.455275044008115,good_potential
2016,6408,Cortaillod,47.06695463412879,7.2465278273953,moderate_potential
2017,6404,Boudry,47.092910354821306,9.455275044008115,good_potential
2019,6413,Rochefort,47.40114914949379,8.787749997543852,high_potential
2022,6417,La Grande Béroche,47.1368746216539,7.473630710910857,high_potential
2023,6417,La Grande Béroche,47.1368746216539,7.473630710910857,high_potential
2024,6417,La Grande Béroche,47.1368746216539,7.473630710910857,high_potential
2025,6417,La Grande Béroche,47.1368746216539,7.473630710910857,high_potential
2027,6417,La Grande Béroche,47.1368746216539,7.473630710910857,high_potential
2028,6417,La Grande Béroche,47.1368746216539,7.473630710910857,high_potential
2034,6458,Neuchâtel,47.66322101229501,8.47793453017741,high_potential
2035,6458,Neuchâtel,47.66322101229501,8.47793453017741,high_potential
2036,6458,Neuchâtel,47.66322101229501,8.47793453017741,high_potential
2037,6413,Rochefort,47.40114914949379,8.787749997543852,high_potential
2042,6458,Neuchâtel,47.66322101229501,8.47793453017741,high_potential
2043,6487,Val-de-Ruz,46.18823245466882,8.863598166464321,high_potential
2046,6487,Val-de-Ruz,46.18823245466882,8.863598166464321,high_potential
2052,6487,Val-de-Ruz,46.18823245466882,8.863598166464321,high_potential
2053,6487,Val-de-Ruz,46.18823245466882,8.863598166464321,high_potential
2054,6487,Val-de-Ruz,46.18823245466882,8.863598166464321,high_potential
2056,6487,Val-de-Ruz,46.18823245466882,8.863598166464321,high_potential
2057,6487,Val-de-Ruz,46.18823245466882,8.863598166464321,high_potential
2058,6487,Val-de-Ruz,46.18823245466882,8.863598166464321,high_potential
2063,6487,Val-de-Ruz,46.18823245466882,8.863598166464321,high_potential
2065,6487,Val-de-Ruz,46.18823245466882,8.863598166464321,high_potential
2067,6458,Neuchâtel,47.66322101229501,8.47793453017741,high_potential
2068,6513,Laténa,47.50750580257659,8.502465678531305,high_potential
2072,6513,Laténa,47.50750580257659,8.502465678531305,high_potential
2073,6513,Laténa,47.50750580257659,8.502465678531305,high_potential
2074,6513,Laténa,47.50750580257659,8.502465678531305,high_potential
2075,6513,Laténa,47.50750580257659,8.502465678531305,high_potential
2087,6451,Cornaux,46.5187950075435,8.715462764333122,good_potential
2088,6452,Cressier (NE),46.836202448958026,7.119429298356755,good_potential
2103,6512,Val-de-Travers,46.725720217654896,9.541494429234469,high_potential
2105,6512,Val-de-Travers,46.725720217654896,9.541494429234469,high_potential
2108,6512,Val-de-Travers,46.725720217654896,9.541494429234469,high_potential
2112,6512,Val-de-Travers,46.725720217654896,9.541494429234469,high_potential
2113,6512,Val-de-Travers,46.725720217654896,9.541494429234469,high_potential
2114,6512,Val-de-Travers,46.725720217654896,9.541494429234469,high_potential
2115,6512,Val-de-Travers,46.725720217654896,9.541494429234469,high_potential
2116,6512,Val-de-Travers,46.725720217654896,9.541494429234469,high_potential
2117,6504,La Côte-aux-Fées,46.78116006767267,7.1807013411497875,high_potential
2123,6512,Val-de-Travers,46.725720217654896,9.541494429234469,high_potential
2124,6512,Val-de-Travers,46.725720217654896,9.541494429234469,high_potential
2126,6511,Les Verrières,46.19690194450671,7.391236357579509,high_potential
2127,6512,Val-de-Travers,46.725720217654896,9.541494429234469,high_potential
2149,6413,Rochefort,47.40114914949379,8.787749997543852,high_potential
2206,6487,Val-de-Ruz,46.18823245466882,8.863598166464321,high_potential
2207,6487,Val-de-Ruz,46.18823245466882,8.863598166464321,high_potential
2208,6487,Val-de-Ruz,46.18823245466882,8.863598166464321,high_potential
2300,6421,La Chaux-de-Fonds,47.313380384691065,7.938979345363536,high_potential
2314,6423,La Sagne,46.825414631571704,7.056113277385479,high_potential
2316,6437,Les Ponts-de-Martel,46.84852782647095,7.246296770974292,high_potential
2318,6433,Brot-Plamboz,47.65823982400525,8.990505753850279,high_potential
2322,6421,La Chaux-de-Fonds,47.313380384691065,7.938979345363536,high_potential
2325,6422,Les Planchettes,47.31279864268932,7.835311003158036,good_potential
2333,435,La Ferrière,46.03414824016311,8.933884467484145,high_potential
2336,6742,Les Bois,46.24239451746212,7.837018668010097,high_potential
2338,6753,Muriaux,45.9958390509608,8.880255972104798,high_potential
2340,6754,Le Noirmont,46.23576891138215,6.119188237522934,high_potential
2345,6743,Les Breuleux,47.428353686426675,9.088424986094674,high_potential
2350,6757,Saignelégier,46.62354157358668,6.688665610422913,good_potential
2353,6757,Saignelégier,46.62354157358668,6.688665610422913,good_potential
2354,6757,Saignelégier,46.62354157358668,6.688665610422913,good_potential
2360,6741,Le Bémont (JU),46.35048863205283,8.008209260505346,good_potential
2362,6751,Montfaucon,46.845304175288106,7.5794495884543744,high_potential
2363,6745,Les Enfers,47.53425321544926,8.726110348058974,high_potential
2364,6758,Saint-Brais,47.30465632114665,8.607150877136649,high_potential
2400,6436,Le Locle,47.35385463467325,8.383764978492978,high_potential
2405,6435,La Chaux-du-Milieu,46.786178615140145,9.39222639571238,high_potential
2406,6432,La Brévine,46.512015459691824,6.857451570135268,high_potential
2414,6434,Le Cerneux-Péquignot,46.446829825239796,9.530568489785995,high_potential
2416,6436,Le Locle,47.35385463467325,8.383764978492978,high_potential
2502,371,Biel/Bienne,47.52955739783839,8.20723319780489,high_potential
2503,371,Biel/Bienne,47.52955739783839,8.20723319780489,high_potential
2504,371,Biel/Bienne,47.52955739783839,8.20723319780489,high_potential
2505,371,Biel/Bienne,47.52955739783839,8.20723319780489,high_potential
2512,756,Twann-Tüscherz,46.36957630970814,6.9797549885791845,good_potential
2513,756,Twann-Tüscherz,46.36957630970814,6.9797549885791845,good_potential
2514,740,Ligerz,46.80521097058846,9.370991293671553,high_potential
2515,726,Plateau de Diesse,47.065101293521884,7.47705324240281,high_potential
2516,726,Plateau de Diesse,47.065101293521884,7.47705324240281,high_potential
2517,726,Plateau de Diesse,47.065101293521884,7.47705324240281,high_potential
2518,724,Nods,47.548086583478565,8.627417290603825,high_potential
2520,723,La Neuveville,46.91839344463618,7.678095498694302,high_potential
2523,6456,Lignières,46.67890850404248,6.718317980137405,high_potential
2525,6455,Le Landeron,46.52558221241337,6.826526592917067,high_potential
2532,372,Evilard,46.556595736457034,6.510587502685377,good_potential
2533,372,Evilard,46.556595736457034,6.510587502685377,good_potential
2534,438,Orvin,45.96808973205716,8.88045032815065,high_potential
2535,449,Sauge,47.47126922777405,9.10216794848321,high_potential
2536,449,Sauge,47.47126922777405,9.10216794848321,high_potential
2537,449,Sauge,47.47126922777405,9.10216794848321,high_potential
2538,442,Romont (BE),46.84860129230946,7.014171749427997,high_potential
2540,2546,Grenchen,46.857637687641564,7.461788991074683,high_potential
2542,392,Pieterlen,47.086165785313526,7.395388520062194,good_potential
2543,387,Lengnau (BE),47.09663246605098,7.5494579465299925,good_potential
2544,2543,Bettlach,47.004544595562,7.698022796866756,moderate_potential
2545,2556,Selzach,47.130731819851256,7.411441160750906,moderate_potential
2552,744,Orpund,46.428078685643925,6.249393748472143,moderate_potential
2553,746,Safnern,47.21204945187266,7.80693912775524,good_potential
2554,390,Meinisberg,47.461425222777464,8.185991094604644,moderate_potential
2555,733,Brügg,46.538502127366215,6.463897784013396,moderate_potential
2556,747,Scheuren,46.72664783119267,6.956188886668341,moderate_potential
2557,749,Studen (BE),46.17281514108579,8.804543474702335,moderate_potential
2558,731,Aegerten,46.87614561188071,6.973864249839983,moderate_potential
2560,743,Nidau,46.679794488966174,6.566510418426035,moderate_potential
2562,745,Port,45.97785607802021,7.188072194397907,moderate_potential
2563,739,Ipsach,46.608921595750104,6.446998429996315,moderate_potential
2564,732,Bellmund,47.20854740195636,7.418907879278286,moderate_potential
2565,738,Jens,46.876992193177045,7.285567916342282,moderate_potential
2572,750,Sutz-Lattrigen,47.49330614276614,8.957625080837394,good_potential
2575,751,Täuffelen,47.046111240303404,7.282911143222892,high_potential
2576,497,Lüscherz,46.602498015374735,10.36266187094389,high_potential
2577,499,Siselen,47.2882925624604,8.16197658314259,high_potential
2603,450,Péry-La Heutte,47.33071699457313,7.550743549166811,high_potential
2604,450,Péry-La Heutte,47.33071699457313,7.550743549166811,high_potential
2605,444,Sonceboz-Sombeval,47.3647159707436,7.281477334326904,good_potential
2606,431,Corgémont,46.56736664321168,6.56323813173933,high_potential
2607,433,Cortébert,47.077494077975196,8.135902689689484,good_potential
2608,434,Courtelary,47.271281882667516,8.339547281655685,high_potential
2610,443,Saint-Imier,46.05399421734809,7.811150255748577,high_potential
2612,432,Cormoret,47.09859761311821,8.682786034636102,good_potential
2613,448,Villeret,46.01918100923996,8.944709017537189,high_potential
2615,445,Sonvilier,47.52226197433737,7.84575586064655,high_potential
2616,441,Renan (BE),47.55775351531332,7.59360150546507,high_potential
2710,713,Tavannes,47.46441759142425,8.390001735873769,high_potential
2712,706,Saicourt,47.44347344946793,9.597379702701122,good_potential
2713,706,Saicourt,47.44347344946793,9.597379702701122,good_potential
2714,6748,Les Genevez (JU),47.177371746824235,8.105036336722035,moderate_potential
2715,716,Petit-Val,47.1519351226877,7.90630209668601,high_potential
2716,716,Petit-Val,47.1519351226877,7.90630209668601,high_potential
2717,716,Petit-Val,47.1519351226877,7.90630209668601,high_potential
2718,6750,Lajoux (JU),46.78886281472664,6.766684979323486,good_potential
2720,446,Tramelan,47.188423888609584,8.702569843425394,high_potential
2722,446,Tramelan,47.188423888609584,8.702569843425394,high_potential
2723,437,Mont-Tramelan,47.00893458515546,7.223600404919551,high_potential
2732,706,Saicourt,47.44347344946793,9.597379702701122,good_potential
2733,717,Valbirse,46.278313291470084,7.515832017308009,high_potential
2735,717,Valbirse,46.278313291470084,7.515832017308009,high_potential
2736,711,Sorvilier,47.386036341406204,7.05883428089695,good_potential
2738,690,Court,47.26648991326355,8.208604649946242,high_potential
2740,6831,Moutier,46.79924823753704,7.701279002560841,high_potential
2742,701,Perrefitte,46.65450854907442,6.5048151814342425,high_potential
2743,692,Eschert,47.481417696601824,8.992478537728456,moderate_potential
2744,681,Belprahon,46.83427441102765,7.637295109045774,good_potential
2745,694,Grandval,46.52489316823133,9.448543023178594,high_potential
2746,691,Crémines,47.45305654389754,7.828852627515246,good_potential
2747,687,Corcelles (BE),47.32334128403245,8.441194066166553,high_potential
2748,716,Petit-Val,47.1519351226877,7.90630209668601,high_potential
2762,704,Roches (BE),46.73527981696301,7.747797971757207,high_potential
2800,6711,Delémont,47.16197662591909,9.46363972913634,high_potential
2802,6712,Develier,47.19769717973412,7.330805953474575,high_potential
2803,6703,Bourrignon,46.91548786939072,7.738803109098112,good_potential
2805,6724,Soyhières,46.878347337166204,8.84364261365579,good_potential
2806,6716,Mettembert,47.6330444770612,8.730046547580512,high_potential
2807,6719,Pleigne,47.11016566310754,6.833410684692869,high_potential
2812,6718,Movelier,46.73038190358073,8.094629687212159,high_potential
2813,6713,Ederswiler,47.32744761078383,8.12976486181987,high_potential
2814,2790,Roggenburg,47.3880394455511,8.378288730404728,high_potential
2822,6709,Courroux,46.52701578775294,6.406690053285657,high_potential
2823,6709,Courroux,46.52701578775294,6.406690053285657,high_potential
2824,6730,Val Terbi,46.98007249008176,7.72262497415795,high_potential
2825,6706,Courchapoix,46.649286860382105,7.117510776701298,good_potential
2826,6730,Val Terbi,46.98007249008176,7.72262497415795,high_potential
2827,6715,Mervelier,47.582539962836,8.745593380770996,good_potential
2828,6730,Val Terbi,46.98007249008176,7.72262497415795,high_potential
2829,6730,Val Terbi,46.98007249008176,7.72262497415795,high_potential
2830,6708,Courrendlin,47.48797953227827,7.007581818637464,good_potential
2832,6708,Courrendlin,47.48797953227827,7.007581818637464,good_potential
2842,6721,Rossemaison,46.069390972415015,7.145742186479425,moderate_potential
2843,6704,Châtillon (JU),47.341763944074714,8.767664510503774,good_potential
2852,6710,Courtételle,46.55165834723778,7.893633038943371,good_potential
2853,6729,Haute-Sorne,46.1425049739306,7.317953598862245,high_potential
2854,6729,Haute-Sorne,46.1425049739306,7.317953598862245,high_potential
2855,6729,Haute-Sorne,46.1425049739306,7.317953598862245,high_potential
2856,6702,Boécourt,46.74659886608643,7.62221655966867,good_potential
2857,6702,Boécourt,46.74659886608643,7.62221655966867,good_potential
2863,6729,Haute-Sorne,46.1425049739306,7.317953598862245,high_potential
2864,6729,Haute-Sorne,46.1425049739306,7.317953598862245,high_potential
2873,6722,Saulcy,46.86848565247736,7.124700070575635,high_potential
2882,6808,Clos du Doubs,47.56288852113547,8.230255172165615,high_potential
2883,6808,Clos du Doubs,47.56288852113547,8.230255172165615,high_potential
2884,6808,Clos du Doubs,47.56288852113547,8.230255172165615,high_potential
2885,6808,Clos du Doubs,47.56288852113547,8.230255172165615,high_potential
2886,6808,Clos du Doubs,47.56288852113547,8.230255172165615,high_potential
2887,6759,Soubey,46.897084324786896,8.178394128589959,high_potential
2888,6808,Clos du Doubs,47.56288852113547,8.230255172165615,high_potential
2889,6808,Clos du Doubs,47.56288852113547,8.230255172165615,high_potential
2900,6800,Porrentruy,46.20939675034622,7.039205273162217,moderate_potential
2902,6790,Fontenais,47.71385813062203,8.473386564639478,good_potential
2903,6790,Fontenais,47.71385813062203,8.473386564639478,good_potential
2904,6790,Fontenais,47.71385813062203,8.473386564639478,good_potential
2905,6785,Courtedoux,47.238570924755216,7.730514724413304,moderate_potential
2906,6809,Haute-Ajoie,46.98944472092084,8.355360286863897,high_potential
2907,6809,Haute-Ajoie,46.98944472092084,8.355360286863897,high_potential
2908,6792,Grandfontaine,47.516868132537866,7.55076940333674,good_potential
2912,6809,Haute-Ajoie,46.98944472092084,8.355360286863897,high_potential
2914,6809,Haute-Ajoie,46.98944472092084,8.355360286863897,high_potential
2915,6778,Bure,46.89601831635695,8.586367853319885,moderate_potential
2916,6789,Fahy,47.31914219992367,9.348522532323779,moderate_potential
2922,6783,Courchavon,47.4212990305949,7.070992645452782,moderate_potential
2923,6807,Basse-Allaine,46.6032803832929,6.5859600604040045,moderate_potential
2924,6807,Basse-Allaine,46.6032803832929,6.5859600604040045,moderate_potential
2925,6807,Basse-Allaine,46.6032803832929,6.5859600604040045,moderate_potential
2926,6774,Boncourt,47.63675535729882,9.046765402846113,moderate_potential
2932,6781,Coeuve,47.41752724760161,8.826207157740996,moderate_potential
2933,6811,Damphreux-Lugnez,47.26087324184899,7.307963284102831,moderate_potential
2935,6812,Basse-Vendline,47.70482515581973,8.814736791483414,moderate_potential
2942,6771,Alle,47.031352404175124,7.471088837604425,moderate_potential
2943,6806,Vendlincourt,46.333119454228516,6.197564441373578,moderate_potential
2944,6812,Basse-Vendline,47.70482515581973,8.814736791483414,moderate_potential
2946,6810,La Baroche,47.56228680000933,8.593057456309035,good_potential
2947,6810,La Baroche,47.56228680000933,8.593057456309035,good_potential
2950,6784,Courgenay,46.86242201050672,9.329948421562834,good_potential
2952,6782,Cornol,46.286414752176356,8.065016644570518,moderate_potential
2953,6810,La Baroche,47.56228680000933,8.593057456309035,good_potential
2954,6810,La Baroche,47.56228680000933,8.593057456309035,good_potential
3004,351,Bern,46.73454622769422,6.669259223871123,good_potential
3005,351,Bern,46.73454622769422,6.669259223871123,good_potential
3006,351,Bern,46.73454622769422,6.669259223871123,good_potential
3007,351,Bern,46.73454622769422,6.669259223871123,good_potential
3008,351,Bern,46.73454622769422,6.669259223871123,good_potential
3010,351,Bern,46.73454622769422,6.669259223871123,good_potential
3011,351,Bern,46.73454622769422,6.669259223871123,good_potential
3012,351,Bern,46.73454622769422,6.669259223871123,good_potential
3013,351,Bern,46.73454622769422,6.669259223871123,good_potential
3014,351,Bern,46.73454622769422,6.669259223871123,good_potential
3015,351,Bern,46.73454622769422,6.669259223871123,good_potential
3018,351,Bern,46.73454622769422,6.669259223871123,good_potential
3019,351,Bern,46.73454622769422,6.669259223871123,good_potential
3020,351,Bern,46.73454622769422,6.669259223871123,good_potential
3027,351,Bern,46.73454622769422,6.669259223871123,good_potential
3032,360,Wohlen bei Bern,46.89915180938405,7.175668122438573,high_potential
3033,360,Wohlen bei Bern,46.89915180938405,7.175668122438573,high_potential
3034,360,Wohlen bei Bern,46.89915180938405,7.175668122438573,high_potential
3035,312,Seedorf (BE),46.98172147546762,6.7957342016798625,high_potential
3036,309,Radelfingen,46.56828538743307,6.5109065625824885,high_potential
3037,354,Kirchlindach,46.86545835310613,7.4091945367961625,moderate_potential
3038,354,Kirchlindach,46.86545835310613,7.4091945367961625,moderate_potential
3042,307,Meikirch,47.291352992345914,8.363859479258483,high_potential
3043,360,Wohlen bei Bern,46.89915180938405,7.175668122438573,high_potential
3044,360,Wohlen bei Bern,46.89915180938405,7.175668122438573,high_potential
3045,307,Meikirch,47.291352992345914,8.363859479258483,high_potential
3046,307,Meikirch,47.291352992345914,8.363859479258483,high_potential
3047,353,Bremgarten bei Bern,45.885231041314235,8.968038952218993,moderate_potential
3048,362,Ittigen,46.92879384552112,7.10076950282146,good_potential
3049,360,Wohlen bei Bern,46.89915180938405,7.175668122438573,high_potential
3052,361,Zollikofen,47.39053001392145,8.6172087771973,moderate_potential
3053,535,Deisswil bei Münchenbuchsee,46.1973779630513,6.1970066169957265,moderate_potential
3054,311,Schüpfen,46.630618668245525,9.378242753960135,good_potential
3063,362,Ittigen,46.92879384552112,7.10076950282146,good_potential
3065,352,Bolligen,46.34686445257054,7.164380965449208,high_potential
3066,358,Stettlen,47.443182424438085,7.909979593444435,high_potential
3067,359,Vechigen,46.60458869722941,7.357371478107135,high_potential
3068,359,Vechigen,46.60458869722941,7.357371478107135,high_potential
3072,363,Ostermundigen,47.4446527135106,8.40578741572974,high_potential
3073,356,Muri bei Bern,46.48762775291953,6.846541000525164,high_potential
3074,356,Muri bei Bern,46.48762775291953,6.846541000525164,high_potential
3075,627,Worb,46.74351716728621,8.623868841868292,high_potential
3076,627,Worb,46.74351716728621,8.623868841868292,high_potential
3077,627,Worb,46.74351716728621,8.623868841868292,high_potential
3078,627,Worb,46.74351716728621,8.623868841868292,high_potential
3082,608,Grosshöchstetten,46.22996340585999,7.237958360015654,good_potential
3083,616,Münsingen,47.38504321256777,7.465664898490371,good_potential
3084,355,Köniz,46.99681006103689,9.47331686273029,high_potential
3086,888,Wald (BE),47.43938243617732,8.432435431220833,high_potential
3087,877,Niedermuhlern,46.9475880166294,7.406347040842629,good_potential
3088,880,Rüeggisberg,47.470343841836744,7.91773250984439,moderate_potential
3089,880,Rüeggisberg,47.470343841836744,7.91773250984439,moderate_potential
3095,355,Köniz,46.99681006103689,9.47331686273029,high_potential
3096,357,Oberbalm,46.595131378397525,6.773612518892021,good_potential
3097,355,Köniz,46.99681006103689,9.47331686273029,high_potential
3098,355,Köniz,46.99681006103689,9.47331686273029,high_potential
3099,879,Riggisberg,46.54829338402784,6.519400029848447,good_potential
3110,616,Münsingen,47.38504321256777,7.465664898490371,good_potential
3111,616,Münsingen,47.38504321256777,7.465664898490371,good_potential
3112,630,Allmendingen,46.33422132713952,7.517206726422236,good_potential
3113,623,Rubigen,46.179147545089364,7.907512822675131,moderate_potential
3114,632,Wichtrach,47.51679083478988,9.316430186839481,good_potential
3115,866,Gerzensee,46.537051968080576,6.882663875786463,high_potential
3116,872,Kirchdorf (BE),47.22741333871592,8.119078891612721,high_potential
3122,870,Kehrsatz,47.470522666904955,7.0424607871631295,moderate_potential
3123,861,Belp,46.66090865231979,6.819356471603143,good_potential
3124,861,Belp,46.66090865231979,6.819356471603143,good_potential
3125,884,Toffen,47.27940187285656,8.761816346866746,high_potential
3126,869,Kaufdorf,47.5697926994694,9.111965022901261,high_potential
3127,889,Thurnen,46.184895089103044,6.1196123955172155,moderate_potential
3128,889,Thurnen,46.184895089103044,6.1196123955172155,moderate_potential
3132,879,Riggisberg,46.54829338402784,6.519400029848447,good_potential
3144,355,Köniz,46.99681006103689,9.47331686273029,high_potential
3145,355,Köniz,46.99681006103689,9.47331686273029,high_potential
3147,355,Köniz,46.99681006103689,9.47331686273029,high_potential
3148,855,Schwarzenburg,47.020629159494284,7.17916756502579,good_potential
3150,855,Schwarzenburg,47.020629159494284,7.17916756502579,good_potential
3152,855,Schwarzenburg,47.020629159494284,7.17916756502579,good_potential
3153,853,Rüschegg,46.015248667882645,8.901911201817862,high_potential
3154,853,Rüschegg,46.015248667882645,8.901911201817862,high_potential
3155,880,Rüeggisberg,47.470343841836744,7.91773250984439,moderate_potential
3156,852,Guggisberg,47.5857869600804,8.14573551447172,high_potential
3157,855,Schwarzenburg,47.020629159494284,7.17916756502579,good_potential
3158,852,Guggisberg,47.5857869600804,8.14573551447172,high_potential
3159,852,Guggisberg,47.5857869600804,8.14573551447172,high_potential
3172,355,Köniz,46.99681006103689,9.47331686273029,high_potential
3173,355,Köniz,46.99681006103689,9.47331686273029,high_potential
3174,355,Köniz,46.99681006103689,9.47331686273029,high_potential
3175,2309,Wünnewil-Flamatt,47.55802262485921,8.89640399119524,high_potential
3176,670,Neuenegg,47.679225353184115,8.5994328119716,high_potential
3177,667,Laupen,46.851317154512124,6.577980100770542,high_potential
3178,2295,Bösingen,47.038053844496226,7.690966837047341,high_potential
3179,666,Kriechenwil,47.20346326183536,7.666496174253327,high_potential
3182,2308,Ueberstorf,46.59875474307046,6.5413624699639135,high_potential
3183,855,Schwarzenburg,47.020629159494284,7.17916756502579,good_potential
3184,2309,Wünnewil-Flamatt,47.55802262485921,8.89640399119524,high_potential
3185,2305,Schmitten (FR),46.506931545815334,6.430121362938128,high_potential
3186,2293,Düdingen,47.556138744231305,8.439719962148436,good_potential
3202,663,Frauenkappelen,47.142088235968586,9.0940536688644,high_potential
3203,668,Mühleberg,46.80102533877061,7.741831576456894,high_potential
3204,668,Mühleberg,46.80102533877061,7.741831576456894,high_potential
3205,668,Mühleberg,46.80102533877061,7.741831576456894,high_potential
3206,662,Ferenbalm,47.160518403250045,7.021070788497602,high_potential
3207,304,Kallnach,47.229529991420804,8.339188080309968,high_potential
3208,665,Gurbrü,46.026910645267016,8.953125191180426,good_potential
3210,2265,Kerzers,46.67207097234575,6.790956875799605,high_potential
3212,2262,Gurmels,47.034714580467714,7.059856171835094,good_potential
3213,2262,Gurmels,47.034714580467714,7.059856171835094,good_potential
3214,2262,Gurmels,47.034714580467714,7.059856171835094,good_potential
3215,2275,Murten,47.41322865936552,8.645966777205487,high_potential
3216,2276,Ried bei Kerzers,47.108244562399854,7.1697727551436445,good_potential
3225,498,Müntschemier,46.64386656724462,7.952167087743414,moderate_potential
3226,500,Treiten,46.83938040928369,6.874211356821928,good_potential
3232,496,Ins,46.22281890319001,6.180840845295471,high_potential
3233,501,Tschugg,46.79873330482186,9.057261510909356,high_potential
3234,502,Vinelz,47.176285527612215,8.827796320828572,high_potential
3235,492,Erlach,47.29761700837923,8.694345699841389,high_potential
3236,495,Gampelen,46.60661573455554,8.561710861066375,high_potential
3237,491,Brüttelen,47.22868298577638,8.854688248012662,good_potential
3238,494,Gals,47.081268183550165,7.317434132570479,high_potential
3250,306,Lyss,47.32820923710475,8.268332312646832,moderate_potential
3251,310,Rapperswil (BE),47.35626505419043,7.592089654712478,moderate_potential
3252,755,Worben,47.571149528751704,8.650095538174488,moderate_potential
3253,2461,Schnottwil,46.24031658218223,6.915240914100234,moderate_potential
3254,2457,Messen,47.23529821317396,7.763506659630573,moderate_potential
3255,310,Rapperswil (BE),47.35626505419043,7.592089654712478,moderate_potential
3256,310,Rapperswil (BE),47.35626505419043,7.592089654712478,moderate_potential
3257,303,Grossaffoltern,46.89525436328023,9.597593210231258,moderate_potential
3262,303,Grossaffoltern,46.89525436328023,9.597593210231258,moderate_potential
3263,382,Büetigen,47.47839256018679,9.16563678914783,moderate_potential
3264,385,Diessbach bei Büren,45.912890163997915,8.964540891394773,moderate_potential
3266,312,Seedorf (BE),46.98172147546762,6.7957342016798625,high_potential
3267,312,Seedorf (BE),46.98172147546762,6.7957342016798625,high_potential
3268,312,Seedorf (BE),46.98172147546762,6.7957342016798625,high_potential
3270,301,Aarberg,46.39661419490496,6.191749466998677,good_potential
3271,309,Radelfingen,46.56828538743307,6.5109065625824885,high_potential
3272,754,Walperswil,47.608676656089365,8.202816751590918,high_potential
3273,305,Kappelen,46.24300116682939,6.235094782658866,moderate_potential
3274,737,Hermrigen,46.63156223072539,6.30843397442972,moderate_potential
3280,2271,Meyriez,46.58141801860552,6.64370971171079,good_potential
3282,302,Bargen (BE),47.65411254076723,8.653930234351625,high_potential
3283,304,Kallnach,47.229529991420804,8.339188080309968,high_potential
3284,2258,Fräschels,46.18326309635796,8.795053997496401,high_potential
3285,2275,Murten,47.41322865936552,8.645966777205487,high_potential
3286,2274,Muntelier,46.36042091158572,7.597819357988144,moderate_potential
3292,306,Lyss,47.32820923710475,8.268332312646832,moderate_potential
3293,386,Dotzigen,47.60800296774689,9.141303893513566,moderate_potential
3294,389,Meienried,47.281665271024956,8.450315436535957,moderate_potential
3295,393,Rüti bei Büren,46.22625970652391,6.223837303308767,moderate_potential
3296,381,Arch,47.19237974554247,8.995692677921246,moderate_potential
3297,388,Leuzigen,47.142217925804566,6.952266850932264,moderate_potential
3298,391,Oberwil bei Büren,47.528916474305824,9.365291822228544,moderate_potential
3302,544,Moosseedorf,46.379168625158385,8.032650743180403,moderate_potential
3303,540,Jegenstorf,47.10969646283653,7.745737196587155,moderate_potential
3305,541,Iffwil,46.34729115827315,6.205244995569851,moderate_potential
3306,538,Fraubrunnen,45.99362408032196,8.824663758767773,moderate_potential
3307,2457,Messen,47.23529821317396,7.763506659630573,moderate_potential
3308,538,Fraubrunnen,45.99362408032196,8.824663758767773,moderate_potential
3309,411,Kernenried,47.079913046423336,8.631910594532437,moderate_potential
3312,538,Fraubrunnen,45.99362408032196,8.824663758767773,moderate_potential
3313,538,Fraubrunnen,45.99362408032196,8.824663758767773,moderate_potential
3314,538,Fraubrunnen,45.99362408032196,8.824663758767773,moderate_potential
3315,533,Bätterkinden,46.78523747250283,6.567422343573179,moderate_potential
3317,538,Fraubrunnen,45.99362408032196,8.824663758767773,moderate_potential
3322,543,Mattstetten,47.28864329278664,7.77818864059428,moderate_potential
3323,403,Bäriswil,46.81717906058389,7.596598045255137,high_potential
3324,409,Hindelbank,47.3863730254976,9.579180286348072,good_potential
3325,414,Krauchthal,47.6128299950904,8.721124856260618,high_potential
3326,414,Krauchthal,47.6128299950904,8.721124856260618,high_potential
3360,979,Herzogenbuchsee,47.509865476613065,8.475397884126352,good_potential
3362,982,Niederönz,47.56361506747548,9.356879385953935,good_potential
3363,979,Herzogenbuchsee,47.509865476613065,8.475397884126352,good_potential
3365,988,Seeberg,46.775413118493766,7.535852056648435,high_potential
3366,973,Bettenhausen,47.385122584456376,9.18654005075758,high_potential
3367,989,Thörigen,46.503293882918605,7.426268291582201,high_potential
3368,324,Bleienbach,46.771080810642985,8.055660147248474,high_potential
3372,977,Heimenhausen,47.61819089244626,8.638213997121664,good_potential
3373,977,Heimenhausen,47.61819089244626,8.638213997121664,good_potential
3374,992,Wangen an der Aare,46.73826628962944,7.344443043786211,high_potential
3375,980,Inkwil,46.78849832398967,7.46408814516102,high_potential
3376,976,Graben,46.885536668574076,9.78854836721123,high_potential
3377,991,Walliswil bei Wangen,46.73791057102119,6.625457793890724,high_potential
3380,990,Walliswil bei Niederbipp,47.394980323654124,8.448848240596966,good_potential
3400,404,Burgdorf,47.58471122440645,8.605173295314922,high_potential
3412,407,Heimiswil,47.5321149047641,8.249249804199492,high_potential
3413,407,Heimiswil,47.5321149047641,8.249249804199492,high_potential
3414,418,Oberburg,47.16556831114184,7.43416738376635,high_potential
3415,406,Hasle bei Burgdorf,47.293444597454986,7.569327600585038,high_potential
3416,951,Affoltern im Emmental,46.62474879902659,7.091672141432971,high_potential
3417,956,Rüegsau,46.76586519674612,6.507552463246601,high_potential
3418,956,Rüegsau,46.76586519674612,6.507552463246601,high_potential
3419,406,Hasle bei Burgdorf,47.293444597454986,7.569327600585038,high_potential
3421,422,Rüti bei Lyssach,47.42010463602355,8.301344279670626,good_potential
3422,420,Rüdtligen-Alchenflüh,46.91426310650632,8.63934138029646,moderate_potential
3423,405,Ersigen,47.45192645293797,7.148492046172327,moderate_potential
3424,405,Ersigen,47.45192645293797,7.148492046172327,moderate_potential
3425,423,Willadingen,47.46881730730103,8.490335994710188,moderate_potential
3426,401,Aefligen,47.261153309920786,8.1792960896161,moderate_potential
3427,552,Utzenstorf,47.253260874672584,7.2220981031093014,moderate_potential
3428,554,Wiler bei Utzenstorf,46.52760831663982,6.560510626069378,moderate_potential
3429,410,Höchstetten,46.65336623676083,6.452793600542304,moderate_potential
3432,955,Lützelflüh,47.053250148112795,7.496498197679712,high_potential
3433,905,Rüderswil,47.04284545871067,8.190140148708263,high_potential
3434,613,Landiswil,47.17643964152058,7.072655590228796,high_potential
3435,955,Lützelflüh,47.053250148112795,7.496498197679712,high_potential
3436,903,Lauperswil,47.58968715875254,8.178396330749564,high_potential
3437,905,Rüderswil,47.04284545871067,8.190140148708263,high_potential
3438,903,Lauperswil,47.58968715875254,8.178396330749564,high_potential
3439,955,Lützelflüh,47.053250148112795,7.496498197679712,high_potential
3452,955,Lützelflüh,47.053250148112795,7.496498197679712,high_potential
3453,958,Trachselwald,46.76191868792205,7.17546721607718,high_potential
3454,957,Sumiswald,47.143380377701426,6.9002998876150325,high_potential
3455,957,Sumiswald,47.143380377701426,6.9002998876150325,high_potential
3456,958,Trachselwald,46.76191868792205,7.17546721607718,high_potential
3457,957,Sumiswald,47.143380377701426,6.9002998876150325,high_potential
3462,951,Affoltern im Emmental,46.62474879902659,7.091672141432971,high_potential
3463,951,Affoltern im Emmental,46.62474879902659,7.091672141432971,high_potential
3464,959,Walterswil (BE),46.91762691975724,7.178525675270351,high_potential
3465,952,Dürrenroth,47.06293861106459,7.670837898043623,high_potential
3472,424,Wynigen,46.858264829121,6.732280504149367,high_potential
3473,402,Alchenstorf,46.76763445319214,7.20001454086219,good_potential
3474,424,Wynigen,46.858264829121,6.732280504149367,high_potential
3475,988,Seeberg,46.775413118493766,7.535852056648435,high_potential
3476,985,Ochlenberg,46.068300658542974,8.912548554061024,high_potential
3503,612,Konolfingen,47.44175981964098,8.006964145648082,high_potential
3504,617,Niederhünigen,47.227233170030104,7.096791344864734,good_potential
3506,608,Grosshöchstetten,46.22996340585999,7.237958360015654,good_potential
3507,603,Biglen,47.347760368064726,9.52029415626422,high_potential
3508,602,Arni (BE),47.3718669350491,7.544927771921178,high_potential
3510,612,Konolfingen,47.44175981964098,8.006964145648082,high_potential
3512,626,Walkringen,46.35377929759208,6.171608028349731,high_potential
3513,626,Walkringen,46.35377929759208,6.171608028349731,high_potential
3531,620,Oberthal,47.42551330037582,7.645284280745929,high_potential
3532,628,Zäziwil,46.19168785392919,6.889044482404453,high_potential
3533,605,Bowil,47.65612315066511,9.091787820260992,high_potential
3534,907,Signau,47.24500499988977,7.588698668926077,high_potential
3535,907,Signau,47.24500499988977,7.588698668926077,high_potential
3536,901,Eggiwil,47.36628031616258,8.82923116303995,high_potential
3537,901,Eggiwil,47.36628031616258,8.82923116303995,high_potential
3538,904,Röthenbach im Emmental,46.98119922760011,7.198727271166143,high_potential
3543,903,Lauperswil,47.58968715875254,8.178396330749564,high_potential
3550,902,Langnau im Emmental,46.754993215355064,7.224143435851359,high_potential
3551,902,Langnau im Emmental,46.754993215355064,7.224143435851359,high_potential
3552,902,Langnau im Emmental,46.754993215355064,7.224143435851359,high_potential
3553,902,Langnau im Emmental,46.754993215355064,7.224143435851359,high_potential
3555,909,Trubschachen,46.50053728291718,6.408103688599101,high_potential
3556,908,Trub,47.25270016359606,8.768658992821056,high_potential
3557,908,Trub,47.25270016359606,8.768658992821056,high_potential
3600,942,Thun,46.393951537990844,6.882997675850429,good_potential
3603,942,Thun,46.393951537990844,6.882997675850429,good_potential
3604,942,Thun,46.393951537990844,6.882997675850429,good_potential
3608,942,Thun,46.393951537990844,6.882997675850429,good_potential
3612,939,Steffisburg,46.21735798469219,7.7968740705516915,good_potential
3613,939,Steffisburg,46.21735798469219,7.7968740705516915,good_potential
3614,945,Unterlangenegg,47.5109517842924,7.732017484614484,good_potential
3615,923,Buchholterberg,46.25979832078056,9.207615109275077,high_potential
3616,935,Oberlangenegg,47.43288662101642,7.464957928788043,high_potential
3617,925,Fahrni,47.22649929431878,8.981378286256462,good_potential
3618,904,Röthenbach im Emmental,46.98119922760011,7.198727271166143,high_potential
3619,924,Eriz,47.076350466131004,7.15778533310694,high_potential
3622,931,Homberg,46.96739036515012,8.422930810848866,high_potential
3623,932,Horrenbach-Buchen,47.1727072211521,9.06677330018081,high_potential
3624,942,Thun,46.393951537990844,6.882997675850429,good_potential
3625,927,Heiligenschwendi,46.4362517152392,6.220401065492848,high_potential
3626,929,Hilterfingen,47.23469531556673,8.388885186941398,good_potential
3627,928,Heimberg,47.058990437221944,6.913043086280417,moderate_potential
3628,885,Uttigen,47.176145713379384,9.564230488767341,moderate_potential
3629,622,Oppligen,47.052181651805995,7.223836474138581,good_potential
3631,770,Stocken-Höfen,46.8126543096079,7.579951849282016,moderate_potential
3632,770,Stocken-Höfen,46.8126543096079,7.579951849282016,moderate_potential
3633,921,Amsoldingen,47.35156500312794,8.10672373363906,moderate_potential
3634,941,Thierachern,47.33358274505137,8.020942704764948,moderate_potential
3635,943,Uebeschi,47.47646190652744,8.454446249537883,moderate_potential
3636,948,Forst-Längenbühl,47.11796493133694,8.77989064407942,moderate_potential
3638,922,Blumenstein,46.568216336549725,6.328629016964243,moderate_potential
3645,767,Reutigen,46.895682045113325,7.667566228314486,moderate_potential
3646,768,Spiez,47.34325247097319,8.594734914003316,moderate_potential
3647,767,Reutigen,46.895682045113325,7.667566228314486,moderate_potential
3652,929,Hilterfingen,47.23469531556673,8.388885186941398,good_potential
3653,934,Oberhofen am Thunersee,46.06949710930257,6.931763400082928,high_potential
3654,938,Sigriswil,46.96299564777615,7.568610629780412,high_potential
3655,938,Sigriswil,46.96299564777615,7.568610629780412,high_potential
3656,938,Sigriswil,46.96299564777615,7.568610629780412,high_potential
3657,938,Sigriswil,46.96299564777615,7.568610629780412,high_potential
3658,938,Sigriswil,46.96299564777615,7.568610629780412,high_potential
3661,944,Uetendorf,46.788850639032006,9.222416525822824,moderate_potential
3662,883,Seftigen,46.8840030009554,7.235791305966763,moderate_potential
3663,867,Gurzelen,47.51510140818885,9.133150188424636,moderate_potential
3664,863,Burgistein,47.39359561089823,9.38865950035121,moderate_potential
3665,886,Wattenwil,47.43998689928908,9.503317392019426,moderate_potential
3671,610,Herbligen,47.01043321445884,7.4853943781645595,good_potential
3672,619,Oberdiessbach,46.30727314941347,8.97992925861329,high_potential
3673,614,Linden,46.20450709791619,7.466899779106769,high_potential
3674,619,Oberdiessbach,46.30727314941347,8.97992925861329,high_potential
3700,768,Spiez,47.34325247097319,8.594734914003316,moderate_potential
3702,768,Spiez,47.34325247097319,8.594734914003316,moderate_potential
3703,562,Aeschi bei Spiez,46.77476852594205,6.80244145523596,high_potential
3704,566,Krattigen,46.935766140574984,8.65150278889751,high_potential
3705,768,Spiez,47.34325247097319,8.594734914003316,moderate_potential
3706,585,Leissigen,47.44780645609828,7.673250123700512,good_potential
3707,575,Därligen,46.33564447712579,7.765703145871407,moderate_potential
3711,562,Aeschi bei Spiez,46.77476852594205,6.80244145523596,high_potential
3713,567,Reichenbach im Kandertal,46.3880917713213,9.126703425369035,high_potential
3714,563,Frutigen,47.247801309146965,8.463968715473424,moderate_potential
3715,561,Adelboden,46.62694232193598,6.775852438077151,high_potential
3716,564,Kandergrund,46.845942019974736,9.227922545897705,moderate_potential
3717,564,Kandergrund,46.845942019974736,9.227922545897705,moderate_potential
3718,565,Kandersteg,46.725361344720426,7.585779110173074,moderate_potential
3722,567,Reichenbach im Kandertal,46.3880917713213,9.126703425369035,high_potential
3723,567,Reichenbach im Kandertal,46.3880917713213,9.126703425369035,high_potential
3724,563,Frutigen,47.247801309146965,8.463968715473424,moderate_potential
3725,563,Frutigen,47.247801309146965,8.463968715473424,moderate_potential
3752,769,Wimmis,45.93233901153394,8.908189806607869,moderate_potential
3753,762,Diemtigen,46.46219843115021,6.3008598229500015,high_potential
3754,762,Diemtigen,46.46219843115021,6.3008598229500015,high_potential
3755,762,Diemtigen,46.46219843115021,6.3008598229500015,high_potential
3756,762,Diemtigen,46.46219843115021,6.3008598229500015,high_potential
3757,762,Diemtigen,46.46219843115021,6.3008598229500015,high_potential
3758,763,Erlenbach im Simmental,46.789902457557695,7.0185671660597455,high_potential
3762,763,Erlenbach im Simmental,46.789902457557695,7.0185671660597455,high_potential
3763,761,Därstetten,46.3986102056861,8.103980454774598,good_potential
3764,761,Därstetten,46.3986102056861,8.103980454774598,good_potential
3765,766,Oberwil im Simmental,46.500420844015096,7.2093719121779625,high_potential
3766,791,Boltigen,46.4914869986291,8.480888762632512,high_potential
3770,794,Zweisimmen,47.484576056305805,7.4463296429822385,high_potential
3771,794,Zweisimmen,47.484576056305805,7.4463296429822385,high_potential
3772,793,St. Stephan,47.639808497554405,9.172747536910801,high_potential
3773,793,St. Stephan,47.639808497554405,9.172747536910801,high_potential
3775,792,Lenk,46.63640841544158,6.7243649798503755,high_potential
3776,794,Zweisimmen,47.484576056305805,7.4463296429822385,high_potential
3777,843,Saanen,47.36928262256528,9.471228090046523,high_potential
3778,843,Saanen,47.36928262256528,9.471228090046523,high_potential
3780,843,Saanen,47.36928262256528,9.471228090046523,high_potential
3781,843,Saanen,47.36928262256528,9.471228090046523,high_potential
3782,842,Lauenen,47.1795047200417,6.898309686580717,high_potential
3783,843,Saanen,47.36928262256528,9.471228090046523,high_potential
3784,841,Gsteig,46.294817635072874,7.458077442632354,good_potential
3785,841,Gsteig,46.294817635072874,7.458077442632354,good_potential
3792,843,Saanen,47.36928262256528,9.471228090046523,high_potential
3800,581,Interlaken,47.52494672743775,8.361710081963745,moderate_potential
3801,6058,Fieschertal,46.494160002429346,6.777322168671871,moderate_potential
3803,571,Beatenberg,47.53467654232763,8.048653335613151,high_potential
3804,579,Habkern,47.22838989808996,7.467947852588505,moderate_potential
3805,590,Ringgenberg (BE),46.997878681426556,8.519823816110643,moderate_potential
3806,572,Bönigen,47.26117886857885,7.5451634822561715,moderate_potential
3807,582,Iseltwald,47.51855454267853,7.6173901403320246,moderate_potential
3812,594,Wilderswil,47.42712462745927,7.856725944909705,moderate_potential
3813,591,Saxeten,47.11407007321155,7.258952514974164,moderate_potential
3814,577,Gsteigwiler,46.04532427953482,8.931709663359289,moderate_potential
3815,578,Gündlischwand,46.79315302297224,7.603557324006257,moderate_potential
3816,576,Grindelwald,46.710076552003564,7.563642808517261,high_potential
3818,576,Grindelwald,46.710076552003564,7.563642808517261,high_potential
3822,584,Lauterbrunnen,47.427797115900894,7.356638151708122,high_potential
3823,584,Lauterbrunnen,47.427797115900894,7.356638151708122,high_potential
3824,584,Lauterbrunnen,47.427797115900894,7.356638151708122,high_potential
3825,584,Lauterbrunnen,47.427797115900894,7.356638151708122,high_potential
3826,584,Lauterbrunnen,47.427797115900894,7.356638151708122,high_potential
3852,590,Ringgenberg (BE),46.997878681426556,8.519823816110643,moderate_potential
3853,588,Niederried bei Interlaken,47.42494096721526,7.548795100968964,moderate_potential
3854,589,Oberried am Brienzersee,47.22559871492428,7.705544612822037,moderate_potential
3855,573,Brienz (BE),47.3492603506747,7.676901239964006,moderate_potential
3856,574,Brienzwiler,46.31503034920653,6.972482336348962,good_potential
3857,785,Meiringen,46.99494542839664,7.146416489709537,good_potential
3858,580,Hofstetten bei Brienz,46.7920566009233,7.503252979423823,high_potential
3860,786,Schattenhalb,47.200763938553486,8.686679632544402,moderate_potential
3862,784,Innertkirchen,46.20436344806004,9.01954471279912,moderate_potential
3863,784,Innertkirchen,46.20436344806004,9.01954471279912,moderate_potential
3864,782,Guttannen,46.39217365440142,6.262407082773327,good_potential
3900,6002,Brig-Glis,46.0970589822129,7.779287885189427,good_potential
3901,6008,Ried-Brig,47.66710583277352,8.698834197539366,moderate_potential
3902,6002,Brig-Glis,46.0970589822129,7.779287885189427,good_potential
3903,6007,Naters,47.27540393200345,8.489725614149204,good_potential
3904,6007,Naters,47.27540393200345,8.489725614149204,good_potential
3905,6288,Saas-Almagell,46.389215846545696,7.96584163028317,moderate_potential
3906,6290,Saas-Fee,46.90848311377521,7.836884792288554,moderate_potential
3907,6009,Simplon,47.4454171716079,7.889700549743931,moderate_potential
3908,6289,Saas-Balen,47.27970512026952,8.530084915328485,moderate_potential
3910,6291,Saas-Grund,47.42979225121861,8.723590532431382,moderate_potential
3911,6008,Ried-Brig,47.66710583277352,8.698834197539366,moderate_potential
3912,6010,Termen,46.45043577565272,6.276995640562494,moderate_potential
3913,6010,Termen,46.45043577565272,6.276995640562494,moderate_potential
3914,6007,Naters,47.27540393200345,8.489725614149204,good_potential
3916,6195,Ferden,47.31218980207617,7.759894474857306,moderate_potential
3917,6197,Kippel,46.69000114572809,6.51684254315516,moderate_potential
3918,6202,Wiler (Lötschen),46.622605807364565,6.468227315138942,moderate_potential
3919,6192,Blatten,47.571271068496436,9.283864399317743,moderate_potential
3920,6300,Zermatt,47.170551626919,7.5719931551781405,high_potential
3922,6282,Eisten,47.10666190115996,7.98358096085465,moderate_potential
3923,6296,Törbel,47.37969029242531,7.817233660799163,high_potential
3924,6292,St. Niklaus,47.280430503285494,8.652457060868315,moderate_potential
3925,6285,Grächen,47.40648786655708,7.55713848538374,moderate_potential
3926,6283,Embd,47.50864516702248,7.9165298623151275,good_potential
3927,6292,St. Niklaus,47.280430503285494,8.652457060868315,moderate_potential
3928,6287,Randa,47.27401908201021,7.228278532968632,moderate_potential
3929,6295,Täsch,47.52736104367299,8.622139485677048,moderate_potential
3930,6297,Visp,46.442656207580804,6.370550234030761,high_potential
3931,6286,Lalden,47.303495209216294,7.854279643549952,high_potential
3932,6298,Visperterminen,47.18968267999485,7.884310162559783,high_potential
3933,6294,Staldenried,46.69958265927102,6.83835261681884,good_potential
3934,6299,Zeneggen,46.55851536393562,6.577343734819592,good_potential
3935,6193,Bürchen,47.107741474843344,7.846364042874325,high_potential
3937,6281,Baltschieder,46.178437265991356,6.068374345151946,moderate_potential
3938,6191,Ausserberg,47.59455178062771,9.240885728110023,good_potential
3939,6004,Eggerberg,47.285310815363346,7.452003873819157,moderate_potential
3940,6204,Steg-Hohtenn,47.4003947875098,7.423759448561611,good_potential
3942,6198,Niedergesteln,47.12542036354981,8.312140674162432,moderate_potential
3943,6194,Eischoll,47.76294223898912,8.599774128040686,high_potential
3944,6201,Unterbäch,46.42340018472295,8.060407429102252,good_potential
3945,6118,Gampel-Bratsch,46.76690442440412,7.018071654579399,moderate_potential
3946,6119,Turtmann-Unterems,47.00670857099835,7.164552946007148,moderate_potential
3947,6104,Ergisch,47.349209733762564,8.678709282940549,good_potential
3948,6119,Turtmann-Unterems,47.00670857099835,7.164552946007148,moderate_potential
3949,6204,Steg-Hohtenn,47.4003947875098,7.423759448561611,good_potential
3951,6101,Agarn,46.51837436313748,6.326836734078831,moderate_potential
3952,6110,Leuk,47.60281467774595,9.00370329139251,moderate_potential
3953,6116,Varen,47.41430197946043,9.564021019544255,moderate_potential
3954,6111,Leukerbad,47.39938984664171,7.965068761344953,moderate_potential
3955,6102,Albinen,47.103890452433,7.691931900045449,moderate_potential
3956,6117,Guttet-Feschel,47.27171582192147,7.634622367608613,moderate_potential
3957,6118,Gampel-Bratsch,46.76690442440412,7.018071654579399,moderate_potential
3960,6253,Crans-Montana,47.21156161768468,9.430157145408728,moderate_potential
3961,6252,Anniviers,47.19722026283541,7.387607100618296,moderate_potential
3963,6253,Crans-Montana,47.21156161768468,9.430157145408728,moderate_potential
3965,6235,Chippis,47.46199827074928,7.715643005233178,moderate_potential
3966,6232,Chalais,47.25977886129984,8.380263163184788,moderate_potential
3967,6232,Chalais,47.25977886129984,8.380263163184788,moderate_potential
3968,6254,Noble-Contrée,46.37578581852252,6.91840417612327,moderate_potential
3970,6113,Salgesch,47.49164562778743,7.50999774875167,moderate_potential
3971,6253,Crans-Montana,47.21156161768468,9.430157145408728,moderate_potential
3972,6254,Noble-Contrée,46.37578581852252,6.91840417612327,moderate_potential
3973,6254,Noble-Contrée,46.37578581852252,6.91840417612327,moderate_potential
3974,6253,Crans-Montana,47.21156161768468,9.430157145408728,moderate_potential
3975,6253,Crans-Montana,47.21156161768468,9.430157145408728,moderate_potential
3976,6248,Sierre,46.69415698089666,8.16997486273863,moderate_potential
3977,6248,Sierre,46.69415698089666,8.16997486273863,moderate_potential
3978,6240,Lens,47.497502078767724,7.559094281841329,moderate_potential
3979,6238,Grône,47.255722238153155,7.766878700406664,moderate_potential
3982,6173,Bitsch,45.828795111946704,9.016551024277353,moderate_potential
3983,6172,Bister,46.3159737807314,6.2005986791122885,moderate_potential
3984,6058,Fieschertal,46.494160002429346,6.777322168671871,moderate_potential
3985,6077,Goms,47.24568234197516,7.651648310507343,moderate_potential
3986,6181,Riederalp,47.700204810637764,8.68939756448015,high_potential
3987,6181,Riederalp,47.700204810637764,8.68939756448015,high_potential
3988,6076,Obergoms,47.319663605526785,7.986931002597698,high_potential
3989,6077,Goms,47.24568234197516,7.651648310507343,moderate_potential
3991,6205,Bettmeralp,46.90695406502142,7.622558604278358,high_potential
3992,6205,Bettmeralp,46.90695406502142,7.622558604278358,high_potential
3993,6177,Grengiols,47.424793484710854,7.590594525853789,good_potential
3994,6061,Lax,47.633489448259816,9.210079881298473,high_potential
3995,6056,Ernen,47.54278311186595,9.287133728672199,high_potential
3996,6054,Binn,47.057216921756414,8.527552196495426,good_potential
3997,6052,Bellwald,47.36152041709866,7.222898363254455,good_potential
3998,6077,Goms,47.24568234197516,7.651648310507343,moderate_potential
3999,6076,Obergoms,47.319663605526785,7.986931002597698,high_potential
4001,2701,Basel,47.314425742689664,8.365951113344188,moderate_potential
4031,2701,Basel,47.314425742689664,8.365951113344188,moderate_potential
4051,2701,Basel,47.314425742689664,8.365951113344188,moderate_potential
4052,2701,Basel,47.314425742689664,8.365951113344188,moderate_potential
4053,2701,Basel,47.314425742689664,8.365951113344188,moderate_potential
4054,2701,Basel,47.314425742689664,8.365951113344188,moderate_potential
4055,2701,Basel,47.314425742689664,8.365951113344188,moderate_potential
4056,2701,Basel,47.314425742689664,8.365951113344188,moderate_potential
4057,2701,Basel,47.314425742689664,8.365951113344188,moderate_potential
4058,2701,Basel,47.314425742689664,8.365951113344188,moderate_potential
4059,2701,Basel,47.314425742689664,8.365951113344188,moderate_potential
4101,2765,Binningen,47.072347601944976,8.368456994037857,moderate_potential
4102,2765,Binningen,47.072347601944976,8.368456994037857,moderate_potential
4103,2767,Bottmingen,46.77485619286028,7.782399878144338,moderate_potential
4104,2771,Oberwil (BL),47.01174417741633,9.574411376417173,moderate_potential
4105,2764,Biel-Benken,46.92823766190394,7.002770992756116,moderate_potential
4106,2775,Therwil,47.23480004850934,8.429173519869774,moderate_potential
4107,2768,Ettingen,46.90123529143003,6.6841622875146935,good_potential
4108,2481,Witterswil,47.08281194899981,7.604897883865937,good_potential
4112,2476,Hofstetten-Flüh,46.697458184764756,6.693919276470591,high_potential
4114,2476,Hofstetten-Flüh,46.697458184764756,6.693919276470591,high_potential
4115,2477,Metzerlen-Mariastein,46.500981779381036,6.448106855734202,high_potential
4116,2477,Metzerlen-Mariastein,46.500981779381036,6.448106855734202,high_potential
4117,2783,Burg im Leimental,47.30362062525944,8.009046651159682,high_potential
4118,2479,Rodersdorf,47.278881540320285,7.0741798975345835,moderate_potential
4123,2762,Allschwil,47.11400189613212,8.39115208120264,moderate_potential
4124,2774,Schönenbuch,47.31840699994273,8.154497123599102,moderate_potential
4125,2703,Riehen,47.14739366639313,7.9951247253646205,moderate_potential
4126,2702,Bettingen,47.40060822441767,9.477168541306087,moderate_potential
4127,2766,Birsfelden,47.23772350900325,7.270420539877318,moderate_potential
4132,2770,Muttenz,46.25645164504238,7.427082590895206,moderate_potential
4133,2831,Pratteln,46.814857876923334,7.616468486408223,moderate_potential
4142,2769,Münchenstein,46.676650021707665,9.360711398549874,moderate_potential
4143,2473,Dornach,46.423356799989186,6.237350666881543,good_potential
4144,2763,Arlesheim,46.191309691681084,8.723338174857476,moderate_potential
4145,2474,Gempen,47.418544270222085,8.126182220017268,moderate_potential
4146,2475,Hochwald,47.31279522848525,8.344887024668504,moderate_potential
4147,2761,Aesch (BL),46.84472890576637,7.191069510280927,moderate_potential
4148,2772,Pfeffingen,47.27486189222058,8.17007249107833,high_potential
4153,2773,Reinach (BL),47.29607127987533,8.223316138287101,good_potential
4202,2785,Duggingen,46.86676908908541,6.608178687448756,good_potential
4203,2786,Grellingen,47.45271943724578,7.523387285611266,good_potential
4204,2618,Himmelried,46.707831743045446,6.371387939631292,high_potential
4206,2480,Seewen,46.15882412591245,6.151080696162877,high_potential
4207,2883,Bretzwil,46.448807740684764,8.816994720635675,good_potential
4208,2621,Nunningen,46.39629775794357,7.768166561454588,high_potential
4222,2793,Zwingen,46.622465885258656,6.793517816792621,good_potential
4223,2781,Blauen,47.52804223185017,8.540689259695988,high_potential
4224,2789,Nenzlingen,47.41444817844329,9.504287331576451,high_potential
4225,2782,Brislach,47.18199738295504,7.365886062475985,good_potential
4226,2613,Breitenbach,46.158905223432,6.033996213580933,good_potential
4227,2614,Büsserach,46.68748110731088,6.4615792089446416,moderate_potential
4228,2615,Erschwil,47.32004562094476,8.322573937821574,good_potential
4229,2612,Beinwil (SO),47.275726194969316,8.853816802988126,high_potential
4232,2616,Fehren,47.32594313596535,7.796382220023606,moderate_potential
4233,2620,Meltingen,46.21506212126648,7.197035541486152,moderate_potential
4234,2622,Zullwil,47.26771336297167,7.9790224793408315,good_potential
4242,2787,Laufen,47.44038195618245,8.630455937677935,high_potential
4243,2784,Dittingen,46.73424832405967,8.847628002232712,good_potential
4244,2791,Röschenz,47.44057594621911,9.28110191452617,good_potential
4245,2619,Kleinlützel,46.565295950892285,6.425998033952104,high_potential
4246,2792,Wahlen,47.31278250683435,8.723310621275898,good_potential
4247,2617,Grindel,47.17116987607248,7.77094408810722,high_potential
4252,2611,Bärschwil,46.51616177428773,6.476689454932653,good_potential
4253,2788,Liesberg,47.16441240457037,8.29065099750624,good_potential
4254,2788,Liesberg,47.16441240457037,8.29065099750624,good_potential
4302,2822,Augst,46.22293451025636,7.364878188867359,moderate_potential
4303,4252,Kaiseraugst,46.99680909211194,6.726561957276821,moderate_potential
4304,2826,Giebenach,47.092261456825256,7.140257570454508,moderate_potential
4305,4257,Olsberg,47.42067826486193,8.41193922574807,moderate_potential
4310,4258,Rheinfelden,47.54233712337048,9.193110050868595,moderate_potential
4312,4253,Magden,47.70338519028133,8.546648258595768,high_potential
4313,4254,Möhlin,47.629249820228736,8.614417173111233,moderate_potential
4314,4263,Zeiningen,46.196685527779394,7.848891867373906,high_potential
4315,4264,Zuzgen,47.28994322789541,7.186143480007841,good_potential
4316,4251,Hellikon,46.85652695722535,9.462326586012107,moderate_potential
4317,4262,Wegenstetten,46.907091409964835,7.298084607912711,moderate_potential
4322,4255,Mumpf,46.5590511632506,6.8294337496668245,moderate_potential
4323,4261,Wallbach,46.04005663216325,8.956669006893463,moderate_potential
4324,4256,Obermumpf,46.77092841875059,6.957969989136736,moderate_potential
4325,4259,Schupfart,47.19099069009357,7.138630385891711,moderate_potential
4332,4260,Stein (AG),46.30232426647794,8.812722934313557,moderate_potential
4333,4172,Münchwilen (AG),46.58605270047288,6.511943624290917,moderate_potential
4334,4177,Sisseln,47.29722838052619,7.800877429211288,moderate_potential
4402,2824,Frenkendorf,47.297615862130044,8.308598413159093,moderate_potential
4410,2829,Liestal,46.446768159845185,6.428589847146014,good_potential
4411,2833,Seltisberg,46.242997457857285,7.9402047884156355,good_potential
4412,2478,Nuglar-St. Pantaleon,46.79886246944585,7.654536040968952,moderate_potential
4413,2472,Büren (SO),47.244366234421435,8.536638881900881,good_potential
4414,2825,Füllinsdorf,47.53617207600029,7.742075151336772,moderate_potential
4415,2828,Lausen,47.14555246296443,7.220932497928411,high_potential
4416,2823,Bubendorf,46.49443567529302,6.871062587236005,good_potential
4417,2834,Ziefen,47.03575285011447,7.374657149143699,high_potential
4418,2893,Reigoldswil,46.215404081797885,7.683999238397073,high_potential
4419,2830,Lupsingen,47.393616139043964,7.8557458361012635,high_potential
4421,2478,Nuglar-St. Pantaleon,46.79886246944585,7.654536040968952,moderate_potential
4422,2821,Arisdorf,46.53788559573405,6.762870335625098,good_potential
4423,2827,Hersberg,47.19021060351739,7.79207688123122,high_potential
4424,2881,Arboldswil,46.5831433163482,6.882875957448021,high_potential
4425,2894,Titterten,45.84306971635374,9.007830160164161,good_potential
4426,2889,Lauwil,46.919109480591494,7.086370357595597,good_potential
4431,2882,Bennwil,47.173970030244995,8.353789020429673,good_potential
4432,2887,Lampenberg,47.438381529406456,6.996939146526328,high_potential
4433,2832,Ramlinsburg,47.0096847851811,9.425315940365872,high_potential
4434,2886,Hölstein,46.21898548414319,6.203663523355451,high_potential
4435,2891,Niederdorf,47.37005387709777,8.358096968591362,high_potential
4436,2892,Oberdorf (BL),47.34304196769022,7.9271027563020455,high_potential
4437,2895,Waldenburg,46.75364738592454,7.134735688933637,good_potential
4438,2888,Langenbruck,46.49492391915455,6.298252146488506,good_potential
4441,2864,Thürnen,47.279166337726906,7.13385813774494,high_potential
4442,2845,Diepflingen,46.25543968082447,10.119016694139841,high_potential
4443,2867,Wittinsburg,47.46725032544921,7.8343925614863466,high_potential
4444,2859,Rümlingen,47.560641172524235,8.49635058522678,high_potential
4445,2847,Häfelfingen,47.38058048789655,8.242509870486808,moderate_potential
4446,2843,Buckten,46.47743859090543,6.2336741852722914,good_potential
4447,2850,Känerkinden,46.59919106752879,6.484707067186078,good_potential
4448,2852,Läufelfingen,47.492264681855296,7.783361097949665,moderate_potential
4450,2861,Sissach,47.31861585119055,8.492086086874123,good_potential
4451,2866,Wintersingen,46.70735064346112,7.0001737516607125,high_potential
4452,2849,Itingen,46.27671708747556,7.542910983273121,high_potential
4453,2854,Nusshof,46.912112718833534,7.471546006513701,high_potential
4455,2869,Zunzgen,47.5577831442065,8.763087434030897,high_potential
4456,2863,Tenniken,46.54865101870239,6.449619834937615,high_potential
4457,2884,Diegten,46.90430070993907,7.3977953064743165,good_potential
4458,2885,Eptingen,46.58413638034897,9.140508274732706,good_potential
4460,2846,Gelterkinden,47.27254259272439,8.571573886833754,moderate_potential
4461,2842,Böckten,47.22822813509082,9.217061570341663,good_potential
4462,2857,Rickenbach (BL),47.201244787410516,8.93809688080727,good_potential
4463,2844,Buus,47.46481998103828,7.784792298710211,good_potential
4464,2853,Maisprach,47.01489801303055,8.487091472864062,good_potential
4465,2848,Hemmiken,46.75965243277498,6.565022236961561,good_potential
4466,2856,Ormalingen,47.10178853313056,8.347969123337531,moderate_potential
4467,2858,Rothenfluh,47.1437194948068,7.633442082542063,moderate_potential
4468,2492,Kienberg,47.392953850391585,7.121832755274935,moderate_potential
4469,2841,Anwil,47.240584815479366,7.533426389153997,moderate_potential
4492,2862,Tecknau,47.50969013008272,8.014178947413026,good_potential
4493,2865,Wenslingen,47.02322471833604,7.520515803430291,moderate_potential
4494,2855,Oltingen,46.32794463363309,7.410327757736758,moderate_potential
4495,2868,Zeglingen,46.77487927999467,6.923222922445594,moderate_potential
4496,2851,Kilchberg (BL),47.748689366125014,8.494548188911242,moderate_potential
4497,2860,Rünenberg,47.36973641425256,7.889515787727635,good_potential
4500,2601,Solothurn,47.11175401889442,7.419136939380875,moderate_potential
4512,2542,Bellach,47.49546972452411,7.628322642274642,moderate_potential
4513,2550,Langendorf,46.6879256674189,7.079797309922386,moderate_potential
4514,2551,Lommiswil,47.327280992065425,7.39054815462176,moderate_potential
4515,2553,Oberdorf (SO),47.16562053608526,7.977580815429889,moderate_potential
4522,2555,Rüttenen,47.01691135099457,7.531954516067025,moderate_potential
4523,2554,Riedholz,47.480389630324986,7.150272917743992,moderate_potential
4524,2547,Günsberg,46.66179761479172,6.642602423354805,moderate_potential
4525,2541,Balm bei Günsberg,46.45997606577377,8.927299355068444,moderate_potential
4528,2534,Zuchwil,46.82497672265808,6.573758134142028,moderate_potential
4532,2544,Feldbrunnen-St. Niklaus,47.353300112570686,8.280712334529023,moderate_potential
4533,2554,Riedholz,47.480389630324986,7.150272917743992,moderate_potential
4534,2545,Flumenthal,46.81911604556508,6.934741112585783,moderate_potential
4535,2548,Hubersdorf,46.94310538073579,8.689795805592919,good_potential
4536,971,Attiswil,47.38596905078923,8.325407318987647,good_potential
4537,995,Wiedlisbach,47.570375331418056,7.672204920638843,good_potential
4538,983,Oberbipp,46.998446429884,7.415784515148321,good_potential
4539,975,Farnern,47.474475468313564,7.545913670320289,high_potential
4542,2527,Luterbach,47.08657363624248,8.28623302776721,moderate_potential
4543,2516,Deitingen,46.42613552472022,6.325097653143936,good_potential
4552,2517,Derendingen,46.75110705819847,7.572212349727759,moderate_potential
4553,2532,Subingen,46.50406480376567,6.252187387334274,moderate_potential
4554,2518,Etziken,47.027119783701835,9.56250575530112,moderate_potential
4556,2511,Aeschi (SO),47.54798342173435,8.854036926172505,good_potential
4557,2523,Horriwil,46.22582997016357,7.270469752226884,moderate_potential
4558,2535,Drei Höfe,46.59816312533053,6.691728704831977,moderate_potential
4562,2513,Biberist,46.88661000524273,8.525345506631274,moderate_potential
4563,2519,Gerlafingen,47.3799944884354,8.024578279516692,moderate_potential
4564,2528,Obergerlafingen,47.30878962900975,7.118719175140311,moderate_potential
4565,2530,Recherswil,47.57602694851265,8.94024450678234,moderate_potential
4566,2525,Kriegstetten,46.858235403879846,7.604789861096736,moderate_potential
4571,2455,Lüterkofen-Ichertswil,47.2097047282216,7.6915991690610674,moderate_potential
4573,2526,Lohn-Ammannsegg,47.036459482926425,7.0921233273552895,moderate_potential
4574,2464,Lüsslingen-Nennigkofen,46.62419277302179,6.574911359318289,moderate_potential
4576,2465,Buchegg,46.709080345500375,6.7235057709173525,moderate_potential
4577,2465,Buchegg,46.709080345500375,6.7235057709173525,moderate_potential
4578,2465,Buchegg,46.709080345500375,6.7235057709173525,moderate_potential
4579,2465,Buchegg,46.709080345500375,6.7235057709173525,moderate_potential
4581,2465,Buchegg,46.709080345500375,6.7235057709173525,moderate_potential
4582,2465,Buchegg,46.709080345500375,6.7235057709173525,moderate_potential
4583,2465,Buchegg,46.709080345500375,6.7235057709173525,moderate_potential
4584,2465,Buchegg,46.709080345500375,6.7235057709173525,moderate_potential
4585,2445,Biezwil,47.190971699994805,8.420128294660312,moderate_potential
4586,2465,Buchegg,46.709080345500375,6.7235057709173525,moderate_potential
4587,2465,Buchegg,46.709080345500375,6.7235057709173525,moderate_potential
4588,2463,Unterramsern,47.34210019932727,7.87161336098478,moderate_potential
4600,2581,Olten,47.04490622292219,8.374359752055351,moderate_potential
4612,2586,Wangen bei Olten,46.45867646507311,6.786180946551479,moderate_potential
4613,2582,Rickenbach (SO),46.933011170397826,9.40689564342071,moderate_potential
4614,2579,Hägendorf,46.142119364429256,9.052630322002326,high_potential
4615,2579,Hägendorf,46.142119364429256,9.052630322002326,high_potential
4616,2580,Kappel (SO),47.36059608279244,9.078789361371923,good_potential
4617,2578,Gunzgen,47.4756286930714,9.494951201575324,moderate_potential
4618,2571,Boningen,47.49431116384109,8.3468141528451,good_potential
4622,2401,Egerkingen,46.3037273774458,7.644738357330776,high_potential
4623,2404,Neuendorf,47.24389869954972,9.476819484397549,good_potential
4624,2402,Härkingen,47.491470788715326,7.798480207290143,high_potential
4625,2406,Oberbuchsiten,46.94658290187001,7.27192596153071,high_potential
4626,2405,Niederbuchsiten,46.73945335269345,7.547271725219585,high_potential
4628,2408,Wolfwil,46.63107787617779,6.43591874238775,high_potential
4629,2575,Fulenbach,47.26755811924008,7.698143728964972,good_potential
4632,2500,Trimbach,47.42568378126206,7.89693753427513,moderate_potential
4633,2491,Hauenstein-Ifenthal,47.537519098014286,8.666478665741806,moderate_potential
4634,2502,Wisen (SO),46.72006285141239,7.0618211006202625,moderate_potential
4652,2501,Winznau,46.98485086980963,6.753181815065496,moderate_potential
4653,2497,Obergösgen,45.98313313042858,8.865567229962549,moderate_potential
4654,2493,Lostorf,46.697335063935014,9.422959070462372,moderate_potential
4655,2499,Stüsslingen,46.69412660498434,9.3925608952785975,moderate_potential
4656,2584,Starrkirch-Wil,46.75678928898666,6.702873985896735,moderate_potential
4657,2573,Dulliken,47.33100382713224,7.3176405880318,moderate_potential
4658,2572,Däniken,47.082649097018376,9.554103023022192,moderate_potential
4663,4271,Aarburg,47.34044028007206,7.471756509731396,moderate_potential
4665,4280,Oftringen,46.76310016737486,6.747797847364334,moderate_potential
4702,2407,Oensingen,46.968202757946784,6.582757037274867,moderate_potential
4703,2403,Kestenholz,46.23281551305623,6.885316672895866,good_potential
4704,981,Niederbipp,46.61899905499662,8.050891748211692,high_potential
4710,2422,Balsthal,47.1287829869208,8.368473788378024,good_potential
4712,2426,Laupersdorf,47.335438937147416,8.433030319539824,high_potential
4713,2427,Matzendorf,47.281459055928345,8.409453885156132,good_potential
4714,2421,Aedermannsdorf,46.84238089041918,6.967205742128128,high_potential
4715,2424,Herbetswil,46.57344187394727,6.480795233905295,good_potential
4716,2430,Welschenrohr-Gänsbrunnen,46.71353816725224,6.801767544915736,good_potential
4717,2428,Mümliswil-Ramiswil,45.91941584432689,7.21280896280541,high_potential
4718,2425,Holderbank (SO),47.08145142923182,7.240754968496416,good_potential
4719,2428,Mümliswil-Ramiswil,45.91941584432689,7.21280896280541,high_potential
4800,4289,Zofingen,47.3329448554512,8.062713599995977,high_potential
4802,4285,Strengelbach,46.03652724921864,8.967645469320553,good_potential
4803,4287,Vordemwald,47.38140772211241,8.531384597238088,moderate_potential
4805,4274,Brittnau,46.157518518319506,7.1118472913269875,moderate_potential
4806,1147,Wikon,46.113169011720125,8.922278676381701,good_potential
4812,4289,Zofingen,47.3329448554512,8.062713599995977,high_potential
4813,4286,Uerkheim,47.05319647769421,8.056629936628283,moderate_potential
4814,4273,Bottenwil,46.74320267296716,6.996626305357893,good_potential
4852,4282,Rothrist,47.30251959817808,8.76866665594394,moderate_potential
4853,4279,Murgenthal,46.269119485814954,8.680872821045632,moderate_potential
4856,4279,Murgenthal,46.269119485814954,8.680872821045632,moderate_potential
4900,329,Langenthal,46.54929063862516,7.379838761037158,good_potential
4911,341,Schwarzhäusern,47.51331672340432,9.51241738787312,good_potential
4912,321,Aarwangen,47.47588625260339,8.222120252854653,good_potential
4913,323,Bannwil,47.52865425193537,8.81541996245954,high_potential
4914,337,Roggwil (BE),46.835853206746364,8.118911737814155,moderate_potential
4915,1139,Pfaffnau,46.82368619446255,6.488940173665029,good_potential
4916,329,Langenthal,46.54929063862516,7.379838761037158,good_potential
4917,333,Melchnau,46.18890540818902,7.714186063776898,high_potential
4919,336,Reisiswil,47.54520202169209,7.9527781564318705,high_potential
4922,342,Thunstetten,47.10756057973282,8.528322991307036,good_potential
4923,345,Wynau,47.44677207532275,9.117201058956551,good_potential
4924,329,Langenthal,46.54929063862516,7.379838761037158,good_potential
4932,331,Lotzwil,46.83985446831378,8.301396569680321,high_potential
4933,340,Rütschelen,47.31249826308454,8.397673314825731,high_potential
4934,332,Madiswil,46.522616560694665,6.257695573054088,high_potential
4935,332,Madiswil,46.522616560694665,6.257695573054088,high_potential
4936,332,Madiswil,46.522616560694665,6.257695573054088,high_potential
4937,344,Ursenbach,46.75668864685609,7.957389817886689,high_potential
4938,339,Rohrbachgraben,47.608445417174366,8.671175327327038,high_potential
4942,959,Walterswil (BE),46.91762691975724,7.178525675270351,high_potential
4943,335,Oeschenbach,47.20182076906861,8.116514278707358,high_potential
4944,322,Auswil,47.28794670617629,7.722658886847387,high_potential
4950,954,Huttwil,47.526619701603074,8.929417675853005,high_potential
4952,953,Eriswil,47.130881522589355,8.140831637969168,high_potential
4953,954,Huttwil,47.526619701603074,8.929417675853005,high_potential
4954,960,Wyssachen,47.08727890405917,7.253743886350892,high_potential
4955,326,Gondiswil,47.504731409348835,8.212991588324291,good_potential
5000,4001,Aarau,46.53191451437727,9.235048868456593,moderate_potential
5004,4001,Aarau,46.53191451437727,9.235048868456593,moderate_potential
5012,2583,Schönenwerd,47.18791907751163,7.6458008061317555,moderate_potential
5013,2495,Niedergösgen,47.37984402170938,8.422411787638646,moderate_potential
5014,2576,Gretzenbach,47.080616582570954,7.778986065239217,moderate_potential
5015,2503,Erlinsbach (SO),47.43897752635193,7.586650856385759,moderate_potential
5017,4005,Erlinsbach (AG),47.45446798556694,7.639605580314909,moderate_potential
5018,4005,Erlinsbach (AG),47.45446798556694,7.639605580314909,moderate_potential
5022,4008,Küttigen,46.64288322044019,6.778219247339535,moderate_potential
5023,4002,Biberstein,47.22522130065631,8.511055569329706,moderate_potential
5024,4008,Küttigen,46.64288322044019,6.778219247339535,moderate_potential
5025,4004,Densbüren,46.23354553828114,7.877120049474801,moderate_potential
5026,4004,Densbüren,46.23354553828114,7.877120049474801,moderate_potential
5027,4186,Herznach-Ueken,47.43823803251991,7.0463285982256165,moderate_potential
5028,4186,Herznach-Ueken,47.43823803251991,7.0463285982256165,moderate_potential
5032,4001,Aarau,46.53191451437727,9.235048868456593,moderate_potential
5033,4003,Buchs (AG),46.86311374154802,6.487567320873599,moderate_potential
5034,4012,Suhr,47.73837827713615,8.65818943938787,moderate_potential
5035,4013,Unterentfelden,46.84251084532326,7.756141024104461,moderate_potential
5036,4010,Oberentfelden,46.66062039157365,7.539506407699957,moderate_potential
5037,4009,Muhen,47.00188898586013,7.268867241103463,moderate_potential
5040,4144,Schöftland,46.46939492640533,8.246356151015819,good_potential
5042,4007,Hirschthal,47.37164478984616,8.338523677518234,good_potential
5043,4136,Holziken,47.56306948681405,8.824156724968503,moderate_potential
5044,4142,Schlossrued,47.47304489968915,7.8784002138709806,good_potential
5046,4143,Schmiedrued,47.32895667927962,7.967284948905947,high_potential
5053,4284,Staffelbach,47.38553305963698,8.180522148552607,high_potential
5054,4275,Kirchleerau,46.451490555592564,6.12729221329544,high_potential
5056,4281,Reitnau,46.55343161567541,6.550766507884789,high_potential
5057,4281,Reitnau,46.55343161567541,6.550766507884789,high_potential
5058,4288,Wiliberg,46.79043457427711,6.609762654498174,high_potential
5062,4173,Oberhof,46.65427795055322,6.775034189557495,moderate_potential
5063,4182,Wölflinswil,46.55731891010574,9.370363846261505,moderate_potential
5064,4181,Wittnau,46.46971545508868,6.311578617904728,moderate_potential
5070,4163,Frick,47.22495926013958,7.5522383940863325,moderate_potential
5072,4175,Oeschgen,46.61276927767263,6.5290983270952285,moderate_potential
5073,4165,Gipf-Oberfrick,46.617928054371276,7.127803319560437,moderate_potential
5074,4161,Eiken,47.28705731616911,8.920943012760143,moderate_potential
5075,4185,Böztal,46.32791895188801,7.853335407824269,moderate_potential
5076,4185,Böztal,46.32791895188801,7.853335407824269,moderate_potential
5077,4185,Böztal,46.32791895188801,7.853335407824269,moderate_potential
5078,4185,Böztal,46.32791895188801,7.853335407824269,moderate_potential
5079,4183,Zeihen,46.42624356795928,6.138134351222774,moderate_potential
5080,4170,Laufenburg,47.45828650683177,8.962851362589896,moderate_potential
5082,4169,Kaisten,47.36417085812538,7.9540485381909445,moderate_potential
5083,4169,Kaisten,47.36417085812538,7.9540485381909445,moderate_potential
5084,4170,Laufenburg,47.45828650683177,8.962851362589896,moderate_potential
5085,4170,Laufenburg,47.45828650683177,8.962851362589896,moderate_potential
5102,4206,Rupperswil,46.384548962294815,7.252687472235393,moderate_potential
5103,4203,Möriken-Wildegg,46.84389103292163,6.846149975450751,moderate_potential
5105,4091,Auenstein,46.78764203007014,6.4994445350901975,moderate_potential
5106,4120,Veltheim (AG),47.37499846551598,8.083807137401848,moderate_potential
5107,4125,Schinznach,46.38111581213611,6.20488012294929,moderate_potential
5108,4125,Schinznach,46.38111581213611,6.20488012294929,moderate_potential
5112,4117,Thalheim (AG),47.20921925537349,9.521089678726945,moderate_potential
5113,4199,Holderbank (AG),46.73395312052626,9.401498042177566,moderate_potential
5116,4095,Brugg,47.560039317667304,9.313648957749052,moderate_potential
5200,4095,Brugg,47.560039317667304,9.313648957749052,moderate_potential
5210,4123,Windisch,46.75733759321142,7.2763903978549305,moderate_potential
5212,4100,Hausen (AG),47.023729934896345,7.077566539391237,moderate_potential
5213,4095,Brugg,47.560039317667304,9.313648957749052,moderate_potential
5222,4095,Brugg,47.560039317667304,9.313648957749052,moderate_potential
5223,4111,Riniken,46.62494254517474,9.991023661698183,moderate_potential
5225,4124,Bözberg,46.60030067351322,7.1192954356506055,moderate_potential
5233,4121,Villigen,46.40619259773212,6.968442788060134,moderate_potential
5234,4121,Villigen,46.40619259773212,6.968442788060134,moderate_potential
5235,4112,Rüfenach,47.523751276652156,7.77895730241693,moderate_potential
5236,4110,Remigen,47.012613274059326,8.321342378017944,moderate_potential
5237,4106,Mönthal,46.578712020426046,6.355328965678005,moderate_potential
5242,4092,Birr,47.17090971661452,7.4666161733991085,moderate_potential
5243,4107,Mülligen,47.270498340333674,7.610391750256487,moderate_potential
5244,4093,Birrhard,47.12388181701447,7.317287390126494,moderate_potential
5245,4099,Habsburg,46.03379774386733,8.999529118671017,moderate_potential
5246,4104,Lupfig,45.846985367340295,9.036448000313408,moderate_potential
5272,4164,Gansingen,47.63369827156401,8.788013107610936,moderate_potential
5273,4184,Mettauertal,47.39327045420761,7.751759014627141,moderate_potential
5274,4184,Mettauertal,47.39327045420761,7.751759014627141,moderate_potential
5275,4184,Mettauertal,47.39327045420761,7.751759014627141,moderate_potential
5276,4184,Mettauertal,47.39327045420761,7.751759014627141,moderate_potential
5277,4184,Mettauertal,47.39327045420761,7.751759014627141,moderate_potential
5300,4021,Baden,47.64121434920245,8.918971179748596,moderate_potential
5301,4044,Untersiggenthal,46.36070728985736,9.623765816238613,moderate_potential
5303,4047,Würenlingen,46.73985472972295,7.0274077000056066,moderate_potential
5304,4305,Endingen,46.62351361860156,7.748645591026812,moderate_potential
5305,4305,Endingen,46.62351361860156,7.748645591026812,moderate_potential
5306,4320,Tegerfelden,47.44146524281187,7.492769000459693,moderate_potential
5312,4304,Döttingen,47.29052465611799,7.404139728460313,moderate_potential
5313,4309,Klingnau,46.19508148761087,8.913189149288375,moderate_potential
5314,4303,Böttstein,47.37108710819139,7.855970315301489,moderate_potential
5315,4303,Böttstein,47.37108710819139,7.855970315301489,moderate_potential
5316,4313,Leuggern,47.38398955057657,9.64695257232101,moderate_potential
5317,4313,Leuggern,47.38398955057657,9.64695257232101,moderate_potential
5318,4105,Mandach,47.58810800533736,8.881935763506384,moderate_potential
5322,4310,Koblenz,47.47909663152484,7.0978352674552605,moderate_potential
5323,4324,Zurzach,47.102887083855194,7.243151833651079,moderate_potential
5324,4307,Full-Reuenthal,47.06668639574612,7.578635128618038,moderate_potential
5325,4311,Leibstadt,46.353437093588205,6.89584777858502,moderate_potential
5326,4176,Schwaderloch,47.04730815016089,6.8019321102322365,moderate_potential
5330,4324,Zurzach,47.102887083855194,7.243151833651079,moderate_potential
5332,4324,Zurzach,47.102887083855194,7.243151833651079,moderate_potential
5333,4324,Zurzach,47.102887083855194,7.243151833651079,moderate_potential
5334,4324,Zurzach,47.102887083855194,7.243151833651079,moderate_potential
5400,4021,Baden,47.64121434920245,8.918971179748596,moderate_potential
5404,4021,Baden,47.64121434920245,8.918971179748596,moderate_potential
5405,4021,Baden,47.64121434920245,8.918971179748596,moderate_potential
5406,4021,Baden,47.64121434920245,8.918971179748596,moderate_potential
5408,4026,Ennetbaden,47.15576328375886,8.029548024474854,moderate_potential
5412,4029,Gebenstorf,47.34465426914971,8.358243587863615,moderate_potential
5413,4024,Birmenstorf (AG),47.409197031074086,7.809948544669708,moderate_potential
5415,4038,Obersiggenthal,47.16830333124399,9.394473863075644,moderate_potential
5416,4038,Obersiggenthal,47.16830333124399,9.394473863075644,moderate_potential
5417,4044,Untersiggenthal,46.36070728985736,9.623765816238613,moderate_potential
5420,4049,Ehrendingen,47.224456520896275,8.46262535541158,moderate_potential
5423,4028,Freienwil,47.18761010605473,7.829455349462027,moderate_potential
5425,4318,Schneisingen,46.92354098983981,6.945878278724781,moderate_potential
5426,4312,Lengnau (AG),46.0373602485555,8.944370620651053,moderate_potential
5430,4045,Wettingen,47.45724380459599,7.580260364842586,moderate_potential
5432,4034,Neuenhof,46.97088724100707,6.856320654343077,moderate_potential
5436,4048,Würenlos,47.75313865349737,8.644320651649855,moderate_potential
5442,4027,Fislisbach,46.593584596684984,6.460943432972244,moderate_potential
5443,4035,Niederrohrdorf,46.52651208718088,6.687594331274621,moderate_potential
5444,4031,Künten,47.16097165053157,8.973300664798105,moderate_potential
5445,4066,Eggenwil,47.53710581385555,7.989165130575802,moderate_potential
5452,4037,Oberrohrdorf,47.415981642172795,8.952947337855251,moderate_potential
5453,4039,Remetschwil,47.11895126507952,7.480824665786249,moderate_potential
5454,4022,Bellikon,47.540953370671936,8.383771698558116,moderate_potential
5462,4319,Siglistorf,47.1513145563953,7.411294155839236,moderate_potential
5463,4324,Zurzach,47.102887083855194,7.243151833651079,moderate_potential
5464,4324,Zurzach,47.102887083855194,7.243151833651079,moderate_potential
5465,4314,Mellikon,46.37091516300053,8.945631431599967,moderate_potential
5466,4324,Zurzach,47.102887083855194,7.243151833651079,moderate_potential
5467,4306,Fisibach,46.71111039200654,7.243714566632914,moderate_potential
5502,4200,Hunzenschwil,46.79037431927332,7.539167707088109,moderate_potential
5503,4207,Schafisheim,45.88227266705647,9.015280139474072,moderate_potential
5504,4205,Othmarsingen,47.004264342910844,7.994053207217268,good_potential
5505,4193,Brunegg,46.646138623543784,6.933985514268985,moderate_potential
5506,4032,Mägenwil,46.83956657065379,7.4964872151111415,moderate_potential
5507,4033,Mellingen,46.605263120764825,6.821396239859,moderate_potential
5512,4046,Wohlenschwil,47.60232051302161,8.771940779160186,moderate_potential
5522,4077,Tägerig,46.40925140838405,6.229731354380089,moderate_potential
5524,4072,Niederwil (AG),47.39734829829112,7.327378299744738,moderate_potential
5525,4067,Fischbach-Göslikon,46.77597475799394,7.149269054785824,moderate_potential
5600,4201,Lenzburg,46.52522624759513,6.636807148005462,good_potential
5603,4210,Staufen,47.07039086859859,7.22011449650662,good_potential
5604,4198,Hendschiken,46.98269261415572,7.343644911644511,good_potential
5605,4065,Dottikon,47.33490224351325,9.563542267818116,moderate_potential
5606,4194,Dintikon,46.89971014344094,7.544881998091592,high_potential
5607,4068,Hägglingen,47.45041442582266,8.927235661551295,moderate_potential
5608,4041,Stetten (AG),46.74527709668818,6.653261964894784,moderate_potential
5610,4082,Wohlen (AG),46.91506051948326,6.475190203059459,moderate_potential
5611,4082,Wohlen (AG),46.91506051948326,6.475190203059459,moderate_potential
5612,4080,Villmergen,47.26308419139312,6.991536770038671,good_potential
5613,4080,Villmergen,47.26308419139312,6.991536770038671,good_potential
5614,4076,Sarmenstorf,47.48467421346697,9.403391046706053,high_potential
5615,4196,Fahrwangen,46.8232996471768,6.84132702678532,good_potential
5616,4202,Meisterschwanden,46.28190271656553,7.76165863801209,high_potential
5617,4202,Meisterschwanden,46.28190271656553,7.76165863801209,high_potential
5618,4227,Bettwil,47.46132724594323,9.56105957106073,moderate_potential
5619,4064,Büttikon,47.64186307671208,8.684475826543268,good_potential
5620,4063,Bremgarten (AG),47.19564138687046,7.2479033993112445,moderate_potential
5621,4083,Zufikon,46.69588389040448,6.754078395444246,moderate_potential
5622,4240,Waltenschwil,47.41996433058889,6.9567237639743285,good_potential
5623,4228,Boswil,47.324181947639076,7.9073719073829976,moderate_potential
5624,4229,Bünzen,47.113091639404395,7.802905460903297,moderate_potential
5625,4233,Kallern,47.46679344153601,8.34122399129319,good_potential
5626,4063,Bremgarten (AG),47.19564138687046,7.2479033993112445,moderate_potential
5627,4226,Besenbüren,47.304559805782425,7.821445921525911,moderate_potential
5628,4222,Aristau,47.38842513740515,7.719989426675823,moderate_potential
5630,4236,Muri (AG),47.29968340424825,8.402231534538867,moderate_potential
5632,4230,Buttwil,46.201034116112474,6.968423268962547,moderate_potential
5634,4234,Merenschwand,46.77496897687874,7.57459064036469,moderate_potential
5636,4234,Merenschwand,46.77496897687874,7.57459064036469,moderate_potential
5637,4232,Geltwil,47.53516673660284,7.5060980645996365,good_potential
5642,4235,Mühlau,47.03697938280339,8.107643040110892,moderate_potential
5643,4239,Sins,46.4836795032202,6.3508129652013,good_potential
5644,4223,Auw,47.257289365222206,8.663533723237107,good_potential
5645,4239,Sins,46.4836795032202,6.3508129652013,good_potential
5646,4221,Abtwil,47.41749657066739,7.284502147883891,high_potential
5647,4237,Oberrüti,46.3980816139054,7.338642495223148,moderate_potential
5702,4204,Niederlenz,47.17459666963328,8.062645527417532,good_potential
5703,4209,Seon,46.80787751182028,6.858088679631691,good_potential
5704,4195,Egliswil,47.68575402911234,8.651691987472889,high_potential
5705,4197,Hallwil,46.499991161041464,8.06585550762974,good_potential
5706,4192,Boniswil,47.07530795450695,7.101601248046387,high_potential
5707,4208,Seengen,47.09832223579369,7.220137128366626,good_potential
5708,4132,Birrwil,46.44427618969153,8.156916921250238,good_potential
5712,4131,Beinwil am See,46.646015707151946,6.679910464747245,good_potential
5722,4006,Gränichen,47.05558131201497,9.448858162872636,moderate_potential
5723,4145,Teufenthal (AG),47.224653353353304,7.885093153404538,moderate_potential
5724,4134,Dürrenäsch,46.52987166206556,6.517009777479994,good_potential
5725,4138,Leutwil,46.5174120802697,6.452635920427317,high_potential
5726,4146,Unterkulm,46.255882519691795,7.380921052563218,moderate_potential
5727,4140,Oberkulm,46.9981422767626,7.100589287154252,good_potential
5728,4135,Gontenschwil,47.368356203437415,8.38475645089412,high_potential
5732,4147,Zetzwil,47.14919223918138,7.261093235892499,high_potential
5733,4137,Leimbach (AG),46.94236722186452,7.12799328724606,high_potential
5734,4141,Reinach (AG),46.69229600197954,7.720849135036365,good_potential
5735,1097,Rickenbach (LU),46.78682328237975,7.22435820970458,high_potential
5736,4139,Menziken,47.32073841057268,9.231889686962644,good_potential
5737,4139,Menziken,47.32073841057268,9.231889686962644,good_potential
5742,4276,Kölliken,46.31315724316898,7.574684053453884,good_potential
5745,4283,Safenwil,47.50258363161665,8.807941682121337,moderate_potential
5746,2585,Walterswil (SO),47.205503812191495,7.746489203092042,moderate_potential
6003,1061,Luzern,46.84772532721885,6.6719747813139785,moderate_potential
6004,1061,Luzern,46.84772532721885,6.6719747813139785,moderate_potential
6005,1058,Horw,46.12375713742351,8.69383363688324,moderate_potential
6006,1061,Luzern,46.84772532721885,6.6719747813139785,moderate_potential
6010,1401,Alpnach,47.348190551387965,8.157557550582908,moderate_potential
6012,1059,Kriens,47.497666496983165,9.018707282074205,moderate_potential
6013,1066,Schwarzenberg,47.494863770313664,8.292411017853457,good_potential
6014,1061,Luzern,46.84772532721885,6.6719747813139785,moderate_potential
6015,1061,Luzern,46.84772532721885,6.6719747813139785,moderate_potential
6016,1093,Neuenkirch,47.50178106758515,8.545552486398842,good_potential
6017,1098,Ruswil,47.39192160162914,6.933566615859433,high_potential
6018,1083,Buttisholz,47.41737678344096,8.594897951367813,high_potential
6019,1098,Ruswil,47.39192160162914,6.933566615859433,high_potential
6020,1024,Emmen,47.187199686741955,7.2876761432012245,moderate_potential
6022,1086,Grosswangen,46.955944213141294,7.809634488088021,high_potential
6023,1040,Rothenburg,46.75899480867161,6.786309557056225,moderate_potential
6024,1088,Hildisrieden,46.75833983165188,6.669230713318937,good_potential
6025,1081,Beromünster,47.133471747877635,8.054882421780258,high_potential
6026,1037,Rain,46.31230908884353,8.576973756986982,high_potential
6027,1039,Römerswil,45.978195188359116,8.914024674744155,high_potential
6028,1039,Römerswil,45.978195188359116,8.914024674744155,high_potential
6030,1054,Ebikon,46.65225500088258,7.889011323873438,moderate_potential
6032,1024,Emmen,47.187199686741955,7.2876761432012245,moderate_potential
6033,1052,Buchrain,47.49431962173003,9.435247562178903,good_potential
6034,1033,Inwil,47.01190263328438,8.05081528764995,moderate_potential
6035,1052,Buchrain,47.49431962173003,9.435247562178903,good_potential
6036,1053,Dierikon,46.678257235427765,9.468183363747519,good_potential
6037,1065,Root,46.60302200545442,6.416491755315558,good_potential
6038,1065,Root,46.60302200545442,6.416491755315558,good_potential
6039,1065,Root,46.60302200545442,6.416491755315558,good_potential
6042,4231,Dietwil,47.375051370560556,7.332893678012354,moderate_potential
6043,1051,Adligenswil,46.359782692220996,6.925226723987845,good_potential
6044,1067,Udligenswil,47.22166828597549,7.515487876599917,high_potential
6045,1063,Meggen,46.08871258808851,7.395736720833099,good_potential
6047,1058,Horw,46.12375713742351,8.69383363688324,moderate_potential
6048,1058,Horw,46.12375713742351,8.69383363688324,moderate_potential
6052,1507,Hergiswil (NW),47.382436293922176,6.96353892898219,moderate_potential
6053,1401,Alpnach,47.348190551387965,8.157557550582908,moderate_potential
6055,1401,Alpnach,47.348190551387965,8.157557550582908,moderate_potential
6056,1407,Sarnen,47.576811149878786,8.984526668675954,moderate_potential
6060,1407,Sarnen,47.576811149878786,8.984526668675954,moderate_potential
6062,1407,Sarnen,47.576811149878786,8.984526668675954,moderate_potential
6063,1407,Sarnen,47.576811149878786,8.984526668675954,moderate_potential
6064,1404,Kerns,47.17269170335153,7.730516357291412,high_potential
6066,1404,Kerns,47.17269170335153,7.730516357291412,high_potential
6067,1404,Kerns,47.17269170335153,7.730516357291412,high_potential
6068,1404,Kerns,47.17269170335153,7.730516357291412,high_potential
6072,1406,Sachseln,46.709771626079444,8.944193502260807,good_potential
6073,1406,Sachseln,46.709771626079444,8.944193502260807,good_potential
6074,1403,Giswil,46.04985602399637,7.509470993903643,high_potential
6078,1405,Lungern,47.30147637457947,8.450959627986173,high_potential
6083,783,Hasliberg,47.473657320476875,9.467937797641474,high_potential
6084,783,Hasliberg,47.473657320476875,9.467937797641474,high_potential
6085,783,Hasliberg,47.473657320476875,9.467937797641474,high_potential
6086,783,Hasliberg,47.473657320476875,9.467937797641474,high_potential
6102,1062,Malters,47.519287525922735,8.993245250043309,good_potential
6103,1066,Schwarzenberg,47.494863770313664,8.292411017853457,good_potential
6105,1009,Werthenstein,47.682358775425044,8.636720897910328,high_potential
6106,1098,Ruswil,47.39192160162914,6.933566615859433,high_potential
6110,1007,Romoos,47.552238405524875,7.985245602834456,good_potential
6112,1001,Doppleschwand,47.534144879284014,8.568379904918046,moderate_potential
6113,1007,Romoos,47.552238405524875,7.985245602834456,good_potential
6114,1107,Wolhusen,46.9051450102105,7.104924407942566,high_potential
6122,1136,Menznau,46.630029861775085,9.764381599600542,high_potential
6123,1136,Menznau,46.630029861775085,9.764381599600542,high_potential
6125,1136,Menznau,46.630029861775085,9.764381599600542,high_potential
6126,1151,Willisau,47.4569015522594,7.858506017800397,high_potential
6130,1151,Willisau,47.4569015522594,7.858506017800397,high_potential
6132,1151,Willisau,47.4569015522594,7.858506017800397,high_potential
6133,1132,Hergiswil bei Willisau,46.35398541264205,7.644679884563594,high_potential
6142,1151,Willisau,47.4569015522594,7.858506017800397,high_potential
6143,1143,Schötz,46.16004968901091,8.64373835178822,high_potential
6144,1150,Zell (LU),47.545052328711165,7.537497703202738,high_potential
6145,1129,Fischbach,46.591589507390154,7.050847873173226,high_potential
6146,1131,Grossdietwil,47.141756925011876,7.370701456869454,high_potential
6147,1122,Altbüron,46.70696199797587,9.57943639150885,high_potential
6152,1150,Zell (LU),47.545052328711165,7.537497703202738,high_potential
6153,1145,Ufhusen,47.430003340345046,7.839282752121991,good_potential
6154,1135,Luthern,47.26750861661852,8.141177561273922,high_potential
6156,1135,Luthern,47.26750861661852,8.141177561273922,high_potential
6162,1002,Entlebuch,47.48044130375927,8.3235509385380535,high_potential
6163,1002,Entlebuch,47.48044130375927,8.3235509385380535,high_potential
6166,1005,Hasle (LU),45.93472092412201,8.925171031776756,moderate_potential
6167,1007,Romoos,47.552238405524875,7.985245602834456,good_potential
6170,1008,Schüpfheim,46.660220443965436,6.479543525395703,moderate_potential
6173,1004,Flühli,47.19718850035879,8.854129346972655,moderate_potential
6174,1004,Flühli,47.19718850035879,8.854129346972655,moderate_potential
6182,1010,Escholzmatt-Marbach,47.25962955060995,8.699820362848198,high_potential
6192,1010,Escholzmatt-Marbach,47.25962955060995,8.699820362848198,high_potential
6196,1010,Escholzmatt-Marbach,47.25962955060995,8.699820362848198,high_potential
6197,906,Schangnau,46.380968896267326,6.179152940890948,high_potential
6203,1093,Neuenkirch,47.50178106758515,8.545552486398842,good_potential
6204,1102,Sempach,46.85888963736533,9.276164813022566,high_potential
6205,1084,Eich,46.72548386676467,7.9259730932600005,good_potential
6206,1093,Neuenkirch,47.50178106758515,8.545552486398842,good_potential
6207,1094,Nottwil,46.72417646350054,7.143863332859647,good_potential
6208,1095,Oberkirch,47.130666887584184,8.64276026970832,high_potential
6210,1103,Sursee,47.129679668862835,9.458434609853814,good_potential
6211,1125,Dagmersellen,46.19356234358011,6.181687600608609,high_potential
6212,1089,Knutwil,47.139011506469295,9.545227119700312,good_potential
6213,1089,Knutwil,47.139011506469295,9.545227119700312,good_potential
6214,1099,Schenkon,46.25560661433983,7.0890127648571335,high_potential
6215,1081,Beromünster,47.133471747877635,8.054882421780258,high_potential
6216,1091,Mauensee,46.814532647189424,6.609750883650221,high_potential
6217,1128,Ettiswil,46.411000062067,6.1479242469760145,good_potential
6218,1128,Ettiswil,46.411000062067,6.1479242469760145,good_potential
6221,1097,Rickenbach (LU),46.78682328237975,7.22435820970458,high_potential
6222,1081,Beromünster,47.133471747877635,8.054882421780258,high_potential
6231,1100,Schlierbach,46.33628457290945,7.791697542895646,high_potential
6232,1085,Geuensee,46.49410215638058,6.529112193591738,high_potential
6233,1082,Büron,46.872405328221475,6.932446137634581,good_potential
6234,1104,Triengen,47.068859401034516,7.356344089588265,high_potential
6235,1104,Triengen,47.068859401034516,7.356344089588265,high_potential
6236,1104,Triengen,47.068859401034516,7.356344089588265,high_potential
6242,1146,Wauwil,47.10436270761309,7.363924712830397,high_potential
6243,1127,Egolzwil,46.69212606289854,6.865890310261284,high_potential
6244,1137,Nebikon,47.33302968639166,7.751544805537349,good_potential
6245,1123,Altishofen,47.21366493237073,6.94408973730676,high_potential
6246,1123,Altishofen,47.21366493237073,6.94408973730676,high_potential
6247,1143,Schötz,46.16004968901091,8.64373835178822,high_potential
6248,1121,Alberswil,47.494837339864,9.11935165787524,good_potential
6252,1125,Dagmersellen,46.19356234358011,6.181687600608609,high_potential
6253,1125,Dagmersellen,46.19356234358011,6.181687600608609,high_potential
6260,1140,Reiden,46.88915793808079,7.701232073312288,high_potential
6262,1140,Reiden,46.88915793808079,7.701232073312288,high_potential
6263,1140,Reiden,46.88915793808079,7.701232073312288,high_potential
6264,1139,Pfaffnau,46.82368619446255,6.488940173665029,good_potential
6265,1142,Roggliswil,47.543251935724676,7.876321848551464,high_potential
6274,1026,Eschenbach (LU),46.828261376705925,8.543741264226544,moderate_potential
6275,1023,Ballwil,46.15878792160598,6.845942513073379,moderate_potential
6276,1032,Hohenrain,47.05611048894275,7.079302197453932,high_potential
6277,1032,Hohenrain,47.05611048894275,7.079302197453932,high_potential
6280,1031,Hochdorf,46.776911014752315,8.751666818883226,good_potential
6283,1031,Hochdorf,46.776911014752315,8.751666818883226,good_potential
6284,1030,Hitzkirch,46.56306559996605,9.980323800469145,good_potential
6285,1030,Hitzkirch,46.56306559996605,9.980323800469145,good_potential
6286,1030,Hitzkirch,46.56306559996605,9.980323800469145,good_potential
6287,1021,Aesch (LU),46.58128303360423,6.730501825872395,moderate_potential
6288,1041,Schongau,46.906518344262786,9.70197033851267,moderate_potential
6289,1030,Hitzkirch,46.56306559996605,9.980323800469145,good_potential
6294,1025,Ermensee,47.56193417562877,9.03531751720713,high_potential
6295,1030,Hitzkirch,46.56306559996605,9.980323800469145,good_potential
6300,1711,Zug,46.77698243089891,9.193833526339615,high_potential
6312,1708,Steinhausen,46.91717795335628,6.767022679884011,moderate_potential
6313,1704,Menzingen,47.57699070330399,9.337975667158762,good_potential
6314,1709,Unterägeri,46.4523359092943,6.816966333398548,high_potential
6315,1706,Oberägeri,47.449680674814296,9.560675867174936,high_potential
6317,1711,Zug,46.77698243089891,9.193833526339615,high_potential
6318,1710,Walchwil,46.6380942123634,9.470044786329714,high_potential
6319,1701,Baar,46.75319182468773,9.833050282930941,good_potential
6330,1702,Cham,47.185044039783946,7.5478626972550025,moderate_potential
6331,1703,Hünenberg,46.152267250908146,7.93527277508992,moderate_potential
6332,1702,Cham,47.185044039783946,7.5478626972550025,moderate_potential
6333,1703,Hünenberg,46.152267250908146,7.93527277508992,moderate_potential
6340,1701,Baar,46.75319182468773,9.833050282930941,good_potential
6343,1707,Risch,47.16129768916961,7.842448497255142,good_potential
6344,1064,Meierskappel,46.168584196966115,8.74192796974964,high_potential
6345,1705,Neuheim,46.30882850082764,7.538773250338812,moderate_potential
6353,1069,Weggis,46.624878072315596,7.114564443749481,moderate_potential
6354,1068,Vitznau,47.53211077585869,7.717186918469383,moderate_potential
6356,1069,Weggis,46.624878072315596,7.114564443749481,moderate_potential
6362,1510,Stansstad,46.29134119233878,7.881313029404938,moderate_potential
6363,1510,Stansstad,46.29134119233878,7.881313029404938,moderate_potential
6365,1510,Stansstad,46.29134119233878,7.881313029404938,moderate_potential
6370,1508,Oberdorf (NW),47.550969928984124,9.236023596667671,moderate_potential
6372,1506,Ennetmoos,47.4121856895485,8.233728239729139,moderate_potential
6373,1505,Ennetbürgen,46.95220480358844,10.366514937418387,moderate_potential
6374,1502,Buochs,47.34487429809696,7.900176201975991,moderate_potential
6375,1501,Beckenried,46.9628704265073,7.891462484598803,moderate_potential
6376,1504,Emmetten,46.26586266213037,6.219110656741484,moderate_potential
6377,1215,Seelisberg,47.29840124810992,8.125931242528473,moderate_potential
6382,1508,Oberdorf (NW),47.550969928984124,9.236023596667671,moderate_potential
6383,1503,Dallenwil,47.30378208104008,7.381263313651971,good_potential
6386,1511,Wolfenschiessen,47.50672366638958,8.25649957333726,high_potential
6387,1511,Wolfenschiessen,47.50672366638958,8.25649957333726,high_potential
6388,1511,Wolfenschiessen,47.50672366638958,8.25649957333726,high_potential
6390,1402,Engelberg,47.51337813774347,7.962510524718997,moderate_potential
6402,1331,Küssnacht (SZ),46.882431685051216,10.396144486443369,good_potential
6403,1331,Küssnacht (SZ),46.882431685051216,10.396144486443369,good_potential
6404,1056,Greppen,46.94706703286656,8.011451005498945,moderate_potential
6405,1331,Küssnacht (SZ),46.882431685051216,10.396144486443369,good_potential
6410,1362,Arth,47.090046056489214,9.222937278441869,moderate_potential
6414,1362,Arth,47.090046056489214,9.222937278441869,moderate_potential
6415,1362,Arth,47.090046056489214,9.222937278441869,moderate_potential
6416,1374,Steinerberg,47.162820540443136,7.503083600388349,high_potential
6417,1371,Sattel,46.452030306298866,6.286340959159061,high_potential
6418,1370,Rothenthurm,46.16685764691641,8.831174759406945,high_potential
6422,1373,Steinen,46.535281350820526,6.589671624371131,good_potential
6423,1372,Schwyz,47.409074524351574,7.328439021499213,high_potential
6424,1365,Lauerz,46.30059545542543,7.373248112469476,moderate_potential
6430,1372,Schwyz,47.409074524351574,7.328439021499213,high_potential
6432,1372,Schwyz,47.409074524351574,7.328439021499213,high_potential
6433,1366,Morschach,46.018486485052875,8.873971831236068,high_potential
6434,1363,Illgau,46.42313090232723,6.948505877839533,high_potential
6436,1367,Muotathal,47.41288597711819,7.028035704824602,high_potential
6438,1372,Schwyz,47.409074524351574,7.328439021499213,high_potential
6440,1364,Ingenbohl,47.11578201869903,7.130665514550035,moderate_potential
6441,1215,Seelisberg,47.29840124810992,8.125931242528473,moderate_potential
6442,1311,Gersau,47.25326284296904,7.610711412830934,moderate_potential
6443,1366,Morschach,46.018486485052875,8.873971831236068,high_potential
6452,1217,Sisikon,47.29018619540149,8.088433437347101,good_potential
6454,1207,Flüelen,46.17610992852053,6.030608566187906,good_potential
6460,1201,Altdorf (UR),47.42092029822325,8.219616931004527,good_potential
6461,1211,Isenthal,46.53888647803615,6.6049928622268395,moderate_potential
6462,1214,Seedorf (UR),46.78810076523189,7.060244390350792,moderate_potential
6463,1205,Bürglen (UR),47.478397354267614,7.659063696508464,high_potential
6464,1218,Spiringen,47.43040911351237,8.773289092509458,good_potential
6465,1219,Unterschächen,47.38005141030125,7.6677576245616175,moderate_potential
6466,1214,Seedorf (UR),46.78810076523189,7.060244390350792,moderate_potential
6467,1213,Schattdorf,46.473350672885786,7.555238770985292,moderate_potential
6468,1203,Attinghausen,46.67014941725826,6.537572547419707,moderate_potential
6469,1213,Schattdorf,46.473350672885786,7.555238770985292,moderate_potential
6472,1206,Erstfeld,46.53970657124705,6.537909803016542,moderate_potential
6473,1216,Silenen,46.548873947124854,6.727040213171379,good_potential
6474,1216,Silenen,46.548873947124854,6.727040213171379,good_potential
6475,1216,Silenen,46.548873947124854,6.727040213171379,good_potential
6476,1209,Gurtnellen,45.9683519597439,8.92756256963796,moderate_potential
6482,1209,Gurtnellen,45.9683519597439,8.92756256963796,moderate_potential
6484,1220,Wassen,47.40360721789658,8.170325106709642,moderate_potential
6485,1220,Wassen,47.40360721789658,8.170325106709642,moderate_potential
6487,1208,Göschenen,47.61311846292444,8.543536559939945,moderate_potential
6490,1202,Andermatt,47.4119885020027,7.8466727655345405,good_potential
6491,1212,Realp,46.60446524161455,6.873217426840614,moderate_potential
6493,1210,Hospental,46.902288708117176,8.731610124016466,good_potential
6500,5002,Bellinzona,46.14900173294489,6.118303762045523,good_potential
6503,5002,Bellinzona,46.14900173294489,6.118303762045523,good_potential
6512,5002,Bellinzona,46.14900173294489,6.118303762045523,good_potential
6513,5002,Bellinzona,46.14900173294489,6.118303762045523,good_potential
6514,5002,Bellinzona,46.14900173294489,6.118303762045523,good_potential
6515,5002,Bellinzona,46.14900173294489,6.118303762045523,good_potential
6516,5138,Cugnasco-Gerra,46.858287915886116,8.793611572703371,moderate_potential
6517,5001,Arbedo-Castione,46.691615788755655,6.70624187593365,high_potential
6518,5002,Bellinzona,46.14900173294489,6.118303762045523,good_potential
6523,5002,Bellinzona,46.14900173294489,6.118303762045523,good_potential
6524,5002,Bellinzona,46.14900173294489,6.118303762045523,good_potential
6525,5002,Bellinzona,46.14900173294489,6.118303762045523,good_potential
6526,5287,Riviera,46.7000012769933,7.991027460649388,moderate_potential
6527,5287,Riviera,46.7000012769933,7.991027460649388,moderate_potential
6528,5002,Bellinzona,46.14900173294489,6.118303762045523,good_potential
6532,5001,Arbedo-Castione,46.691615788755655,6.70624187593365,high_potential
6533,5010,Lumino,46.592402624592886,9.431608194926103,moderate_potential
6534,3835,San Vittore,46.886583185647794,7.608126512699323,good_potential
6535,3834,Roveredo (GR),47.06035797343793,6.740384895189379,high_potential
6537,3832,Grono,46.42051841864208,8.64264443606446,moderate_potential
6538,3832,Grono,46.42051841864208,8.64264443606446,moderate_potential
6540,3805,Castaneda,45.988987247778816,8.955145783924241,moderate_potential
6541,3810,Santa Maria in Calanca,46.743160788491586,7.658283759989235,moderate_potential
6542,3804,Buseno,46.269660595275674,7.818118503747406,moderate_potential
6543,3837,Calanca,47.47709682421448,7.966097680486373,moderate_potential
6544,3837,Calanca,47.47709682421448,7.966097680486373,moderate_potential
6545,3837,Calanca,47.47709682421448,7.966097680486373,moderate_potential
6546,3837,Calanca,47.47709682421448,7.966097680486373,moderate_potential
6548,3808,Rossa,46.66112149881198,6.280355354470879,moderate_potential
6549,3834,Roveredo (GR),47.06035797343793,6.740384895189379,high_potential
6556,3832,Grono,46.42051841864208,8.64264443606446,moderate_potential
6557,3831,Cama,47.06182384079499,7.420554267081636,moderate_potential
6558,3821,Lostallo,46.30770933781374,6.8712972407476025,moderate_potential
6562,3823,Soazza,46.63440286857482,6.494849165372415,moderate_potential
6563,3822,Mesocco,47.57199933646292,8.322084814114021,moderate_potential
6565,3822,Mesocco,47.57199933646292,8.322084814114021,moderate_potential
6571,5398,Gambarogno,47.40533198865864,9.197763236886027,moderate_potential
6572,5398,Gambarogno,47.40533198865864,9.197763236886027,moderate_potential
6573,5398,Gambarogno,47.40533198865864,9.197763236886027,moderate_potential
6574,5398,Gambarogno,47.40533198865864,9.197763236886027,moderate_potential
6575,5398,Gambarogno,47.40533198865864,9.197763236886027,moderate_potential
6576,5398,Gambarogno,47.40533198865864,9.197763236886027,moderate_potential
6577,5398,Gambarogno,47.40533198865864,9.197763236886027,moderate_potential
6578,5398,Gambarogno,47.40533198865864,9.197763236886027,moderate_potential
6579,5398,Gambarogno,47.40533198865864,9.197763236886027,moderate_potential
6582,5002,Bellinzona,46.14900173294489,6.118303762045523,good_potential
6583,5002,Bellinzona,46.14900173294489,6.118303762045523,good_potential
6584,5002,Bellinzona,46.14900173294489,6.118303762045523,good_potential
6592,5017,Sant'Antonino,47.212926939006,7.880350518536624,moderate_potential
6593,5003,Cadenazzo,47.66458367812568,9.127468569416063,moderate_potential
6594,5398,Gambarogno,47.40533198865864,9.197763236886027,moderate_potential
6595,5112,Lavertezzo,46.486904111128055,6.157984334019179,moderate_potential
6596,5108,Gordola,46.783888763562835,7.090893217169143,moderate_potential
6597,5138,Cugnasco-Gerra,46.858287915886116,8.793611572703371,moderate_potential
6598,5131,Tenero-Contra,47.53664465471882,7.567851576306386,moderate_potential
6599,5003,Cadenazzo,47.66458367812568,9.127468569416063,moderate_potential
6600,5113,Locarno,47.414814984632855,7.718412437855979,moderate_potential
6605,5113,Locarno,47.414814984632855,7.718412437855979,moderate_potential
6612,5091,Ascona,46.95535725648426,7.3334351550852475,moderate_potential
6613,5125,Ronco sopra Ascona,47.11504954330705,7.231793329553944,moderate_potential
6614,5097,Brissago,46.66978704899778,6.4243262704843,moderate_potential
6616,5115,Losone,47.29837251492622,7.885343531862275,moderate_potential
6618,5115,Losone,47.29837251492622,7.885343531862275,moderate_potential
6622,5125,Ronco sopra Ascona,47.11504954330705,7.231793329553944,moderate_potential
6631,5399,Verzasca,47.066272371527575,7.549842439332938,moderate_potential
6632,5399,Verzasca,47.066272371527575,7.549842439332938,moderate_potential
6633,5399,Verzasca,47.066272371527575,7.549842439332938,moderate_potential
6634,5399,Verzasca,47.066272371527575,7.549842439332938,moderate_potential
6635,5399,Verzasca,47.066272371527575,7.549842439332938,moderate_potential
6636,5399,Verzasca,47.066272371527575,7.549842439332938,moderate_potential
6637,5399,Verzasca,47.066272371527575,7.549842439332938,moderate_potential
6644,5121,Orselina,46.55185699899008,6.595975892860663,moderate_potential
6645,5096,Brione sopra Minusio,47.45236239138114,7.0953456043621115,moderate_potential
6646,5131,Tenero-Contra,47.53664465471882,7.567851576306386,moderate_potential
6647,5117,Mergoscia,47.29715988981993,8.630166813669478,moderate_potential
6648,5118,Minusio,47.10075674503869,7.296489499828581,moderate_potential
6652,5396,Terre di Pedemonte,46.93960525085042,6.8851812886718,moderate_potential
6653,5396,Terre di Pedemonte,46.93960525085042,6.8851812886718,moderate_potential
6654,5396,Terre di Pedemonte,46.93960525085042,6.8851812886718,moderate_potential
6655,5397,Centovalli,47.32645741914926,8.177930154080068,moderate_potential
6656,5397,Centovalli,47.32645741914926,8.177930154080068,moderate_potential
6657,5397,Centovalli,47.32645741914926,8.177930154080068,moderate_potential
6658,5397,Centovalli,47.32645741914926,8.177930154080068,moderate_potential
6659,5397,Centovalli,47.32645741914926,8.177930154080068,moderate_potential
6661,5136,Onsernone,45.98968694962737,7.752701290693372,moderate_potential
6670,5324,Avegno Gordevio,47.32479794407021,8.383186981124462,moderate_potential
6672,5324,Avegno Gordevio,47.32479794407021,8.383186981124462,moderate_potential
6673,5317,Maggia,47.06433391799667,7.057529059395017,moderate_potential
6674,5317,Maggia,47.06433391799667,7.057529059395017,moderate_potential
6675,5310,Cevio,46.690789048715516,9.464976356184927,moderate_potential
6676,5310,Cevio,46.690789048715516,9.464976356184927,moderate_potential
6677,5317,Maggia,47.06433391799667,7.057529059395017,moderate_potential
6678,5317,Maggia,47.06433391799667,7.057529059395017,moderate_potential
6682,5315,Linescio,47.47812320828333,8.428793568496017,moderate_potential
6683,5309,Cerentino,47.550786589344426,9.159935575768094,moderate_potential
6684,5307,Campo (Vallemaggia),47.41291179913608,9.443694312720664,moderate_potential
6685,5304,Bosco/Gurin,47.46752557529171,8.286437652536996,moderate_potential
6690,5310,Cevio,46.690789048715516,9.464976356184927,moderate_potential
6692,5323,Lavizzara,46.18485555749458,6.100502934311729,moderate_potential
6693,5323,Lavizzara,46.18485555749458,6.100502934311729,moderate_potential
6694,5323,Lavizzara,46.18485555749458,6.100502934311729,moderate_potential
6695,5323,Lavizzara,46.18485555749458,6.100502934311729,moderate_potential
6696,5323,Lavizzara,46.18485555749458,6.100502934311729,moderate_potential
6702,5002,Bellinzona,46.14900173294489,6.118303762045523,good_potential
6703,5287,Riviera,46.7000012769933,7.991027460649388,moderate_potential
6705,5287,Riviera,46.7000012769933,7.991027460649388,moderate_potential
6707,5287,Riviera,46.7000012769933,7.991027460649388,moderate_potential
6710,5281,Biasca,46.709245150528844,6.441858460235839,moderate_potential
6713,5050,Serravalle,46.210734970581726,6.094633750218651,moderate_potential
6714,5050,Serravalle,46.210734970581726,6.094633750218651,moderate_potential
6715,5048,Acquarossa,47.470547377505866,8.09309003838199,moderate_potential
6716,5048,Acquarossa,47.470547377505866,8.09309003838199,moderate_potential
6717,5049,Blenio,46.44146403916507,6.2753563260879774,moderate_potential
6718,5049,Blenio,46.44146403916507,6.2753563260879774,moderate_potential
6719,5049,Blenio,46.44146403916507,6.2753563260879774,moderate_potential
6720,5049,Blenio,46.44146403916507,6.2753563260879774,moderate_potential
6721,5050,Serravalle,46.210734970581726,6.094633750218651,moderate_potential
6722,5048,Acquarossa,47.470547377505866,8.09309003838199,moderate_potential
6723,5048,Acquarossa,47.470547377505866,8.09309003838199,moderate_potential
6724,5048,Acquarossa,47.470547377505866,8.09309003838199,moderate_potential
6742,5077,Pollegio,46.17162277249895,6.166873028914323,moderate_potential
6743,5073,Giornico,47.5152910971961,9.419311007680143,moderate_potential
6744,5076,Personico,47.1562179031065,7.1931542831239765,moderate_potential
6745,5073,Giornico,47.5152910971961,9.419311007680143,moderate_potential
6746,5072,Faido,47.269467155578944,7.495472154668238,moderate_potential
6747,5072,Faido,47.269467155578944,7.495472154668238,moderate_potential
6748,5072,Faido,47.269467155578944,7.495472154668238,moderate_potential
6749,5072,Faido,47.269467155578944,7.495472154668238,moderate_potential
6760,5072,Faido,47.269467155578944,7.495472154668238,moderate_potential
6763,5072,Faido,47.269467155578944,7.495472154668238,moderate_potential
6764,5072,Faido,47.269467155578944,7.495472154668238,moderate_potential
6772,5079,Quinto,47.054446806870935,7.58238024550454,moderate_potential
6773,5079,Quinto,47.054446806870935,7.58238024550454,moderate_potential
6774,5071,Dalpe,46.25466528258911,6.1452840598058245,moderate_potential
6775,5079,Quinto,47.054446806870935,7.58238024550454,moderate_potential
6776,5079,Quinto,47.054446806870935,7.58238024550454,moderate_potential
6777,5079,Quinto,47.054446806870935,7.58238024550454,moderate_potential
6780,5061,Airolo,46.62443622696672,6.3931947570782555,high_potential
6781,5063,Bedretto,47.30147774541973,8.85277579922448,moderate_potential
6802,5238,Monteceneri,47.09689453566984,9.550916751710446,good_potential
6803,5238,Monteceneri,47.09689453566984,9.550916751710446,good_potential
6804,5238,Monteceneri,47.09689453566984,9.550916751710446,good_potential
6805,5199,Mezzovico-Vira,46.77086474894406,6.691625906056735,moderate_potential
6806,5238,Monteceneri,47.09689453566984,9.550916751710446,good_potential
6807,5227,Torricella-Taverne,47.47057951398963,7.7655730858408285,moderate_potential
6808,5227,Torricella-Taverne,47.47057951398963,7.7655730858408285,moderate_potential
6809,5238,Monteceneri,47.09689453566984,9.550916751710446,good_potential
6810,5009,Isone,46.89797127598009,7.137899299754921,good_potential
6814,5189,Lamone,47.00944233965623,7.781385739727726,moderate_potential
6815,5198,Melide,47.217258007347745,7.448421257385641,moderate_potential
6816,5154,Bissone,47.13690897122276,7.529881909403137,moderate_potential
6817,5240,Val Mara,46.55082150214323,9.930250938476924,moderate_potential
6818,5240,Val Mara,46.55082150214323,9.930250938476924,moderate_potential
6821,5240,Val Mara,46.55082150214323,9.930250938476924,moderate_potential
6822,5144,Arogno,46.684424278028025,6.935269519698733,moderate_potential
6823,5192,Lugano,47.0513419091483,7.026653878081035,good_potential
6825,5254,Mendrisio,46.482818223526614,6.671541159017298,moderate_potential
6826,5263,Riva San Vitale,47.57609860035254,9.319066000761229,moderate_potential
6827,5160,Brusino Arsizio,47.17428132346861,7.608317386717998,moderate_potential
6828,5242,Balerna,46.52579887486573,6.466716562333708,moderate_potential
6830,5250,Chiasso,47.37932001176421,7.588900103543226,moderate_potential
6832,5250,Chiasso,47.37932001176421,7.588900103543226,moderate_potential
6833,5268,Vacallo,47.58626899430937,8.56807726360698,moderate_potential
6834,5257,Morbio Inferiore,46.38792655399922,7.7344024290592355,moderate_potential
6835,5269,Breggia,47.49955808947332,8.08955808791217,moderate_potential
6837,5269,Breggia,47.49955808947332,8.08955808791217,moderate_potential
6838,5269,Breggia,47.49955808947332,8.08955808791217,moderate_potential
6839,5269,Breggia,47.49955808947332,8.08955808791217,moderate_potential
6850,5254,Mendrisio,46.482818223526614,6.671541159017298,moderate_potential
6852,5254,Mendrisio,46.482818223526614,6.671541159017298,moderate_potential
6853,5254,Mendrisio,46.482818223526614,6.671541159017298,moderate_potential
6854,5266,Stabio,46.21425818842026,8.826516426810798,moderate_potential
6855,5266,Stabio,46.21425818842026,8.826516426810798,moderate_potential
6862,5254,Mendrisio,46.482818223526614,6.671541159017298,moderate_potential
6863,5254,Mendrisio,46.482818223526614,6.671541159017298,moderate_potential
6864,5254,Mendrisio,46.482818223526614,6.671541159017298,moderate_potential
6865,5254,Mendrisio,46.482818223526614,6.671541159017298,moderate_potential
6866,5254,Mendrisio,46.482818223526614,6.671541159017298,moderate_potential
6867,5160,Brusino Arsizio,47.17428132346861,7.608317386717998,moderate_potential
6872,5254,Mendrisio,46.482818223526614,6.671541159017298,moderate_potential
6873,5249,Castel San Pietro,47.551217727486154,8.79338919584641,moderate_potential
6874,5249,Castel San Pietro,47.551217727486154,8.79338919584641,moderate_potential
6875,5249,Castel San Pietro,47.551217727486154,8.79338919584641,moderate_potential
6877,5251,Coldrerio,47.20477818742294,8.651262930253985,moderate_potential
6883,5260,Novazzano,46.34808795443825,8.057128871422828,moderate_potential
6900,5192,Lugano,47.0513419091483,7.026653878081035,good_potential
6912,5192,Lugano,47.0513419091483,7.026653878081035,good_potential
6913,5192,Lugano,47.0513419091483,7.026653878081035,good_potential
6914,5192,Lugano,47.0513419091483,7.026653878081035,good_potential
6915,5192,Lugano,47.0513419091483,7.026653878081035,good_potential
6916,5186,Grancia,47.19855481578142,8.487186791879877,moderate_potential
6917,5192,Lugano,47.0513419091483,7.026653878081035,good_potential
6918,5192,Lugano,47.0513419091483,7.026653878081035,good_potential
6919,5236,Collina d'Oro,46.691179781914215,8.305353818539352,moderate_potential
6921,5233,Vico Morcote,46.65147986601378,6.542921253641788,moderate_potential
6922,5203,Morcote,46.57528158902024,7.737107934863067,moderate_potential
6924,5225,Sorengo,47.682034769654386,8.511957163235797,moderate_potential
6925,5236,Collina d'Oro,46.691179781914215,8.305353818539352,moderate_potential
6926,5236,Collina d'Oro,46.691179781914215,8.305353818539352,moderate_potential
6927,5236,Collina d'Oro,46.691179781914215,8.305353818539352,moderate_potential
6928,5194,Manno,47.38184175087711,8.655902956805757,moderate_potential
6929,5187,Gravesano,46.686528990844955,7.670756630349202,moderate_potential
6930,5148,Bedano,46.715736036684234,7.522959356753707,moderate_potential
6932,5192,Lugano,47.0513419091483,7.026653878081035,good_potential
6933,5205,Muzzano,47.65804840288559,8.82716048214143,moderate_potential
6934,5151,Bioggio,47.435936902017346,7.5278606896565154,moderate_potential
6935,5151,Bioggio,47.435936902017346,7.5278606896565154,moderate_potential
6936,5161,Cademario,46.15168834219694,7.0616737023161615,moderate_potential
6937,5237,Alto Malcantone,47.41350313991488,7.200712529469681,moderate_potential
6938,5237,Alto Malcantone,47.41350313991488,7.200712529469681,moderate_potential
6939,5237,Alto Malcantone,47.41350313991488,7.200712529469681,moderate_potential
6942,5221,Savosa,46.780288931825595,7.635548287148023,moderate_potential
6943,5231,Vezia,46.760954051383834,7.532413995425398,moderate_potential
6944,5180,Cureglia,47.183391231388036,7.635728152474716,moderate_potential
6945,5208,Origlio,46.66980914275624,7.130735012842749,moderate_potential
6946,5212,Ponte Capriasca,47.29141766170554,7.031713380509121,good_potential
6947,5226,Capriasca,46.1984880925737,5.98907195491091,high_potential
6948,5214,Porza,46.96047833633914,8.838558086260122,moderate_potential
6949,5176,Comano,46.73145230322674,8.038460379762352,moderate_potential
6950,5226,Capriasca,46.1984880925737,5.98907195491091,high_potential
6951,5192,Lugano,47.0513419091483,7.026653878081035,good_potential
6952,5167,Canobbio,46.62050498092898,8.631422052649112,moderate_potential
6953,5226,Capriasca,46.1984880925737,5.98907195491091,high_potential
6954,5226,Capriasca,46.1984880925737,5.98907195491091,high_potential
6955,5226,Capriasca,46.1984880925737,5.98907195491091,high_potential
6956,5226,Capriasca,46.1984880925737,5.98907195491091,high_potential
6957,5226,Capriasca,46.1984880925737,5.98907195491091,high_potential
6958,5226,Capriasca,46.1984880925737,5.98907195491091,high_potential
6959,5192,Lugano,47.0513419091483,7.026653878081035,good_potential
6960,5226,Capriasca,46.1984880925737,5.98907195491091,high_potential
6962,5192,Lugano,47.0513419091483,7.026653878081035,good_potential
6963,5192,Lugano,47.0513419091483,7.026653878081035,good_potential
6964,5192,Lugano,47.0513419091483,7.026653878081035,good_potential
6965,5192,Lugano,47.0513419091483,7.026653878081035,good_potential
6966,5192,Lugano,47.0513419091483,7.026653878081035,good_potential
6967,5192,Lugano,47.0513419091483,7.026653878081035,good_potential
6968,5192,Lugano,47.0513419091483,7.026653878081035,good_potential
6974,5192,Lugano,47.0513419091483,7.026653878081035,good_potential
6976,5192,Lugano,47.0513419091483,7.026653878081035,good_potential
6977,5192,Lugano,47.0513419091483,7.026653878081035,good_potential
6978,5192,Lugano,47.0513419091483,7.026653878081035,good_potential
6979,5192,Lugano,47.0513419091483,7.026653878081035,good_potential
6980,5239,Tresa,46.09107983411945,8.986392454525811,moderate_potential
6981,5395,Lema,46.8588570544813,7.492363614905178,moderate_potential
6982,5141,Agno,46.88141080625937,7.570629477213032,moderate_potential
6983,5193,Magliaso,46.25364454305934,7.777537870042999,moderate_potential
6984,5216,Pura,46.15868971079475,7.46029409561981,moderate_potential
6986,5395,Lema,46.8588570544813,7.492363614905178,moderate_potential
6987,5171,Caslano,46.99827625286909,7.6430998862111155,moderate_potential
6988,5239,Tresa,46.09107983411945,8.986392454525811,moderate_potential
6989,5239,Tresa,46.09107983411945,8.986392454525811,moderate_potential
6990,5141,Agno,46.88141080625937,7.570629477213032,moderate_potential
6991,5206,Neggio,47.170082153231036,7.708802869362044,moderate_potential
6992,5151,Bioggio,47.435936902017346,7.5278606896565154,moderate_potential
6993,5151,Bioggio,47.435936902017346,7.5278606896565154,moderate_potential
6994,5143,Aranno,47.26954752557146,8.9688003595792,moderate_potential
6995,5239,Tresa,46.09107983411945,8.986392454525811,moderate_potential
6997,5239,Tresa,46.09107983411945,8.986392454525811,moderate_potential
6998,5239,Tresa,46.09107983411945,8.986392454525811,moderate_potential
6999,5395,Lema,46.8588570544813,7.492363614905178,moderate_potential
7000,3901,Chur,45.97226360744304,7.101574693085292,high_potential
7012,3731,Felsberg,47.396285458810944,7.782218222627929,moderate_potential
7013,3722,Domat/Ems,47.436113001710865,8.242346696530548,high_potential
7014,3734,Trin,46.60331643223942,6.358842977090012,moderate_potential
7015,3733,Tamins,47.47193162684876,8.406901907625898,moderate_potential
7016,3734,Trin,46.60331643223942,6.358842977090012,moderate_potential
7017,3732,Flims,47.52507901459847,8.324135352644973,moderate_potential
7018,3732,Flims,47.52507901459847,8.324135352644973,moderate_potential
7019,3732,Flims,47.52507901459847,8.324135352644973,moderate_potential
7023,3901,Chur,45.97226360744304,7.101574693085292,high_potential
7026,3901,Chur,45.97226360744304,7.101574693085292,high_potential
7027,3921,Arosa,47.72137297562394,8.624754129444474,high_potential
7028,3921,Arosa,47.72137297562394,8.624754129444474,high_potential
7029,3921,Arosa,47.72137297562394,8.624754129444474,high_potential
7031,3575,Laax,47.263144590494726,8.111687301924638,high_potential
7032,3575,Laax,47.263144590494726,8.111687301924638,high_potential
7050,3921,Arosa,47.72137297562394,8.624754129444474,high_potential
7056,3921,Arosa,47.72137297562394,8.624754129444474,high_potential
7057,3921,Arosa,47.72137297562394,8.624754129444474,high_potential
7058,3921,Arosa,47.72137297562394,8.624754129444474,high_potential
7062,3911,Churwalden,46.432770855359486,6.196228661159164,high_potential
7063,3901,Chur,45.97226360744304,7.101574693085292,high_potential
7064,3901,Chur,45.97226360744304,7.101574693085292,high_potential
7074,3911,Churwalden,46.432770855359486,6.196228661159164,high_potential
7075,3911,Churwalden,46.432770855359486,6.196228661159164,high_potential
7076,3911,Churwalden,46.432770855359486,6.196228661159164,high_potential
7077,3506,Vaz/Obervaz,47.00963806091731,7.5623665526715875,high_potential
7078,3506,Vaz/Obervaz,47.00963806091731,7.5623665526715875,high_potential
7082,3506,Vaz/Obervaz,47.00963806091731,7.5623665526715875,high_potential
7083,3513,Lantsch/Lenz,47.266940244505065,8.016598262844221,good_potential
7084,3542,Albula/Alvra,47.55831842523353,8.404751886849393,good_potential
7104,3672,Safiental,47.17572522552613,7.111117692650546,high_potential
7106,3672,Safiental,47.17572522552613,7.111117692650546,high_potential
7107,3672,Safiental,47.17572522552613,7.111117692650546,high_potential
7109,3672,Safiental,47.17572522552613,7.111117692650546,high_potential
7110,3618,Lumnezia,47.489589431876176,9.28015365297784,high_potential
7111,3619,Ilanz/Glion,46.87111678279852,7.6465444393438835,high_potential
7112,3619,Ilanz/Glion,46.87111678279852,7.6465444393438835,high_potential
7113,3618,Lumnezia,47.489589431876176,9.28015365297784,high_potential
7114,3618,Lumnezia,47.489589431876176,9.28015365297784,high_potential
7115,3618,Lumnezia,47.489589431876176,9.28015365297784,high_potential
7116,3618,Lumnezia,47.489589431876176,9.28015365297784,high_potential
7122,3672,Safiental,47.17572522552613,7.111117692650546,high_potential
7126,3619,Ilanz/Glion,46.87111678279852,7.6465444393438835,high_potential
7127,3619,Ilanz/Glion,46.87111678279852,7.6465444393438835,high_potential
7128,3619,Ilanz/Glion,46.87111678279852,7.6465444393438835,high_potential
7130,3619,Ilanz/Glion,46.87111678279852,7.6465444393438835,high_potential
7132,3603,Vals,46.892128954958146,6.981994832482344,moderate_potential
7134,3988,Obersaxen Mundaun,46.490331133970386,9.816895953025236,high_potential
7137,3988,Obersaxen Mundaun,46.490331133970386,9.816895953025236,high_potential
7138,3988,Obersaxen Mundaun,46.490331133970386,9.816895953025236,high_potential
7141,3619,Ilanz/Glion,46.87111678279852,7.6465444393438835,high_potential
7142,3618,Lumnezia,47.489589431876176,9.28015365297784,high_potential
7143,3618,Lumnezia,47.489589431876176,9.28015365297784,high_potential
7144,3618,Lumnezia,47.489589431876176,9.28015365297784,high_potential
7145,3618,Lumnezia,47.489589431876176,9.28015365297784,high_potential
7146,3618,Lumnezia,47.489589431876176,9.28015365297784,high_potential
7147,3618,Lumnezia,47.489589431876176,9.28015365297784,high_potential
7148,3618,Lumnezia,47.489589431876176,9.28015365297784,high_potential
7149,3618,Lumnezia,47.489589431876176,9.28015365297784,high_potential
7151,3582,Schluein,47.38999402776413,8.25829449203702,high_potential
7152,3581,Sagogn,47.32438072862452,8.804640178517758,good_potential
7153,3572,Falera,46.22256439997589,8.589721648942636,high_potential
7154,3619,Ilanz/Glion,46.87111678279852,7.6465444393438835,high_potential
7155,3619,Ilanz/Glion,46.87111678279852,7.6465444393438835,high_potential
7156,3619,Ilanz/Glion,46.87111678279852,7.6465444393438835,high_potential
7157,3619,Ilanz/Glion,46.87111678279852,7.6465444393438835,high_potential
7158,3981,Breil/Brigels,47.30322126201395,7.52089303927288,good_potential
7159,3981,Breil/Brigels,47.30322126201395,7.52089303927288,good_potential
7162,3981,Breil/Brigels,47.30322126201395,7.52089303927288,good_potential
7163,3981,Breil/Brigels,47.30322126201395,7.52089303927288,good_potential
7164,3981,Breil/Brigels,47.30322126201395,7.52089303927288,good_potential
7165,3981,Breil/Brigels,47.30322126201395,7.52089303927288,good_potential
7166,3987,Trun,46.81957780483512,7.690219073450788,good_potential
7167,3987,Trun,46.81957780483512,7.690219073450788,good_potential
7168,3987,Trun,46.81957780483512,7.690219073450788,good_potential
7172,3985,Sumvitg,46.279545347618246,6.122035933539115,moderate_potential
7173,3985,Sumvitg,46.279545347618246,6.122035933539115,moderate_potential
7174,3985,Sumvitg,46.279545347618246,6.122035933539115,moderate_potential
7175,3985,Sumvitg,46.279545347618246,6.122035933539115,moderate_potential
7176,3985,Sumvitg,46.279545347618246,6.122035933539115,moderate_potential
7180,3982,Disentis/Mustér,46.498078268384084,6.226029743500788,high_potential
7182,3982,Disentis/Mustér,46.498078268384084,6.226029743500788,high_potential
7183,3982,Disentis/Mustér,46.498078268384084,6.226029743500788,high_potential
7184,3983,Medel (Lucmagn),47.34395112829265,7.344300925931798,moderate_potential
7185,3983,Medel (Lucmagn),47.34395112829265,7.344300925931798,moderate_potential
7186,3982,Disentis/Mustér,46.498078268384084,6.226029743500788,high_potential
7187,3986,Tujetsch,46.65887545719415,6.60449350510137,high_potential
7188,3986,Tujetsch,46.65887545719415,6.60449350510137,high_potential
7189,3986,Tujetsch,46.65887545719415,6.60449350510137,high_potential
7202,3945,Trimmis,47.458802363597734,8.437317357469949,good_potential
7203,3945,Trimmis,47.458802363597734,8.437317357469949,good_potential
7204,3946,Untervaz,47.046967702644814,8.310255697996933,high_potential
7205,3947,Zizers,46.73311225708707,6.4714393174885965,good_potential
7206,3955,Landquart,47.430164457228955,8.571933741975572,high_potential
7208,3954,Malans,47.41690646316371,9.557454710614035,good_potential
7212,3972,Seewis im Prättigau,47.373505555815804,7.983954161381218,high_potential
7213,3961,Grüsch,47.447017939595554,9.03159900465105,high_potential
7214,3961,Grüsch,47.447017939595554,9.03159900465105,high_potential
7215,3961,Grüsch,47.447017939595554,9.03159900465105,high_potential
7220,3962,Schiers,47.60055280200938,9.045551847256084,high_potential
7222,3962,Schiers,47.60055280200938,9.045551847256084,high_potential
7223,3891,Luzein,46.72656998491372,6.714636727298848,high_potential
7224,3891,Luzein,46.72656998491372,6.714636727298848,high_potential
7226,3962,Schiers,47.60055280200938,9.045551847256084,high_potential
7228,3962,Schiers,47.60055280200938,9.045551847256084,high_potential
7231,3863,Jenaz,46.9262834843662,9.79791982500655,good_potential
7232,3862,Furna,46.81538490225776,7.431899251412414,high_potential
7233,3863,Jenaz,46.9262834843662,9.79791982500655,good_potential
7235,3861,Fideris,46.95975644624399,7.0126958456160695,high_potential
7240,3882,Küblis,47.02346564183943,8.674577186591039,high_potential
7241,3881,Conters im Prättigau,46.27374277591503,7.8610294442841555,good_potential
7242,3891,Luzein,46.72656998491372,6.714636727298848,high_potential
7243,3891,Luzein,46.72656998491372,6.714636727298848,high_potential
7244,3891,Luzein,46.72656998491372,6.714636727298848,high_potential
7245,3891,Luzein,46.72656998491372,6.714636727298848,high_potential
7246,3891,Luzein,46.72656998491372,6.714636727298848,high_potential
7247,3871,Klosters,47.23144304440252,8.15161768804272,moderate_potential
7249,3871,Klosters,47.23144304440252,8.15161768804272,moderate_potential
7250,3871,Klosters,47.23144304440252,8.15161768804272,moderate_potential
7252,3871,Klosters,47.23144304440252,8.15161768804272,moderate_potential
7260,3851,Davos,46.591205283324015,6.567349165910314,moderate_potential
7265,3851,Davos,46.591205283324015,6.567349165910314,moderate_potential
7270,3851,Davos,46.591205283324015,6.567349165910314,moderate_potential
7272,3851,Davos,46.591205283324015,6.567349165910314,moderate_potential
7276,3851,Davos,46.591205283324015,6.567349165910314,moderate_potential
7277,3851,Davos,46.591205283324015,6.567349165910314,moderate_potential
7278,3851,Davos,46.591205283324015,6.567349165910314,moderate_potential
7302,3955,Landquart,47.430164457228955,8.571933741975572,high_potential
7303,3955,Landquart,47.430164457228955,8.571933741975572,high_potential
7304,3953,Maienfeld,47.328316538021916,8.20867053622541,high_potential
7306,3951,Fläsch,47.39795492302058,7.511456852524079,high_potential
7307,3952,Jenins,46.69304568559596,7.311241720429935,high_potential
7310,3291,Bad Ragaz,46.9585181094894,7.092872934815811,high_potential
7312,3294,Pfäfers,47.20993973740417,7.009648362592862,high_potential
7313,3294,Pfäfers,47.20993973740417,7.009648362592862,high_potential
7314,3294,Pfäfers,47.20993973740417,7.009648362592862,high_potential
7315,3294,Pfäfers,47.20993973740417,7.009648362592862,high_potential
7317,3294,Pfäfers,47.20993973740417,7.009648362592862,high_potential
7320,3296,Sargans,45.998432808667644,8.900345666225734,moderate_potential
7323,3297,Vilters-Wangs,47.40088114813952,9.607996542436563,good_potential
7324,3297,Vilters-Wangs,47.40088114813952,9.607996542436563,good_potential
7325,3293,Mels,45.98924060441297,8.877840198020385,good_potential
7326,3293,Mels,45.98924060441297,8.877840198020385,good_potential
7402,3721,Bonaduz,46.75505446581653,7.890008336642325,moderate_potential
7403,3723,Rhäzüns,46.46585937713279,9.857485568164833,good_potential
7404,3673,Domleschg,46.9113079965258,6.924058050170931,high_potential
7405,3637,Rothenbrunnen,47.043007280019445,7.551188739582622,high_potential
7407,3673,Domleschg,46.9113079965258,6.924058050170931,high_potential
7408,3661,Cazis,47.493884734482364,7.931238842453561,high_potential
7411,3640,Sils im Domleschg,47.1883938248321,7.706200444978881,good_potential
7412,3638,Scharans,47.698807443136715,8.572224347218592,high_potential
7413,3633,Fürstenau,47.48338753423335,8.593401051703083,high_potential
7414,3633,Fürstenau,47.48338753423335,8.593401051703083,high_potential
7415,3673,Domleschg,46.9113079965258,6.924058050170931,high_potential
7416,3673,Domleschg,46.9113079965258,6.924058050170931,high_potential
7417,3673,Domleschg,46.9113079965258,6.924058050170931,high_potential
7418,3673,Domleschg,46.9113079965258,6.924058050170931,high_potential
7419,3673,Domleschg,46.9113079965258,6.924058050170931,high_potential
7421,3661,Cazis,47.493884734482364,7.931238842453561,high_potential
7422,3661,Cazis,47.493884734482364,7.931238842453561,high_potential
7423,3661,Cazis,47.493884734482364,7.931238842453561,high_potential
7424,3661,Cazis,47.493884734482364,7.931238842453561,high_potential
7425,3663,Masein,47.258021540831315,7.855140392239883,high_potential
7426,3662,Flerden,46.252158501165106,6.198609598639893,high_potential
7427,3670,Urmein,46.76950303298932,6.6066960778997705,good_potential
7428,3669,Tschappina,47.568119162967406,7.897932855864786,high_potential
7430,3668,Thusis,46.306840238217944,9.22475268450177,high_potential
7431,3668,Thusis,46.306840238217944,9.22475268450177,high_potential
7432,3712,Zillis-Reischen,47.02710475456586,7.313217275407316,high_potential
7433,3715,Muntogna da Schons,46.78681188220141,8.167354202776282,high_potential
7434,3695,Sufers,46.92432386832673,6.597530068720719,good_potential
7435,3714,Rheinwald,46.882512975650066,7.459206956328043,moderate_potential
7436,3714,Rheinwald,46.882512975650066,7.459206956328043,moderate_potential
7437,3714,Rheinwald,46.882512975650066,7.459206956328043,moderate_potential
7438,3714,Rheinwald,46.882512975650066,7.459206956328043,moderate_potential
7440,3701,Andeer,46.58453015757507,6.595504476127518,high_potential
7442,3701,Andeer,46.58453015757507,6.595504476127518,high_potential
7443,3701,Andeer,46.58453015757507,6.595504476127518,high_potential
7444,3713,Ferrera,47.35791543018116,7.770966452959798,good_potential
7445,3713,Ferrera,47.35791543018116,7.770966452959798,good_potential
7447,3681,Avers,47.17048970752099,7.669234192919072,moderate_potential
7448,3681,Avers,47.17048970752099,7.669234192919072,moderate_potential
7450,3542,Albula/Alvra,47.55831842523353,8.404751886849393,good_potential
7451,3542,Albula/Alvra,47.55831842523353,8.404751886849393,good_potential
7452,3543,Surses,47.107933889940185,7.892827642374735,high_potential
7453,3543,Surses,47.107933889940185,7.892827642374735,high_potential
7454,3543,Surses,47.107933889940185,7.892827642374735,high_potential
7455,3543,Surses,47.107933889940185,7.892827642374735,high_potential
7456,3543,Surses,47.107933889940185,7.892827642374735,high_potential
7457,3543,Surses,47.107933889940185,7.892827642374735,high_potential
7458,3542,Albula/Alvra,47.55831842523353,8.404751886849393,good_potential
7459,3542,Albula/Alvra,47.55831842523353,8.404751886849393,good_potential
7460,3543,Surses,47.107933889940185,7.892827642374735,high_potential
7462,3543,Surses,47.107933889940185,7.892827642374735,high_potential
7463,3543,Surses,47.107933889940185,7.892827642374735,high_potential
7464,3543,Surses,47.107933889940185,7.892827642374735,high_potential
7472,3542,Albula/Alvra,47.55831842523353,8.404751886849393,good_potential
7473,3542,Albula/Alvra,47.55831842523353,8.404751886849393,good_potential
7477,3544,Bergün Filisur,46.703608075352925,6.495301298167311,moderate_potential
7482,3544,Bergün Filisur,46.703608075352925,6.495301298167311,moderate_potential
7484,3544,Bergün Filisur,46.703608075352925,6.495301298167311,moderate_potential
7492,3542,Albula/Alvra,47.55831842523353,8.404751886849393,good_potential
7493,3514,Schmitten (GR),47.061692586118305,7.955321258049968,moderate_potential
7494,3851,Davos,46.591205283324015,6.567349165910314,moderate_potential
7500,3787,St. Moritz,47.210481041779495,7.49573510763949,moderate_potential
7502,3781,Bever,47.46657945332781,9.504397879926637,moderate_potential
7503,3786,Samedan,46.74673592226135,6.849786299174255,moderate_potential
7504,3784,Pontresina,47.15094601283153,8.51258009908202,moderate_potential
7505,3782,Celerina/Schlarigna,47.09808425736943,7.269122891204112,moderate_potential
7512,3790,Silvaplana,46.48606317152088,6.56302230487262,moderate_potential
7513,3790,Silvaplana,46.48606317152088,6.56302230487262,moderate_potential
7514,3789,Sils im Engadin/Segl,46.84255052630682,6.710137898404706,moderate_potential
7515,3789,Sils im Engadin/Segl,46.84255052630682,6.710137898404706,moderate_potential
7516,3792,Bregaglia,47.508498492317756,8.597587091099228,moderate_potential
7517,3789,Sils im Engadin/Segl,46.84255052630682,6.710137898404706,moderate_potential
7522,3785,La Punt Chamues-ch,46.90675665831652,7.072579994960023,moderate_potential
7523,3783,Madulain,47.55996923837745,8.25300905942568,moderate_potential
7524,3791,Zuoz,46.196085642329955,6.20459259100392,moderate_potential
7525,3788,S-chanf,47.54162752949913,8.090201561671973,moderate_potential
7526,3788,S-chanf,47.54162752949913,8.090201561671973,moderate_potential
7527,3746,Zernez,46.73817387155329,7.220604788709,moderate_potential
7530,3746,Zernez,46.73817387155329,7.220604788709,moderate_potential
7532,3847,Val Müstair,46.8059423886675,6.985541932579231,moderate_potential
7533,3847,Val Müstair,46.8059423886675,6.985541932579231,moderate_potential
7534,3847,Val Müstair,46.8059423886675,6.985541932579231,moderate_potential
7535,3847,Val Müstair,46.8059423886675,6.985541932579231,moderate_potential
7536,3847,Val Müstair,46.8059423886675,6.985541932579231,moderate_potential
7537,3847,Val Müstair,46.8059423886675,6.985541932579231,moderate_potential
7542,3746,Zernez,46.73817387155329,7.220604788709,moderate_potential
7543,3746,Zernez,46.73817387155329,7.220604788709,moderate_potential
7545,3762,Scuol,47.334146351913745,8.626192542893525,high_potential
7546,3762,Scuol,47.334146351913745,8.626192542893525,high_potential
7550,3762,Scuol,47.334146351913745,8.626192542893525,high_potential
7551,3762,Scuol,47.334146351913745,8.626192542893525,high_potential
7552,3762,Scuol,47.334146351913745,8.626192542893525,high_potential
7553,3762,Scuol,47.334146351913745,8.626192542893525,high_potential
7554,3762,Scuol,47.334146351913745,8.626192542893525,high_potential
7556,3764,Valsot,46.089127290947964,7.899269053546887,moderate_potential
7557,3764,Valsot,46.089127290947964,7.899269053546887,moderate_potential
7558,3764,Valsot,46.089127290947964,7.899269053546887,moderate_potential
7559,3764,Valsot,46.089127290947964,7.899269053546887,moderate_potential
7560,3764,Valsot,46.089127290947964,7.899269053546887,moderate_potential
7562,3752,Samnaun,47.33665453945888,9.412708105874186,moderate_potential
7563,3752,Samnaun,47.33665453945888,9.412708105874186,moderate_potential
7602,3792,Bregaglia,47.508498492317756,8.597587091099228,moderate_potential
7603,3792,Bregaglia,47.508498492317756,8.597587091099228,moderate_potential
7604,3792,Bregaglia,47.508498492317756,8.597587091099228,moderate_potential
7605,3792,Bregaglia,47.508498492317756,8.597587091099228,moderate_potential
7606,3792,Bregaglia,47.508498492317756,8.597587091099228,moderate_potential
7608,3792,Bregaglia,47.508498492317756,8.597587091099228,moderate_potential
7610,3792,Bregaglia,47.508498492317756,8.597587091099228,moderate_potential
7710,3561,Poschiavo,46.69567642718765,7.607103454653313,moderate_potential
7741,3561,Poschiavo,46.69567642718765,7.607103454653313,moderate_potential
7742,3561,Poschiavo,46.69567642718765,7.607103454653313,moderate_potential
7743,3551,Brusio,47.562928824188276,8.725930765977209,moderate_potential
7744,3551,Brusio,47.562928824188276,8.725930765977209,moderate_potential
7745,3561,Poschiavo,46.69567642718765,7.607103454653313,moderate_potential
7746,3561,Poschiavo,46.69567642718765,7.607103454653313,moderate_potential
7747,3551,Brusio,47.562928824188276,8.725930765977209,moderate_potential
7748,3551,Brusio,47.562928824188276,8.725930765977209,moderate_potential
8001,261,Zürich,47.602245405053665,8.95269373957818,moderate_potential
8002,261,Zürich,47.602245405053665,8.95269373957818,moderate_potential
8003,261,Zürich,47.602245405053665,8.95269373957818,moderate_potential
8004,261,Zürich,47.602245405053665,8.95269373957818,moderate_potential
8005,261,Zürich,47.602245405053665,8.95269373957818,moderate_potential
8006,261,Zürich,47.602245405053665,8.95269373957818,moderate_potential
8008,261,Zürich,47.602245405053665,8.95269373957818,moderate_potential
8032,261,Zürich,47.602245405053665,8.95269373957818,moderate_potential
8037,261,Zürich,47.602245405053665,8.95269373957818,moderate_potential
8038,261,Zürich,47.602245405053665,8.95269373957818,moderate_potential
8041,261,Zürich,47.602245405053665,8.95269373957818,moderate_potential
8044,261,Zürich,47.602245405053665,8.95269373957818,moderate_potential
8045,261,Zürich,47.602245405053665,8.95269373957818,moderate_potential
8046,261,Zürich,47.602245405053665,8.95269373957818,moderate_potential
8047,261,Zürich,47.602245405053665,8.95269373957818,moderate_potential
8048,261,Zürich,47.602245405053665,8.95269373957818,moderate_potential
8049,261,Zürich,47.602245405053665,8.95269373957818,moderate_potential
8050,261,Zürich,47.602245405053665,8.95269373957818,moderate_potential
8051,261,Zürich,47.602245405053665,8.95269373957818,moderate_potential
8052,261,Zürich,47.602245405053665,8.95269373957818,moderate_potential
8053,261,Zürich,47.602245405053665,8.95269373957818,moderate_potential
8055,261,Zürich,47.602245405053665,8.95269373957818,moderate_potential
8057,261,Zürich,47.602245405053665,8.95269373957818,moderate_potential
8064,261,Zürich,47.602245405053665,8.95269373957818,moderate_potential
8102,245,Oberengstringen,46.61834913202914,6.6175550573264665,moderate_potential
8103,249,Unterengstringen,46.3758525059921,7.8809663025610535,moderate_potential
8104,251,Weiningen (ZH),47.15670411664916,8.16540756561267,moderate_potential
8105,96,Regensdorf,47.45089764637737,8.80884539881652,moderate_potential
8106,96,Regensdorf,47.45089764637737,8.80884539881652,moderate_potential
8107,83,Buchs (ZH),46.7657928744122,7.712650568628994,moderate_potential
8108,84,Dällikon,46.141914149032395,8.727349117908249,moderate_potential
8109,4048,Würenlos,47.75313865349737,8.644320651649855,moderate_potential
8112,94,Otelfingen,46.68282097973605,6.430099431224155,moderate_potential
8113,82,Boppelsen,46.48415412598949,6.421741842027923,moderate_potential
8114,85,Dänikon,47.61262349195071,9.200516175071993,moderate_potential
8115,87,Hüttikon,47.239085144359265,9.046254058592714,moderate_potential
8117,193,Fällanden,46.888208564894676,7.926771321523267,moderate_potential
8118,193,Fällanden,46.888208564894676,7.926771321523267,moderate_potential
8121,193,Fällanden,46.888208564894676,7.926771321523267,moderate_potential
8122,195,Maur,47.195280581481796,8.19195615011579,high_potential
8123,195,Maur,47.195280581481796,8.19195615011579,high_potential
8124,195,Maur,47.195280581481796,8.19195615011579,high_potential
8125,161,Zollikon,46.69664121862737,6.976141098059552,moderate_potential
8126,160,Zumikon,47.036181343826506,7.244648425836975,moderate_potential
8127,195,Maur,47.195280581481796,8.19195615011579,high_potential
8132,192,Egg,47.4215335234091,9.140850958887622,good_potential
8133,192,Egg,47.4215335234091,9.140850958887622,good_potential
8134,131,Adliswil,47.373165188407555,8.009511360679948,moderate_potential
8135,136,Langnau am Albis,46.135362181240886,7.972826188211481,moderate_potential
8136,141,Thalwil,47.51756327469299,8.17621634122505,moderate_potential
8142,248,Uitikon,47.5535591263771,7.6297155736902145,moderate_potential
8143,13,Stallikon,46.7183166972422,9.482519205079374,moderate_potential
8152,66,Opfikon,47.462503288684154,8.000418766824065,moderate_potential
8153,97,Rümlang,46.93345966253702,7.144716300942096,moderate_potential
8154,92,Oberglatt,47.24479675102428,9.130489288340556,moderate_potential
8155,90,Niederhasli,47.213559327549156,8.095264844330572,moderate_potential
8156,90,Niederhasli,47.213559327549156,8.095264844330572,moderate_potential
8157,86,Dielsdorf,46.79106366265951,9.539448382715786,moderate_potential
8158,95,Regensberg,46.871616759349216,7.670429815505623,moderate_potential
8162,101,Steinmaur,47.32112630534767,7.8575870542717,moderate_potential
8164,81,Bachs,47.42031942943813,8.044063540288553,moderate_potential
8165,99,Schöfflisdorf,47.14342512058733,7.868322309585227,moderate_potential
8166,91,Niederweningen,47.382875745881826,9.274115125143961,moderate_potential
8172,89,Niederglatt,46.96099197440268,7.74794004654314,moderate_potential
8173,88,Neerach,46.29948931223437,6.17449186534305,moderate_potential
8174,100,Stadel,46.97207986716886,7.238449304065858,moderate_potential
8175,100,Stadel,46.97207986716886,7.238449304065858,moderate_potential
8180,53,Bülach,46.167463174248276,5.998503844700322,moderate_potential
8181,60,Höri,47.3248347522327,9.096474945373176,moderate_potential
8182,59,Hochfelden,47.432144306336625,8.212150284257199,moderate_potential
8184,51,Bachenbülach,47.17387624367536,7.328029082405619,moderate_potential
8185,72,Winkel,46.15808402024249,6.08788311371736,moderate_potential
8187,102,Weiach,47.43987645486757,8.471345056525537,moderate_potential
8192,58,Glattfelden,45.8928463219936,9.046714595878163,moderate_potential
8193,55,Eglisau,46.643504143789414,6.475200546154527,moderate_potential
8194,61,Hüntwangen,46.38029015028006,6.235214393841716,moderate_potential
8195,70,Wasterkingen,46.56034809717307,6.608597682521989,moderate_potential
8196,71,Wil (ZH),46.8487190353793,8.010143342217592,moderate_potential
8197,67,Rafz,47.42786780420433,9.481734402931743,moderate_potential
8200,2939,Schaffhausen,46.59027680327426,7.530383100494399,moderate_potential
8203,2939,Schaffhausen,46.59027680327426,7.530383100494399,moderate_potential
8207,2939,Schaffhausen,46.59027680327426,7.530383100494399,moderate_potential
8208,2939,Schaffhausen,46.59027680327426,7.530383100494399,moderate_potential
8212,34,Laufen-Uhwiesen,47.44727002781984,8.363723597563757,high_potential
8213,2904,Neunkirch,46.67167294914357,6.975337249662622,moderate_potential
8214,2901,Gächlingen,47.27014568944707,7.798225752324328,moderate_potential
8215,2971,Hallau,47.60438923300233,8.244767144658855,moderate_potential
8216,2972,Oberhallau,46.61510635833826,6.662062401730837,moderate_potential
8217,2974,Wilchingen,46.71855141076349,8.134365703515762,moderate_potential
8218,2974,Wilchingen,46.71855141076349,8.134365703515762,moderate_potential
8219,2973,Trasadingen,46.81233758603775,8.599385132014161,moderate_potential
8222,2932,Beringen,47.24569176915774,9.53397315384599,moderate_potential
8223,2932,Beringen,47.24569176915774,9.53397315384599,moderate_potential
8224,2903,Löhningen,47.451256565603984,7.609567318994299,moderate_potential
8225,2953,Siblingen,47.509535285499936,7.766916572106636,moderate_potential
8226,2952,Schleitheim,47.104735130652415,8.263524635565945,moderate_potential
8228,2951,Beggingen,47.11987735218579,9.574482995804605,moderate_potential
8231,2939,Schaffhausen,46.59027680327426,7.530383100494399,moderate_potential
8232,2936,Merishausen,47.47482416717022,8.672429831920365,moderate_potential
8233,2931,Bargen (SH),47.03308362672411,7.017500759121914,moderate_potential
8234,2919,Stetten (SH),46.55932421369342,6.638704493770992,moderate_potential
8235,2917,Lohn (SH),47.273960194075684,8.72354968955565,moderate_potential
8236,2914,Büttenhardt,46.679401364501196,9.604738441755785,moderate_potential
8239,2915,Dörflingen,47.446756702917035,9.482324969305935,moderate_potential
8240,2920,Thayngen,47.126262373287034,8.889355264052714,moderate_potential
8241,2920,Thayngen,47.126262373287034,8.889355264052714,moderate_potential
8242,2920,Thayngen,47.126262373287034,8.889355264052714,moderate_potential
8243,2920,Thayngen,47.126262373287034,8.889355264052714,moderate_potential
8245,27,Feuerthalen,46.746734604953836,6.7232218169675635,good_potential
8246,27,Feuerthalen,46.746734604953836,6.7232218169675635,good_potential
8247,29,Flurlingen,47.25800722306211,8.238363161986614,moderate_potential
8248,34,Laufen-Uhwiesen,47.44727002781984,8.363723597563757,high_potential
8252,4546,Schlatt (TG),46.208050299258254,9.150991023021568,high_potential
8253,4545,Diessenhofen,47.04350741259515,7.163040921607286,good_potential
8254,4536,Basadingen-Schlattingen,46.717670962021906,6.644692430548259,good_potential
8255,4536,Basadingen-Schlattingen,46.717670962021906,6.644692430548259,good_potential
8259,4871,Wagenhausen,47.4262832969111,9.636892093755883,moderate_potential
8260,2964,Stein am Rhein,46.44681092447551,6.253305158383199,moderate_potential
8261,2962,Hemishofen,46.72132698473644,6.605062384938927,moderate_potential
8262,2963,Ramsen,46.45720189486506,8.762054143895869,moderate_potential
8263,2961,Buch (SH),47.39928707374869,7.994363175185178,moderate_potential
8264,4806,Eschenz,46.94976897479848,8.526971713963738,moderate_potential
8265,4826,Mammern,47.24900506304055,8.325994180776092,moderate_potential
8266,4864,Steckborn,46.4579877623434,6.774784923941971,high_potential
8267,4801,Berlingen,47.13649879538952,7.835256965731143,high_potential
8268,4851,Salenstein,46.35254280565435,10.06078937326642,high_potential
8269,4851,Salenstein,46.35254280565435,10.06078937326642,high_potential
8272,4646,Ermatingen,46.52336641826837,6.539015541738433,good_potential
8273,4646,Ermatingen,46.52336641826837,6.539015541738433,good_potential
8274,4696,Tägerwilen,47.40007313402114,8.279149648665374,moderate_potential
8280,4671,Kreuzlingen,47.082438759587866,8.449987813638042,moderate_potential
8302,62,Kloten,47.28885528586403,7.963292210897097,moderate_potential
8303,52,Bassersdorf,46.438938727666226,6.343376551014627,moderate_potential
8304,69,Wallisellen,46.83577105546158,6.651592981962512,moderate_potential
8305,54,Dietlikon,47.4614516738123,8.2073234302983,moderate_potential
8306,200,Wangen-Brüttisellen,47.12817307517233,7.278027904260474,moderate_potential
8307,296,Illnau-Effretikon,46.509562064216226,9.84399748342213,moderate_potential
8308,296,Illnau-Effretikon,46.509562064216226,9.84399748342213,moderate_potential
8309,64,Nürensdorf,47.09120115962681,7.0506053164723275,moderate_potential
8310,176,Lindau,47.48455347609208,7.849105677768604,moderate_potential
8311,213,Brütten,47.39471171776573,7.889935586963165,moderate_potential
8312,176,Lindau,47.48455347609208,7.849105677768604,moderate_potential
8314,296,Illnau-Effretikon,46.509562064216226,9.84399748342213,moderate_potential
8315,176,Lindau,47.48455347609208,7.849105677768604,moderate_potential
8317,176,Lindau,47.48455347609208,7.849105677768604,moderate_potential
8320,172,Fehraltorf,47.46587490678484,7.47106588208196,good_potential
8322,178,Russikon,47.13591678705628,7.602715809452518,high_potential
8330,177,Pfäffikon,46.72813307617575,7.4954622947095295,high_potential
8331,177,Pfäffikon,46.72813307617575,7.4954622947095295,high_potential
8332,178,Russikon,47.13591678705628,7.602715809452518,high_potential
8335,173,Hittnau,46.53617062739601,7.676880423756776,high_potential
8340,117,Hinwil,47.4901034878449,7.891228130912563,high_potential
8342,117,Hinwil,47.4901034878449,7.891228130912563,high_potential
8344,111,Bäretswil,46.819720194550825,8.434111936458592,high_potential
8345,111,Bäretswil,46.819720194550825,8.434111936458592,high_potential
8352,219,Elsau,47.0739497820632,7.8214037247306685,moderate_potential
8353,294,Elgg,47.26751138097148,8.270492150059232,good_potential
8354,294,Elgg,47.26751138097148,8.270492150059232,good_potential
8355,4551,Aadorf,47.30932370921847,8.521285280010376,high_potential
8356,4551,Aadorf,47.30932370921847,8.521285280010376,high_potential
8357,4551,Aadorf,47.30932370921847,8.521285280010376,high_potential
8360,4724,Eschlikon,46.207074957678124,6.143745046277691,moderate_potential
8362,4721,Bichelsee-Balterswil,46.81223073428723,6.652847304206658,moderate_potential
8363,4721,Bichelsee-Balterswil,46.81223073428723,6.652847304206658,moderate_potential
8370,4761,Sirnach,47.40200396107152,8.398236706406298,good_potential
8371,4761,Sirnach,47.40200396107152,8.398236706406298,good_potential
8372,4761,Sirnach,47.40200396107152,8.398236706406298,good_potential
8374,4726,Fischingen,47.215988021104494,7.5867579847974085,good_potential
8376,4726,Fischingen,47.215988021104494,7.5867579847974085,good_potential
8400,230,Winterthur,47.57335563161625,8.52609425889979,moderate_potential
8404,230,Winterthur,47.57335563161625,8.52609425889979,moderate_potential
8405,230,Winterthur,47.57335563161625,8.52609425889979,moderate_potential
8406,230,Winterthur,47.57335563161625,8.52609425889979,moderate_potential
8408,230,Winterthur,47.57335563161625,8.52609425889979,moderate_potential
8409,230,Winterthur,47.57335563161625,8.52609425889979,moderate_potential
8412,223,Neftenbach,47.186159397921855,7.494190979046471,moderate_potential
8413,223,Neftenbach,47.186159397921855,7.494190979046471,moderate_potential
8414,24,Buch am Irchel,46.406954613922316,6.116821669928732,moderate_potential
8415,23,Berg am Irchel,47.47851312698429,9.55682282062497,moderate_potential
8416,28,Flaach,46.74557730659804,7.405977826205291,moderate_potential
8418,226,Schlatt (ZH),47.387981960083295,7.603541075088547,moderate_potential
8421,215,Dättlikon,47.41675170195597,8.253840468528082,moderate_potential
8422,224,Pfungen,46.20317564539165,8.036310236598558,moderate_potential
8424,56,Embrach,46.62866024958341,6.549569748452888,moderate_potential
8425,65,Oberembrach,46.02497252471485,8.934963832602977,moderate_potential
8426,63,Lufingen,45.95758148110996,8.992620212204448,moderate_potential
8427,57,Freienstein-Teufen,46.49496463783147,6.505457413476898,moderate_potential
8428,57,Freienstein-Teufen,46.49496463783147,6.505457413476898,moderate_potential
8442,221,Hettlingen,47.45150343870102,8.056825611266584,moderate_potential
8444,31,Henggart,46.75933554209169,7.492731317452998,good_potential
8447,25,Dachsen,47.191511168806414,7.178485559327024,good_potential
8450,291,Andelfingen,47.20998908880355,7.064743367512044,high_potential
8451,33,Kleinandelfingen,47.44494437485254,8.198434919833806,moderate_potential
8452,291,Andelfingen,47.20998908880355,7.064743367512044,high_potential
8453,33,Kleinandelfingen,47.44494437485254,8.198434919833806,moderate_potential
8454,2933,Buchberg,46.67994646693522,7.924146239155762,moderate_potential
8455,2938,Rüdlingen,46.445314270585946,6.927978396413501,moderate_potential
8457,291,Andelfingen,47.20998908880355,7.064743367512044,high_potential
8458,26,Dorf,47.2326233114824,7.9625885768145634,moderate_potential
8459,43,Volken,46.44201591948036,6.398287438433525,moderate_potential
8460,35,Marthalen,46.80423339351284,6.554685417616902,moderate_potential
8461,33,Kleinandelfingen,47.44494437485254,8.198434919833806,moderate_potential
8462,38,Rheinau,46.780099416668214,6.7808600094826845,moderate_potential
8463,22,Benken (ZH),47.53797661944778,8.470155423827135,good_potential
8464,35,Marthalen,46.80423339351284,6.554685417616902,moderate_potential
8465,40,Trüllikon,47.44409018318738,8.325144465789903,high_potential
8466,40,Trüllikon,47.44409018318738,8.325144465789903,high_potential
8467,41,Truttikon,46.72458743695305,8.533448699033631,moderate_potential
8468,292,Stammheim,46.5266748813662,6.289465498169208,moderate_potential
8471,214,Dägerlen,47.33712555074837,8.395197492157301,high_potential
8472,227,Seuzach,47.42213478934936,9.375555735534395,good_potential
8474,216,Dinhard,47.3664216681613,8.793749084566329,good_potential
8475,37,Ossingen,47.048145001629855,8.831613002885945,good_potential
8476,292,Stammheim,46.5266748813662,6.289465498169208,moderate_potential
8477,292,Stammheim,46.5266748813662,6.289465498169208,moderate_potential
8478,39,Thalheim an der Thur,47.19527267044068,8.07091479404358,high_potential
8479,211,Altikon,47.36817886236989,8.205725606628702,moderate_potential
8482,230,Winterthur,47.57335563161625,8.52609425889979,moderate_potential
8483,231,Zell (ZH),47.252236405031645,7.174757811429695,good_potential
8484,180,Weisslingen,46.68719270020401,7.8649865487274075,high_potential
8486,231,Zell (ZH),47.252236405031645,7.174757811429695,good_potential
8487,231,Zell (ZH),47.252236405031645,7.174757811429695,good_potential
8488,228,Turbenthal,47.41212846664094,7.912340618159793,moderate_potential
8489,182,Wildberg,47.647912791513676,9.132129943748154,high_potential
8492,181,Wila,47.161666942915474,7.584046639229296,good_potential
8493,297,Bauma,46.33732906363251,7.727607316164225,good_potential
8494,297,Bauma,46.33732906363251,7.727607316164225,good_potential
8495,228,Turbenthal,47.41212846664094,7.912340618159793,moderate_potential
8496,114,Fischenthal,47.61528938267599,8.850494514960946,high_potential
8497,114,Fischenthal,47.61528938267599,8.850494514960946,high_potential
8498,114,Fischenthal,47.61528938267599,8.850494514960946,high_potential
8499,297,Bauma,46.33732906363251,7.727607316164225,good_potential
8500,4566,Frauenfeld,47.19182792828405,7.589854301842033,high_potential
8505,4841,Pfyn,47.48951648961953,8.145245386563458,moderate_potential
8506,4811,Herdern,47.60714077695893,8.512021232758638,moderate_potential
8507,4816,Homburg,46.1059049812558,9.021793067760216,high_potential
8508,4816,Homburg,46.1059049812558,9.021793067760216,high_potential
8512,4611,Thundorf,46.00927373950998,7.3087086438451925,high_potential
8514,4881,Amlikon-Bissegg,46.7621315454757,6.586752997393407,good_potential
8522,4551,Aadorf,47.30932370921847,8.521285280010376,high_potential
8523,220,Hagenbuch,46.18035459472215,7.055928855017141,high_potential
8524,4616,Uesslingen-Buch,47.31422595390282,7.6554603770410194,moderate_potential
8525,4601,Neunforn,46.27592483740783,9.103446498998238,moderate_potential
8526,4601,Neunforn,46.27592483740783,9.103446498998238,moderate_potential
8532,4621,Warth-Weiningen,46.012589114227396,8.94366062635182,moderate_potential
8535,4811,Herdern,47.60714077695893,8.512021232758638,moderate_potential
8536,4821,Hüttwilen,47.44495795007719,7.840414776795633,moderate_potential
8537,4821,Hüttwilen,47.44495795007719,7.840414776795633,moderate_potential
8542,298,Wiesendangen,46.288351191957304,7.978944072923876,high_potential
8543,298,Wiesendangen,46.288351191957304,7.978944072923876,high_potential
8544,298,Wiesendangen,46.288351191957304,7.978944072923876,high_potential
8545,225,Rickenbach (ZH),47.36600899036393,8.680748198142872,moderate_potential
8546,4571,Gachnang,46.808987446733845,6.886571031650335,good_potential
8547,4571,Gachnang,46.808987446733845,6.886571031650335,good_potential
8548,218,Ellikon an der Thur,47.388519510982796,7.934763660483599,moderate_potential
8552,4561,Felben-Wellhausen,46.79433581763279,7.125155604662994,good_potential
8553,4590,Hüttlingen,47.43023656042092,7.937261362805704,high_potential
8554,4951,Wigoltingen,46.819799502636656,9.454571881381424,good_potential
8555,4831,Müllheim,47.588802937302304,9.077423207773446,good_potential
8556,4951,Wigoltingen,46.819799502636656,9.454571881381424,good_potential
8558,4846,Raperswilen,46.095992406578816,8.908271492243621,high_potential
8560,4941,Märstetten,47.16692547503291,8.398616714213114,high_potential
8561,4941,Märstetten,47.16692547503291,8.398616714213114,high_potential
8564,4701,Wäldi,46.67196239693226,7.488301195502416,high_potential
8565,4666,Kemmental,47.23951577695669,8.589798117902415,good_potential
8566,4666,Kemmental,47.23951577695669,8.589798117902415,good_potential
8570,4946,Weinfelden,47.01860819086209,7.441683985452666,high_potential
8572,4891,Berg (TG),46.388373926058094,8.87675038325208,good_potential
8573,4666,Kemmental,47.23951577695669,8.589798117902415,good_potential
8574,4683,Lengwil,46.260755783342944,9.130332421865287,good_potential
8575,4911,Bürglen (TG),47.41158788741777,7.832359098963511,moderate_potential
8576,4891,Berg (TG),46.388373926058094,8.87675038325208,good_potential
8577,4756,Schönholzerswilen,46.7426217565553,6.884822008449366,high_potential
8580,4446,Sommeri,47.61550371068062,8.920412213353435,good_potential
8581,4461,Amriswil,46.97085733741346,8.643571826361429,moderate_potential
8582,4406,Dozwil,47.024774885693795,8.580480159177972,high_potential
8583,4506,Sulgen,46.75314977739986,6.938207119196659,moderate_potential
8584,4911,Bürglen (TG),47.41158788741777,7.832359098963511,moderate_potential
8585,4901,Birwinken,46.350445728402605,7.677742375197866,moderate_potential
8586,4476,Erlen,47.02227466878772,7.499728442443885,moderate_potential
8587,4461,Amriswil,46.97085733741346,8.643571826361429,moderate_potential
8588,4511,Zihlschlacht-Sitterdorf,46.337510574034695,7.5927318872060745,moderate_potential
8589,4511,Zihlschlacht-Sitterdorf,46.337510574034695,7.5927318872060745,moderate_potential
8590,4436,Romanshorn,46.48046144226357,6.722657889850162,good_potential
8592,4451,Uttwil,47.03973669108904,9.53305309252048,high_potential
8593,4426,Kesswil,46.147999266523406,7.26781919028338,good_potential
8594,4656,Güttingen,46.30388433413918,7.041732019913183,moderate_potential
8595,4641,Altnau,46.37605385873598,6.168088629145682,good_potential
8596,4691,Münsterlingen,46.927225244337144,7.570757227535806,good_potential
8597,4691,Münsterlingen,46.927225244337144,7.570757227535806,good_potential
8598,4643,Bottighofen,47.43232122977279,8.879684124704193,moderate_potential
8599,4441,Salmsach,46.747509495283666,7.163724328844118,good_potential
8600,191,Dübendorf,46.340835964908145,7.4558248545848915,moderate_potential
8602,200,Wangen-Brüttisellen,47.12817307517233,7.278027904260474,moderate_potential
8603,197,Schwerzenbach,47.27739560211535,7.361686523728093,moderate_potential
8604,199,Volketswil,47.067405638644814,8.030466698061227,moderate_potential
8605,199,Volketswil,47.067405638644814,8.030466698061227,moderate_potential
8606,198,Uster,47.44125351151959,9.533567417986875,moderate_potential
8607,119,Seegräben,47.20397647891155,9.529989688445209,moderate_potential
8608,112,Bubikon,47.31951250928126,8.034313362031359,moderate_potential
8610,198,Uster,47.44125351151959,9.533567417986875,moderate_potential
8614,115,Gossau (ZH),46.14810866114855,6.047343776936769,moderate_potential
8615,198,Uster,47.44125351151959,9.533567417986875,moderate_potential
8616,198,Uster,47.44125351151959,9.533567417986875,moderate_potential
8617,196,Mönchaltorf,47.58604265985739,8.687684985142678,moderate_potential
8618,157,Oetwil am See,47.00508949074746,6.916395022382732,moderate_potential
8620,121,Wetzikon (ZH),46.91107624624305,7.125464072126141,good_potential
8623,121,Wetzikon (ZH),46.91107624624305,7.125464072126141,good_potential
8624,115,Gossau (ZH),46.14810866114855,6.047343776936769,moderate_potential
8625,115,Gossau (ZH),46.14810866114855,6.047343776936769,moderate_potential
8626,115,Gossau (ZH),46.14810866114855,6.047343776936769,moderate_potential
8627,116,Grüningen,47.304327238893336,8.546917511622047,moderate_potential
8630,118,Rüti (ZH),47.42842395971734,7.126226265611567,good_potential
8632,113,Dürnten,46.95535454452076,7.6793383281097976,good_potential
8633,112,Bubikon,47.31951250928126,8.034313362031359,moderate_potential
8634,153,Hombrechtikon,46.685324989420124,6.886684663595696,moderate_potential
8635,113,Dürnten,46.95535454452076,7.6793383281097976,good_potential
8636,120,Wald (ZH),47.52845291531643,8.508922028964307,high_potential
8637,120,Wald (ZH),47.52845291531643,8.508922028964307,high_potential
8638,3342,Eschenbach (SG),47.1106514065575,6.903326826297569,high_potential
8640,3340,Rapperswil-Jona,46.07036484372043,7.03359216233185,good_potential
8645,3340,Rapperswil-Jona,46.07036484372043,7.03359216233185,good_potential
8646,3340,Rapperswil-Jona,46.07036484372043,7.03359216233185,good_potential
8700,154,Küsnacht (ZH),47.24079260104946,7.241126049617115,good_potential
8702,161,Zollikon,46.69664121862737,6.976141098059552,moderate_potential
8703,151,Erlenbach (ZH),47.18212200552567,7.756829539349033,moderate_potential
8704,152,Herrliberg,46.91358925152618,9.66155950005519,good_potential
8706,156,Meilen,46.8149220574441,7.510166210308167,high_potential
8707,159,Uetikon am See,46.98061553911278,7.4745121497805895,good_potential
8708,155,Männedorf,47.213132145008046,8.010075673364945,moderate_potential
8712,158,Stäfa,47.40902598263332,8.860800813088742,moderate_potential
8713,158,Stäfa,47.40902598263332,8.860800813088742,moderate_potential
8714,153,Hombrechtikon,46.685324989420124,6.886684663595696,moderate_potential
8715,3340,Rapperswil-Jona,46.07036484372043,7.03359216233185,good_potential
8716,3338,Schmerikon,46.96095768164232,8.578927069332806,moderate_potential
8717,3312,Benken (SG),47.131612905710405,8.263177727919087,moderate_potential
8718,3315,Schänis,46.767789518160775,9.463424776870491,good_potential
8722,3313,Kaltbrunn,46.23746342101723,6.150829549725275,good_potential
8723,3315,Schänis,46.767789518160775,9.463424776870491,good_potential
8725,3341,Gommiswald,46.74649806464258,8.228359632499723,high_potential
8726,3341,Gommiswald,46.74649806464258,8.228359632499723,high_potential
8727,3342,Eschenbach (SG),47.1106514065575,6.903326826297569,high_potential
8730,3339,Uznach,46.553552026158485,6.377966360075177,moderate_potential
8732,3342,Eschenbach (SG),47.1106514065575,6.903326826297569,high_potential
8733,3342,Eschenbach (SG),47.1106514065575,6.903326826297569,high_potential
8734,3342,Eschenbach (SG),47.1106514065575,6.903326826297569,high_potential
8735,3342,Eschenbach (SG),47.1106514065575,6.903326826297569,high_potential
8737,3341,Gommiswald,46.74649806464258,8.228359632499723,high_potential
8738,3341,Gommiswald,46.74649806464258,8.228359632499723,high_potential
8739,3341,Gommiswald,46.74649806464258,8.228359632499723,high_potential
8750,1632,Glarus,47.444127892490435,8.682357651096144,moderate_potential
8751,1218,Spiringen,47.43040911351237,8.773289092509458,good_potential
8752,1630,Glarus Nord,47.52485200828036,8.01691315351852,moderate_potential
8753,1630,Glarus Nord,47.52485200828036,8.01691315351852,moderate_potential
8754,1632,Glarus,47.444127892490435,8.682357651096144,moderate_potential
8755,1632,Glarus,47.444127892490435,8.682357651096144,moderate_potential
8756,1631,Glarus Süd,47.210016352079066,9.049101351144515,high_potential
8757,1630,Glarus Nord,47.52485200828036,8.01691315351852,moderate_potential
8758,1630,Glarus Nord,47.52485200828036,8.01691315351852,moderate_potential
8762,1631,Glarus Süd,47.210016352079066,9.049101351144515,high_potential
8765,1631,Glarus Süd,47.210016352079066,9.049101351144515,high_potential
8766,1631,Glarus Süd,47.210016352079066,9.049101351144515,high_potential
8767,1631,Glarus Süd,47.210016352079066,9.049101351144515,high_potential
8772,1631,Glarus Süd,47.210016352079066,9.049101351144515,high_potential
8773,1631,Glarus Süd,47.210016352079066,9.049101351144515,high_potential
8774,1631,Glarus Süd,47.210016352079066,9.049101351144515,high_potential
8775,1631,Glarus Süd,47.210016352079066,9.049101351144515,high_potential
8777,1631,Glarus Süd,47.210016352079066,9.049101351144515,high_potential
8782,1631,Glarus Süd,47.210016352079066,9.049101351144515,high_potential
8783,1631,Glarus Süd,47.210016352079066,9.049101351144515,high_potential
8784,1631,Glarus Süd,47.210016352079066,9.049101351144515,high_potential
8800,141,Thalwil,47.51756327469299,8.17621634122505,moderate_potential
8802,135,Kilchberg (ZH),47.03176042055827,8.428302215794323,moderate_potential
8803,139,Rüschlikon,47.51709738493415,8.136567737193204,moderate_potential
8804,293,Wädenswil,46.82998263752173,6.830238931576881,moderate_potential
8805,138,Richterswil,46.48144521755212,7.288426296928545,moderate_potential
8806,1322,Freienbach,47.36911817133258,8.31110479859312,high_potential
8807,1322,Freienbach,47.36911817133258,8.31110479859312,high_potential
8808,1322,Freienbach,47.36911817133258,8.31110479859312,high_potential
8810,295,Horgen,47.31970278038308,8.612177049702314,moderate_potential
8815,295,Horgen,47.31970278038308,8.612177049702314,moderate_potential
8816,295,Horgen,47.31970278038308,8.612177049702314,moderate_potential
8820,293,Wädenswil,46.82998263752173,6.830238931576881,moderate_potential
8824,293,Wädenswil,46.82998263752173,6.830238931576881,moderate_potential
8825,293,Wädenswil,46.82998263752173,6.830238931576881,moderate_potential
8832,1322,Freienbach,47.36911817133258,8.31110479859312,high_potential
8833,138,Richterswil,46.48144521755212,7.288426296928545,moderate_potential
8834,1321,Feusisberg,46.777552561983846,10.278757544848034,high_potential
8835,1321,Feusisberg,46.777552561983846,10.278757544848034,high_potential
8836,1301,Einsiedeln,47.09420040399969,8.372657949334119,high_potential
8840,1301,Einsiedeln,47.09420040399969,8.372657949334119,high_potential
8841,1301,Einsiedeln,47.09420040399969,8.372657949334119,high_potential
8842,1375,Unteriberg,47.33609660642397,8.659984823733916,high_potential
8843,1368,Oberiberg,47.426724260672685,7.75391728331669,high_potential
8844,1301,Einsiedeln,47.09420040399969,8.372657949334119,high_potential
8845,1375,Unteriberg,47.33609660642397,8.659984823733916,high_potential
8846,1301,Einsiedeln,47.09420040399969,8.372657949334119,high_potential
8847,1301,Einsiedeln,47.09420040399969,8.372657949334119,high_potential
8849,1361,Alpthal,47.45799437604971,8.585053150963741,high_potential
8852,1341,Altendorf,47.472182307653014,7.807699654282397,high_potential
8853,1344,Lachen,46.14772320339751,8.766944449256084,moderate_potential
8854,1342,Galgenen,46.61102642959158,6.753739885828958,high_potential
8855,1349,Wangen (SZ),46.62531928279143,7.827888243213232,moderate_potential
8856,1347,Tuggen,46.41892416089611,6.196638515993307,moderate_potential
8857,1348,Vorderthal,47.294373582962116,9.081817493844023,high_potential
8858,1343,Innerthal,47.218290372231,7.720479061700186,good_potential
8862,1346,Schübelbach,47.52432524641856,7.899977238217335,moderate_potential
8863,1346,Schübelbach,47.52432524641856,7.899977238217335,moderate_potential
8864,1345,Reichenburg,47.548818316175826,8.975804561500377,moderate_potential
8865,1630,Glarus Nord,47.52485200828036,8.01691315351852,moderate_potential
8866,1630,Glarus Nord,47.52485200828036,8.01691315351852,moderate_potential
8867,1630,Glarus Nord,47.52485200828036,8.01691315351852,moderate_potential
8868,1630,Glarus Nord,47.52485200828036,8.01691315351852,moderate_potential
8872,3316,Weesen,47.32181123795411,8.543385495668048,moderate_potential
8873,3311,Amden,47.431760399752925,8.148435686965215,moderate_potential
8874,1630,Glarus Nord,47.52485200828036,8.01691315351852,moderate_potential
8877,3295,Quarten,47.34257758796521,7.855230908807499,high_potential
8878,3295,Quarten,47.34257758796521,7.855230908807499,high_potential
8880,3298,Walenstadt,47.38449685738737,8.215852151097351,good_potential
8881,3298,Walenstadt,47.38449685738737,8.215852151097351,good_potential
8882,3295,Quarten,47.34257758796521,7.855230908807499,high_potential
8883,3295,Quarten,47.34257758796521,7.855230908807499,high_potential
8884,3295,Quarten,47.34257758796521,7.855230908807499,high_potential
8885,3295,Quarten,47.34257758796521,7.855230908807499,high_potential
8886,3293,Mels,45.98924060441297,8.877840198020385,good_potential
8887,3293,Mels,45.98924060441297,8.877840198020385,good_potential
8888,3293,Mels,45.98924060441297,8.877840198020385,good_potential
8889,3293,Mels,45.98924060441297,8.877840198020385,good_potential
8890,3292,Flums,46.663939890979925,8.498790180567227,high_potential
8892,3298,Walenstadt,47.38449685738737,8.215852151097351,good_potential
8893,3292,Flums,46.663939890979925,8.498790180567227,high_potential
8894,3292,Flums,46.663939890979925,8.498790180567227,high_potential
8895,3292,Flums,46.663939890979925,8.498790180567227,high_potential
8896,3292,Flums,46.663939890979925,8.498790180567227,high_potential
8897,3292,Flums,46.663939890979925,8.498790180567227,high_potential
8898,3295,Quarten,47.34257758796521,7.855230908807499,high_potential
8902,250,Urdorf,46.503923693904966,6.465758215594242,moderate_potential
8903,242,Birmensdorf (ZH),47.40125279196063,8.305124883723963,moderate_potential
8904,241,Aesch (ZH),46.84934359325939,8.67127109492207,moderate_potential
8905,4084,Islisberg,47.66612319147945,8.85820962857714,moderate_potential
8906,3,Bonstetten,46.75202533344462,7.682287454146287,moderate_potential
8907,14,Wettswil am Albis,46.75298030627784,6.860257453805374,moderate_potential
8908,5,Hedingen,46.652370413330445,7.933814452790973,moderate_potential
8909,2,Affoltern am Albis,46.93537608798443,7.6576546208072385,moderate_potential
8910,2,Affoltern am Albis,46.93537608798443,7.6576546208072385,moderate_potential
8911,12,Rifferswil,46.18996132108628,6.994950353069067,moderate_potential
8912,10,Obfelden,46.3463097797736,8.893971447085917,moderate_potential
8913,11,Ottenbach,47.236615791927456,8.067536767591413,moderate_potential
8914,1,Aeugst am Albis,46.316862214819714,6.136671931754218,moderate_potential
8915,4,Hausen am Albis,47.04053298431985,7.0015363080971875,moderate_potential
8916,4071,Jonen,46.733750485183684,7.677627033088335,moderate_potential
8917,4073,Oberlunkhofen,46.41321585658399,8.117638995054127,moderate_potential
8918,4079,Unterlunkhofen,47.42004248383279,8.430343885655269,moderate_potential
8919,4238,Rottenschwil,47.15985066344893,7.60155131905689,moderate_potential
8925,4,Hausen am Albis,47.04053298431985,7.0015363080971875,moderate_potential
8926,6,Kappel am Albis,47.56190743050694,8.284864718196227,moderate_potential
8932,9,Mettmenstetten,47.27026957145175,8.681719918551059,moderate_potential
8933,8,Maschwanden,46.03071884767238,8.9193686073609,moderate_potential
8934,7,Knonau,46.410414095490125,6.286694194254208,moderate_potential
8942,137,Oberrieden,47.30535735818567,8.055704232751866,moderate_potential
8951,251,Weiningen (ZH),47.15670411664916,8.16540756561267,moderate_potential
8952,247,Schlieren,47.36701322318774,8.45903158141852,moderate_potential
8953,243,Dietikon,47.393539803915516,9.589798434911115,moderate_potential
8954,244,Geroldswil,46.622488087644655,7.14130209353112,moderate_potential
8955,246,Oetwil an der Limmat,47.05171227978616,8.609496405318803,moderate_potential
8956,4030,Killwangen,46.79707620761274,6.6878405524552464,moderate_potential
8957,4040,Spreitenbach,46.74194387971482,6.918007413428166,moderate_potential
8962,4023,Bergdietikon,47.129343690964774,7.764203687433716,moderate_potential
8964,4075,Rudolfstetten-Friedlisberg,47.488299079635084,8.633936310759214,moderate_potential
8965,4062,Berikon,46.51806649762222,6.3801213549223315,moderate_potential
8966,4074,Oberwil-Lieli,47.09075956330874,7.509803600376814,moderate_potential
8967,4081,Widen,47.393390965413616,8.058179378207349,moderate_potential
9000,3203,St. Gallen,47.1885753794816,7.947030530842891,good_potential
9008,3203,St. Gallen,47.1885753794816,7.947030530842891,good_potential
9010,3203,St. Gallen,47.1885753794816,7.947030530842891,good_potential
9011,3203,St. Gallen,47.1885753794816,7.947030530842891,good_potential
9012,3203,St. Gallen,47.1885753794816,7.947030530842891,good_potential
9014,3203,St. Gallen,47.1885753794816,7.947030530842891,good_potential
9015,3203,St. Gallen,47.1885753794816,7.947030530842891,good_potential
9016,3203,St. Gallen,47.1885753794816,7.947030530842891,good_potential
9030,3442,Gaiserwald,47.56179254706912,8.143211206839002,high_potential
9032,3442,Gaiserwald,47.56179254706912,8.143211206839002,high_potential
9033,3219,Untereggen,46.378328000160174,8.542338551479371,high_potential
9034,3212,Eggersriet,45.847604835777,8.932927021000582,good_potential
9035,3031,Grub (AR),47.13830115615586,8.194427986557082,high_potential
9036,3212,Eggersriet,45.847604835777,8.932927021000582,good_potential
9037,3023,Speicher,47.14652162522739,8.33715941327374,high_potential
9038,3034,Rehetobel,47.37972915288148,7.507310128918892,high_potential
9042,3023,Speicher,47.14652162522739,8.33715941327374,high_potential
9043,3025,Trogen,47.28749556354805,8.559106451361133,high_potential
9044,3036,Wald (AR),46.4075994705802,7.787044997441001,good_potential
9050,3112,Schwende-Rüte,47.23147213767914,7.307620905691,high_potential
9052,3024,Teufen (AR),46.67287549292897,6.680134194411651,high_potential
9053,3024,Teufen (AR),46.67287549292897,6.680134194411651,high_potential
9054,3104,Schlatt-Haslen,47.34665714822685,8.33330766325006,high_potential
9055,3021,Bühler,47.68101497612583,8.744854089732979,high_potential
9056,3022,Gais,47.26440329213638,8.308781966368615,high_potential
9057,3112,Schwende-Rüte,47.23147213767914,7.307620905691,high_potential
9058,3112,Schwende-Rüte,47.23147213767914,7.307620905691,high_potential
9062,3024,Teufen (AR),46.67287549292897,6.680134194411651,high_potential
9063,3005,Stein (AR),46.60130174003155,6.7308573599377235,high_potential
9064,3002,Hundwil,47.26549073413163,7.407556747442711,high_potential
9100,3001,Herisau,47.71720268062556,8.499205996878153,high_potential
9103,3004,Schwellbrunn,46.48371718264476,6.9104051211848345,high_potential
9104,3007,Waldstatt,46.52890233327696,6.848123052633979,high_potential
9105,3396,Neckertal,47.18607800244112,8.373084087650488,high_potential
9107,3006,Urnäsch,46.93237701505283,7.5000536252587935,high_potential
9108,3102,Gonten,47.23659870424823,7.818232328609431,high_potential
9112,3001,Herisau,47.71720268062556,8.499205996878153,high_potential
9113,3401,Degersheim,46.708807196857755,6.580678494384528,high_potential
9114,3396,Neckertal,47.18607800244112,8.373084087650488,high_potential
9115,3396,Neckertal,47.18607800244112,8.373084087650488,high_potential
9116,3401,Degersheim,46.708807196857755,6.580678494384528,high_potential
9122,3396,Neckertal,47.18607800244112,8.373084087650488,high_potential
9123,3396,Neckertal,47.18607800244112,8.373084087650488,high_potential
9125,3396,Neckertal,47.18607800244112,8.373084087650488,high_potential
9126,3396,Neckertal,47.18607800244112,8.373084087650488,high_potential
9127,3396,Neckertal,47.18607800244112,8.373084087650488,high_potential
9200,3443,Gossau (SG),47.18034579874894,7.625602521810047,good_potential
9203,3424,Oberbüren,46.71815788312315,6.507685761420633,moderate_potential
9204,3441,Andwil (SG),47.124311968469826,7.24089174319934,good_potential
9205,3444,Waldkirch,46.95588230981458,7.4955340110881155,high_potential
9212,3443,Gossau (SG),47.18034579874894,7.625602521810047,good_potential
9213,4486,Hauptwil-Gottshaus,47.57641204795103,8.630038771319427,good_potential
9214,4501,Kradolf-Schönenberg,47.5324518501245,9.04554104477928,moderate_potential
9215,4501,Kradolf-Schönenberg,47.5324518501245,9.04554104477928,moderate_potential
9216,4495,Hohentannen,46.624178835037135,8.855162440722774,moderate_potential
9217,4501,Kradolf-Schönenberg,47.5324518501245,9.04554104477928,moderate_potential
9220,4471,Bischofszell,46.766854118374596,8.079887676118851,moderate_potential
9223,4471,Bischofszell,46.766854118374596,8.079887676118851,moderate_potential
9225,4486,Hauptwil-Gottshaus,47.57641204795103,8.630038771319427,good_potential
9230,3402,Flawil,46.21750662000986,7.910173555803719,good_potential
9231,3402,Flawil,46.21750662000986,7.910173555803719,good_potential
9240,3408,Uzwil,47.29661647235556,9.267322790263222,moderate_potential
9242,3407,Oberuzwil,47.19544694793862,8.53703066733034,high_potential
9243,3405,Jonschwil,46.85614563050267,6.599883943290332,good_potential
9244,3408,Uzwil,47.29661647235556,9.267322790263222,moderate_potential
9245,3424,Oberbüren,46.71815788312315,6.507685761420633,moderate_potential
9246,3422,Niederbüren,47.57650080937586,9.214783792165518,moderate_potential
9247,3408,Uzwil,47.29661647235556,9.267322790263222,moderate_potential
9248,3407,Oberuzwil,47.19544694793862,8.53703066733034,high_potential
9249,3408,Uzwil,47.29661647235556,9.267322790263222,moderate_potential
9300,3204,Wittenbach,47.06517233192542,7.197731051049026,high_potential
9304,3444,Waldkirch,46.95588230981458,7.4955340110881155,high_potential
9305,3211,Berg (SG),46.43039861733156,9.02375167540618,high_potential
9306,4431,Roggwil (TG),47.245011844623725,8.499012361318085,good_potential
9308,3201,Häggenschwil,47.410220129432844,8.46598918817273,high_potential
9312,3201,Häggenschwil,47.410220129432844,8.46598918817273,high_potential
9313,3202,Muolen,46.634751514340685,6.841723888324645,high_potential
9314,4411,Egnach,47.47001752552638,9.58341111494707,good_potential
9315,4411,Egnach,47.47001752552638,9.58341111494707,good_potential
9320,4401,Arbon,47.596574357444695,9.286504105245045,moderate_potential
9322,4411,Egnach,47.47001752552638,9.58341111494707,good_potential
9323,3217,Steinach,46.82365098481474,7.148339168722481,moderate_potential
9325,4431,Roggwil (TG),47.245011844623725,8.499012361318085,good_potential
9326,4421,Horn,46.84028413676314,9.551292429248798,moderate_potential
9327,3218,Tübach,46.99231597968627,9.746058840186922,moderate_potential
9400,3215,Rorschach,46.76450544512172,7.094954143052407,good_potential
9402,3214,Mörschwil,46.4250950588827,7.456457979452891,moderate_potential
9403,3213,Goldach,47.28803054882776,8.274810587014796,moderate_potential
9404,3216,Rorschacherberg,46.52532833954798,6.946903199969129,good_potential
9405,3033,Lutzenberg,46.65045270506043,8.73230695831843,moderate_potential
9410,3032,Heiden,47.441778001596965,8.3897458531262,good_potential
9411,3035,Reute (AR),47.30480074337425,7.627031003124966,high_potential
9413,3111,Oberegg,45.951012417732876,8.965536193483373,high_potential
9422,3237,Thal,47.17212474286994,8.254427259319755,good_potential
9423,3237,Thal,47.17212474286994,8.254427259319755,good_potential
9424,3235,Rheineck,46.340051273306976,6.154485780268619,good_potential
9425,3237,Thal,47.17212474286994,8.254427259319755,good_potential
9426,3033,Lutzenberg,46.65045270506043,8.73230695831843,moderate_potential
9427,3038,Wolfhalden,46.62102841742828,7.203568779737303,high_potential
9428,3037,Walzenhausen,46.98875660250243,9.580354650645848,good_potential
9430,3236,St. Margrethen,46.23452555041671,6.98252579734592,good_potential
9434,3231,Au (SG),47.30560978708324,8.173835190192083,good_potential
9435,3231,Au (SG),47.30560978708324,8.173835190192083,good_potential
9436,3232,Balgach,46.48490732577683,6.49209351792181,high_potential
9437,3253,Marbach (SG),47.49314427731246,8.910189012569129,high_potential
9442,3233,Berneck,47.5495414926042,8.706257827069708,good_potential
9443,3238,Widnau,46.33902485225989,6.945794990205587,high_potential
9444,3234,Diepoldsau,46.650199218396885,7.7402520259843826,high_potential
9445,3255,Rebstein,47.40477362036293,9.639150328156806,high_potential
9450,3251,Altstätten,46.23222972289084,6.079097130314129,high_potential
9451,3254,Oberriet (SG),46.767968096979594,7.064900005251601,high_potential
9452,3251,Altstätten,46.23222972289084,6.079097130314129,high_potential
9453,3252,Eichberg,46.47652616887789,6.814000476345478,good_potential
9462,3254,Oberriet (SG),46.767968096979594,7.064900005251601,high_potential
9463,3254,Oberriet (SG),46.767968096979594,7.064900005251601,high_potential
9464,3251,Altstätten,46.23222972289084,6.079097130314129,high_potential
9465,3274,Sennwald,47.35096682626608,7.120657499386792,moderate_potential
9466,3274,Sennwald,47.35096682626608,7.120657499386792,moderate_potential
9467,3274,Sennwald,47.35096682626608,7.120657499386792,moderate_potential
9468,3274,Sennwald,47.35096682626608,7.120657499386792,moderate_potential
9469,3274,Sennwald,47.35096682626608,7.120657499386792,moderate_potential
9470,3273,Grabs,47.005660657424094,7.055736426533796,moderate_potential
9472,3273,Grabs,47.005660657424094,7.055736426533796,moderate_potential
9473,3272,Gams,46.700471887737244,6.850604894093477,moderate_potential
9475,3275,Sevelen,47.20010531435385,7.623848202217934,moderate_potential
9476,3276,Wartau,47.446302275172755,7.6961101857027865,moderate_potential
9477,3276,Wartau,47.446302275172755,7.6961101857027865,moderate_potential
9478,3276,Wartau,47.446302275172755,7.6961101857027865,moderate_potential
9479,3276,Wartau,47.446302275172755,7.6961101857027865,moderate_potential
9485,7007,Eschen,46.886574025353,9.73947303829302,moderate_potential
9486,7008,Mauren,47.51118420294168,8.642508028606551,moderate_potential
9487,7009,Gamprin,46.778001544637576,6.59865898591549,moderate_potential
9488,7011,Schellenberg,47.28076952557482,7.832739968655714,moderate_potential
9490,7001,Vaduz,46.976157244920785,8.107831005928391,moderate_potential
9491,7010,Ruggell,46.99457885030202,8.428282272930065,moderate_potential
9492,7007,Eschen,46.886574025353,9.73947303829302,moderate_potential
9493,7008,Mauren,47.51118420294168,8.642508028606551,moderate_potential
9494,7005,Schaan,46.57338436483254,6.771473510948133,moderate_potential
9495,7002,Triesen,46.675548836665435,6.994899392839099,good_potential
9496,7003,Balzers,46.32359651545688,6.160882939867252,good_potential
9497,7004,Triesenberg,47.357076944792844,9.28458848208988,moderate_potential
9498,7006,Planken,46.17843039992652,8.889402951188812,moderate_potential
9500,3427,Wil (SG),47.23571396342928,8.185422154267222,good_potential
9502,4723,Braunau,46.84844425174835,7.68685671185425,high_potential
9503,4921,Bussnang,47.31848106996661,7.242216117818446,good_potential
9504,4921,Bussnang,47.31848106996661,7.242216117818446,good_potential
9506,4741,Lommis,47.40477139910343,7.163102472854914,good_potential
9507,4606,Stettfurt,47.37661275344455,9.341589973989933,good_potential
9508,4741,Lommis,47.40477139910343,7.163102472854914,good_potential
9512,3427,Wil (SG),47.23571396342928,8.185422154267222,good_potential
9514,4791,Wuppenau,46.96387138054332,9.811714626911469,high_potential
9515,4791,Wuppenau,46.96387138054332,9.811714626911469,high_potential
9517,4921,Bussnang,47.31848106996661,7.242216117818446,good_potential
9523,3426,Zuzwil (SG),47.32202570168058,7.344865627786555,good_potential
9524,3426,Zuzwil (SG),47.32202570168058,7.344865627786555,good_potential
9525,3423,Niederhelfenschwil,46.81222313287084,6.583131645986918,good_potential
9526,3423,Niederhelfenschwil,46.81222313287084,6.583131645986918,good_potential
9527,3423,Niederhelfenschwil,46.81222313287084,6.583131645986918,good_potential
9532,4751,Rickenbach (TG),46.77784812392262,9.42118460157639,good_potential
9533,3392,Kirchberg (SG),47.501951599344835,9.392214842116488,high_potential
9534,3392,Kirchberg (SG),47.501951599344835,9.392214842116488,high_potential
9535,4786,Wilen (TG),46.708100631656166,10.092740621241989,good_potential
9536,3405,Jonschwil,46.85614563050267,6.599883943290332,good_potential
9542,4746,Münchwilen (TG),46.49426877368541,6.659495452957944,moderate_potential
9543,4746,Münchwilen (TG),46.49426877368541,6.659495452957944,moderate_potential
9545,4781,Wängi,47.76520597380921,8.54420500461994,moderate_potential
9546,4781,Wängi,47.76520597380921,8.54420500461994,moderate_potential
9547,4551,Aadorf,47.30932370921847,8.521285280010376,high_potential
9548,4591,Matzingen,46.19023021993268,6.042233183652528,high_potential
9552,3427,Wil (SG),47.23571396342928,8.185422154267222,good_potential
9553,4716,Bettwiesen,46.74786800934877,6.757791965751445,good_potential
9554,4776,Tobel-Tägerschen,47.29191615577105,8.19810443790575,high_potential
9555,4776,Tobel-Tägerschen,47.29191615577105,8.19810443790575,high_potential
9556,4711,Affeltrangen,47.492858894325245,9.46096312313378,good_potential
9562,4711,Affeltrangen,47.492858894325245,9.46096312313378,good_potential
9565,4921,Bussnang,47.31848106996661,7.242216117818446,good_potential
9573,4761,Sirnach,47.40200396107152,8.398236706406298,good_potential
9601,3395,Bütschwil-Ganterschwil,47.49814866526999,8.392094927655807,high_potential
9602,3392,Kirchberg (SG),47.501951599344835,9.392214842116488,high_potential
9604,3393,Lütisburg,47.34808200632438,8.241660294952345,high_potential
9606,3395,Bütschwil-Ganterschwil,47.49814866526999,8.392094927655807,high_potential
9607,3394,Mosnang,46.40211031487465,7.627663213817813,high_potential
9608,3395,Bütschwil-Ganterschwil,47.49814866526999,8.392094927655807,high_potential
9612,3394,Mosnang,46.40211031487465,7.627663213817813,high_potential
9613,3394,Mosnang,46.40211031487465,7.627663213817813,high_potential
9614,3394,Mosnang,46.40211031487465,7.627663213817813,high_potential
9615,3395,Bütschwil-Ganterschwil,47.49814866526999,8.392094927655807,high_potential
9620,3374,Lichtensteig,46.88633919322919,7.510148056590712,high_potential
9621,3396,Neckertal,47.18607800244112,8.373084087650488,high_potential
9622,3379,Wattwil,47.030180758134954,8.782185468617826,high_potential
9630,3379,Wattwil,47.030180758134954,8.782185468617826,high_potential
9631,3379,Wattwil,47.030180758134954,8.782185468617826,high_potential
9633,3396,Neckertal,47.18607800244112,8.373084087650488,high_potential
9642,3352,Ebnat-Kappel,46.77269217025854,6.638529449258937,high_potential
9643,3360,Nesslau,46.04210080752021,8.918724984899892,high_potential
9650,3360,Nesslau,46.04210080752021,8.918724984899892,high_potential
9651,3360,Nesslau,46.04210080752021,8.918724984899892,high_potential
9652,3360,Nesslau,46.04210080752021,8.918724984899892,high_potential
9655,3360,Nesslau,46.04210080752021,8.918724984899892,high_potential
9656,3359,Wildhaus-Alt St. Johann,46.017137646336614,8.841672450882136,moderate_potential
9657,3359,Wildhaus-Alt St. Johann,46.017137646336614,8.841672450882136,moderate_potential
9658,3359,Wildhaus-Alt St. Johann,46.017137646336614,8.841672450882136,moderate_potential
