{
"type": "FeatureCollection",
"name": "wind_high_3km",
"crs": { "type": "name", "properties": { "name": "urn:ogc:def:crs:OGC:1.3:CRS84" } },
"features": [
{ "type": "Feature", "properties": { "zone_type": "high_potential" }, "geometry": { "type": "MultiPolygon", "coordinates": [ [ [ [ 7.678257121193752, 45.99392681031982 ], [ 7.677610988042223, 45.99113823755718 ], [ 7.677386620909121, 45.988317865222989 ], [ 7.677288787961155, 45.965829443764022 ], [ 7.677488502769307, 45.96300818282419 ], [ 7.678109949080845, 45.960216933931669 ], [ 7.679146255904631, 45.957486271637187 ], [ 7.680586012445734, 45.954846102297203 ], [ 7.682413395603716, 45.952325336910349 ], [ 7.68460834546373, 45.949951575029331 ], [ 7.687146786764981, 45.947750803182402 ], [ 7.690000893846772, 45.945747111072805 ], [ 7.693139396118569, 45.943962428626307 ], [ 7.696527920681199, 45.942416286724352 ], [ 7.700129368344951, 45.94112560420136 ], [ 7.703904318950517, 45.940104503396064 ], [ 7.707811461601954, 45.939364156238369 ], [ 7.711808045170699, 45.93891266252291 ], [ 7.715850344226539, 45.938754961671947 ], [ 7.780315210678657, 45.9385779495422 ], [ 7.784359150009419, 45.93871344664489 ], [ 7.788360688362343, 45.939142978585672 ], [ 7.792276046334375, 45.939861846223017 ], [ 7.796062383295332, 45.940862184789708 ], [ 7.799678264277427, 45.942133049567609 ], [ 7.803084111809008, 45.94366053513658 ], [ 7.806242637835307, 45.945427926920232 ], [ 7.809119251068112, 45.947415883402805 ], [ 7.811682435353206, 45.949602647060509 ], [ 7.813904094937594, 45.951964281739599 ], [ 7.815759862855216, 45.954474933923308 ], [ 7.817229369028293, 45.957107115068766 ], [ 7.818296465097838, 45.959832001960464 ], [ 7.818675262388672, 45.961219915156519 ], [ 7.822722161744885, 45.961849599638605 ], [ 7.826580375736534, 45.962709271616163 ], [ 7.830288749240685, 45.963845364422056 ], [ 7.833806696762823, 45.965245447686705 ], [ 7.837095708188889, 45.966894201561814 ], [ 7.840119769256802, 45.968773583705442 ], [ 7.842845755224288, 45.970863026007898 ], [ 7.845243793459934, 45.973139658944532 ], [ 7.847287590999471, 45.975578561141297 ], [ 7.848954723467331, 45.978153031462021 ], [ 7.850226882161214, 45.980834880678231 ], [ 7.851090076531908, 45.983594739563728 ], [ 7.851534789757934, 45.986402380072064 ], [ 7.85159849254001, 45.987814518597439 ], [ 7.851768127986452, 46.01030279444074 ], [ 7.851577242480936, 46.013124374131159 ], [ 7.850964060512032, 46.015916592965482 ], [ 7.849935237710012, 46.018648851934351 ], [ 7.848501988982439, 46.021291204556029 ], [ 7.846679968139632, 46.023814685468658 ], [ 7.84448909854095, 46.02619162844455 ], [ 7.841953356522929, 46.028395970313184 ], [ 7.840564695723502, 46.029425780334826 ], [ 7.837564812650042, 46.03132655874456 ], [ 7.835961814397266, 46.03219231149528 ], [ 7.832571671172016, 46.033742671821265 ], [ 7.830793824883921, 46.034423024680002 ], [ 7.827096956385359, 46.035584744760385 ], [ 7.823245852465615, 46.03647083489237 ], [ 7.819282759298604, 46.037071573207491 ], [ 7.8152511570133, 46.037380368348344 ], [ 7.81322347222269, 46.037424102024602 ], [ 7.748641989475917, 46.037619957445507 ], [ 7.744590813313015, 46.03748317274718 ], [ 7.740582412527256, 46.037052076614536 ], [ 7.73666076652369, 46.036331399158776 ], [ 7.732868898716693, 46.035329047607995 ], [ 7.729248402660239, 46.03405601917801 ], [ 7.725838984194032, 46.032526279917633 ], [ 7.72422521297195, 46.03167028269484 ], [ 7.721201661506361, 46.029787771645253 ], [ 7.71847739253197, 46.027695368404324 ], [ 7.716082247303738, 46.025416020638389 ], [ 7.71404244769969, 46.022974723251231 ], [ 7.71238030979975, 46.020398243577802 ], [ 7.711114000806355, 46.017714827242891 ], [ 7.710257341907583, 46.014953887945531 ], [ 7.706207809271552, 46.014320150957587 ], [ 7.704261581646131, 46.013923475668648 ], [ 7.700471864427619, 46.012920035257672 ], [ 7.69685360914896, 46.011645968020993 ], [ 7.695121265994482, 46.010911705338088 ], [ 7.691833895661257, 46.009258791916153 ], [ 7.690287884112151, 46.008344677166136 ], [ 7.68741239085265, 46.006353666538111 ], [ 7.68485152214975, 46.004164056411291 ], [ 7.682633322181966, 46.001799859106796 ], [ 7.680782067727156, 45.999286998303532 ], [ 7.679318003334394, 45.996653024093099 ], [ 7.678257121193752, 45.99392681031982 ] ] ], [ [ [ 7.098339872789743, 46.1326564176088 ], [ 7.097669870788614, 46.131322558914157 ], [ 7.097101225706276, 46.129966146426035 ], [ 7.09663548918864, 46.12859089952763 ], [ 7.096273930391091, 46.127200588962893 ], [ 7.092223322546016, 46.126544767178629 ], [ 7.090277616148532, 46.126137479580414 ], [ 7.088365265032314, 46.125659913330367 ], [ 7.08649151719418, 46.125113379239806 ], [ 7.084661514236975, 46.124499377379074 ], [ 7.082880277213265, 46.123819592943008 ], [ 7.081152692806652, 46.123075891607279 ], [ 7.079483499889067, 46.122270314388025 ], [ 7.077877276491527, 46.121405072019435 ], [ 7.076338427224438, 46.120482538864181 ], [ 7.074871171182341, 46.119505246375304 ], [ 7.073479530366384, 46.118475876126105 ], [ 7.072167318656565, 46.117397252428617 ], [ 7.070938131363799, 46.11627233456084 ], [ 7.069795335390624, 46.11510420862426 ], [ 7.068742060027105, 46.113896079054783 ], [ 7.067781188407084, 46.112651259809937 ], [ 7.066915349647712, 46.111373165257746 ], [ 7.066146911693363, 46.110065300791646 ], [ 7.06547797488308, 46.108731253198272 ], [ 7.064910366258367, 46.107374680804014 ], [ 7.064445634626429, 46.105999303428277 ], [ 7.064085046391432, 46.104608892170695 ], [ 7.063829582164474, 46.103207259060682 ], [ 7.063679934160643, 46.101798246598023 ], [ 7.063636504389339, 46.100385717213015 ], [ 7.063791466786325, 46.077897189976987 ], [ 7.064023310159114, 46.075077071423991 ], [ 7.064677397656082, 46.072289265658746 ], [ 7.065746500725925, 46.069564309170879 ], [ 7.067218849531419, 46.066932045495058 ], [ 7.069078264369097, 46.064421298748947 ], [ 7.071304335046116, 46.062059558508693 ], [ 7.073872646157156, 46.059872679444268 ], [ 7.076755045721295, 46.057884598970169 ], [ 7.079919954186223, 46.056117075964714 ], [ 7.083332710390128, 46.054589453377325 ], [ 7.08695595069234, 46.053318447281626 ], [ 7.090750017146452, 46.052317964642398 ], [ 7.094673390295964, 46.051598951752936 ], [ 7.098683141925099, 46.051169274969332 ], [ 7.102735402897902, 46.051033635017824 ], [ 7.128574682099496, 46.051107973204111 ], [ 7.128677154797091, 46.033117172053082 ], [ 7.128738294551892, 46.031704970625206 ], [ 7.129178175852977, 46.028896918918335 ], [ 7.130036974010715, 46.026136272543802 ], [ 7.131305220202186, 46.023453268227051 ], [ 7.132968966558751, 46.020877287894578 ], [ 7.135009941281201, 46.018436537355448 ], [ 7.137405750723798, 46.016157738023175 ], [ 7.140130126150808, 46.014065835022663 ], [ 7.143153212400888, 46.012183724842082 ], [ 7.146441895259619, 46.010532005471944 ], [ 7.149960163941846, 46.009128751724802 ], [ 7.1517934438656, 46.008525208805999 ], [ 7.155583210230856, 46.007522546587325 ], [ 7.159502511226086, 46.006801278358786 ], [ 7.163508463105165, 46.00636929515445 ], [ 7.167557238229016, 46.006231322934994 ], [ 7.199829633669058, 46.006304727008413 ], [ 7.203877036028777, 46.006461114109207 ], [ 7.20787886294559, 46.006911311125819 ], [ 7.209848971024666, 46.007245173548398 ], [ 7.213700628005408, 46.008125859860357 ], [ 7.217399224231975, 46.009282142873523 ], [ 7.220904280652122, 46.01070137124826 ], [ 7.224177427566449, 46.012368015557286 ], [ 7.22718282359739, 46.014263837559113 ], [ 7.229887547503382, 46.016368089065125 ], [ 7.232261958583858, 46.018657738263947 ], [ 7.234280021738919, 46.02110772106623 ], [ 7.235919593609361, 46.023691214760433 ], [ 7.237162666623187, 46.026379931021822 ], [ 7.237995568212469, 46.029144425103496 ], [ 7.238409112934215, 46.031954417853214 ], [ 7.238457009401793, 46.033366867243522 ], [ 7.238390720595956, 46.051357750168862 ], [ 7.264230290213685, 46.051400955640695 ], [ 7.268281219558594, 46.051555026304008 ], [ 7.272286882391392, 46.052002934136731 ], [ 7.274259011305791, 46.052335670033514 ], [ 7.27811488812261, 46.053214154836049 ], [ 7.281817903072493, 46.054368325057297 ], [ 7.285327528841929, 46.055785552482291 ], [ 7.288605345814773, 46.057450329589727 ], [ 7.291615461581779, 46.059344438585867 ], [ 7.294324903308007, 46.061447150048103 ], [ 7.296703978697948, 46.06373544904374 ], [ 7.2987266016164, 46.066184286289911 ], [ 7.300370578784619, 46.068766851645996 ], [ 7.301617854372118, 46.071454866984595 ], [ 7.30245470974191, 46.074218895269333 ], [ 7.306503944645431, 46.074867159126214 ], [ 7.310361932676835, 46.075744541397654 ], [ 7.312236219694259, 46.076287350443188 ], [ 7.315849736337673, 46.077573779618405 ], [ 7.319250427017111, 46.079115923735273 ], [ 7.322401059578402, 46.080896907734221 ], [ 7.325267128500408, 46.082897241244027 ], [ 7.327817232353967, 46.085095031141776 ], [ 7.330023417847061, 46.087466220415905 ], [ 7.331861486686802, 46.089984850759834 ], [ 7.332636008566472, 46.091290893862009 ], [ 7.333311261870473, 46.092623346061401 ], [ 7.333885389352133, 46.093978557006999 ], [ 7.334356810437348, 46.095352813722926 ], [ 7.334724225632628, 46.096742350768515 ], [ 7.334986620167503, 46.098143360544654 ], [ 7.335143266860326, 46.099552003719175 ], [ 7.335193728198756, 46.100964419741651 ], [ 7.335159282447763, 46.118955455395955 ], [ 7.393370227057116, 46.11899434079379 ], [ 7.397426538372621, 46.119143765697935 ], [ 7.401438222941505, 46.11958708085141 ], [ 7.405361390410511, 46.120319436315214 ], [ 7.409153114642072, 46.12133281974333 ], [ 7.412771901538238, 46.122616143665979 ], [ 7.414503979900792, 46.123354756686155 ], [ 7.416178141526863, 46.124155366295312 ], [ 7.417789800612072, 46.125015780770049 ], [ 7.419334541845448, 46.12593364455897 ], [ 7.420808132487986, 46.126906444708723 ], [ 7.422206533960148, 46.127931517720548 ], [ 7.42352591290647, 46.129006056819293 ], [ 7.424762651707208, 46.13012711961499 ], [ 7.425913358408009, 46.131291636136631 ], [ 7.426974876040335, 46.132496417216238 ], [ 7.427944291306791, 46.133738163200761 ], [ 7.428818942607207, 46.135013472967763 ], [ 7.429596427383114, 46.136318853221546 ], [ 7.430274608759738, 46.137650728043262 ], [ 7.430851621466981, 46.139005448670027 ], [ 7.43132587702218, 46.140379303475925 ], [ 7.431696068159885, 46.141768528128274 ], [ 7.431961172495548, 46.14316931589093 ], [ 7.432120455412279, 46.14457782804692 ], [ 7.432173472161808, 46.145990204412101 ], [ 7.432170417799043, 46.168479103955498 ], [ 7.432116992672921, 46.169891475534108 ], [ 7.431957242040018, 46.171299968864361 ], [ 7.431691595592147, 46.172700722911316 ], [ 7.431320773453637, 46.174089897557465 ], [ 7.430845784295185, 46.175463684136623 ], [ 7.430267922653873, 46.176818315884233 ], [ 7.429588765465856, 46.178150078276389 ], [ 7.428810167820231, 46.179455319228211 ], [ 7.427934257945029, 46.180730459123872 ], [ 7.426963431438104, 46.18197200065044 ], [ 7.425900344758258, 46.183176538408198 ], [ 7.424747907993573, 46.184340768271419 ], [ 7.423509276926413, 46.185461496472541 ], [ 7.422187844416308, 46.186535648385963 ], [ 7.420787231123909, 46.187560276985629 ], [ 7.419311275601392, 46.188532570954159 ], [ 7.417764023776032, 46.189449862419657 ], [ 7.416149717855958, 46.190309634300228 ], [ 7.414472784688375, 46.191109527234005 ], [ 7.412737823602442, 46.19184734607672 ], [ 7.410949593770303, 46.192521065947972 ], [ 7.409113001121282, 46.193128837809454 ], [ 7.407233084845592, 46.19366899355952 ], [ 7.405315003525072, 46.19414005062989 ], [ 7.403364020929581, 46.194540716071856 ], [ 7.401385491518719, 46.194869890119769 ], [ 7.399384845689354, 46.19512666922283 ], [ 7.397367574810264, 46.195310348535976 ], [ 7.395339216085755, 46.195420423862984 ], [ 7.393305337290767, 46.195456593046742 ], [ 7.328535955259177, 46.195411468524917 ], [ 7.326502186801078, 46.1953724654309 ], [ 7.324474152046373, 46.195259564034309 ], [ 7.32245741787677, 46.195073074249599 ], [ 7.320457520016839, 46.194813507987483 ], [ 7.318479947773265, 46.194481577743254 ], [ 7.316530128904246, 46.19407819463256 ], [ 7.314613414661535, 46.193604465879602 ], [ 7.312735065046961, 46.193061691765045 ], [ 7.310900234324715, 46.192451362042029 ], [ 7.309113956829828, 46.191775151830377 ], [ 7.307381133112497, 46.191034917000529 ], [ 7.305706516456856, 46.19023268906016 ], [ 7.304094699811629, 46.189370669557803 ], [ 7.302550103168987, 46.188451224018749 ], [ 7.301076961426577, 46.187476875430988 ], [ 7.299679312766135, 46.186450297298443 ], [ 7.298360987580833, 46.185374306281439 ], [ 7.297125597981592, 46.184251854445002 ], [ 7.295976527911265, 46.183086021136212 ], [ 7.294916923893392, 46.181880004513268 ], [ 7.293949686440798, 46.180637112750155 ], [ 7.293077462147167, 46.17936075494115 ], [ 7.292302636482718, 46.178054431730132 ], [ 7.291627327313361, 46.176721725691102 ], [ 7.291053379160266, 46.175366291486526 ], [ 7.290582358215008, 46.173991845829917 ], [ 7.290215548123133, 46.172602157282121 ], [ 7.289953946546817, 46.17120103590706 ], [ 7.289798262515214, 46.169792322817933 ], [ 7.289748914568804, 46.168379879640611 ], [ 7.289798385891179, 46.150388796220014 ], [ 7.269831475184086, 46.150360516840621 ], [ 7.26905231014726, 46.152846228818817 ], [ 7.268470666801773, 46.154200027265361 ], [ 7.267787837922004, 46.15553081122377 ], [ 7.267005688687625, 46.156834931281843 ], [ 7.266126357090189, 46.158108810887882 ], [ 7.265152248136966, 46.159348956175947 ], [ 7.264086027315941, 46.160551965567173 ], [ 7.262930613339028, 46.1617145391196 ], [ 7.261689170183089, 46.162833487601638 ], [ 7.260365098449951, 46.16390574126271 ], [ 7.258962026068812, 46.164928358278175 ], [ 7.257483798366294, 46.16589853284362 ], [ 7.255934467531093, 46.166813602897243 ], [ 7.254318281502202, 46.167671057447734 ], [ 7.252639672311077, 46.168468543488096 ], [ 7.250903243909939, 46.169203872475663 ], [ 7.249113759519846, 46.169875026359875 ], [ 7.247276128533469, 46.170480163142166 ], [ 7.245395393009035, 46.171017621951037 ], [ 7.243476713792988, 46.171485927618782 ], [ 7.241525356309926, 46.171883794747309 ], [ 7.239546676059649, 46.172210131250843 ], [ 7.237546103861664, 46.172464041366787 ], [ 7.235529130888593, 46.172644828124554 ], [ 7.233501293530249, 46.172751995267902 ], [ 7.231468158130958, 46.172785248622361 ], [ 7.199097069534343, 46.172720907792844 ], [ 7.197064243830771, 46.172679572927301 ], [ 7.195037325143429, 46.172564346543489 ], [ 7.19302187728379, 46.172375544937871 ], [ 7.191023432436937, 46.172113686366608 ], [ 7.189047475910669, 46.171779489616824 ], [ 7.187099431016033, 46.171373872024809 ], [ 7.185184644121781, 46.1708979469471 ], [ 7.183308369924473, 46.170353020691543 ], [ 7.181475756975563, 46.169740588916632 ], [ 7.179691833505817, 46.169062332509597 ], [ 7.177961493586634, 46.168320112954277 ], [ 7.17628948366686, 46.167515967202519 ], [ 7.1746803895225, 46.166652102062592 ], [ 7.173138623655521, 46.165730888120805 ], [ 7.171668413176723, 46.16475485321358 ], [ 7.17027378820601, 46.163726675467117 ], [ 7.168958570822118, 46.162649175925608 ], [ 7.167726364592045, 46.161525310787198 ], [ 7.166580544708881, 46.160358163270025 ], [ 7.165524248764857, 46.159150935130931 ], [ 7.164560368184662, 46.157906937860176 ], [ 7.16369154034214, 46.156629583576887 ], [ 7.162920141381449, 46.155322375650179 ], [ 7.16224827976199, 46.153988899072218 ], [ 7.161677790543864, 46.152632810609994 ], [ 7.160919098386353, 46.15014404192052 ], [ 7.134481124960687, 46.150075631290285 ], [ 7.13244919380478, 46.150033132466895 ], [ 7.130423254877436, 46.149916745653456 ], [ 7.128408869295695, 46.149726790331698 ], [ 7.126411566322802, 46.149463787924603 ], [ 7.124436828125428, 46.149128460358668 ], [ 7.122490074662942, 46.148721728073824 ], [ 7.120576648751188, 46.148244707485809 ], [ 7.118701801342462, 46.147698707908653 ], [ 7.116870677063043, 46.147085227945993 ], [ 7.115088300048491, 46.146405951360848 ], [ 7.11335956011637, 46.145662742435732 ], [ 7.111689199314909, 46.144857640836321 ], [ 7.110081798884898, 46.143992855992188 ], [ 7.108541766671137, 46.143070761011707 ], [ 7.107073325018201, 46.142093886146625 ], [ 7.10568049918394, 46.141064911825609 ], [ 7.104367106302696, 46.139986661275678 ], [ 7.103136744928405, 46.138862092752582 ], [ 7.101992785186334, 46.13769429140109 ], [ 7.100938359560117, 46.136486460768232 ], [ 7.099976354339195, 46.13524191399349 ], [ 7.099109401749687, 46.133964064699384 ], [ 7.098339872789743, 46.1326564176088 ] ] ], [ [ [ 5.953543843708347, 46.156527663363597 ], [ 5.955436571336115, 46.156011806222821 ], [ 5.957365521916694, 46.155565461951973 ], [ 5.959325414946603, 46.155189852220957 ], [ 5.962918053740547, 46.154700697016132 ], [ 5.963415854439035, 46.136329414110264 ], [ 5.963507294290016, 46.134917985741588 ], [ 5.963704855551126, 46.133511818498107 ], [ 5.964007988614446, 46.132114766030668 ], [ 5.964415854719212, 46.130730656714888 ], [ 5.964927328337199, 46.129363283166548 ], [ 5.965541000340867, 46.128016391859127 ], [ 5.966255181944602, 46.126693672870125 ], [ 5.967067909407454, 46.125398749785091 ], [ 5.967976949483576, 46.124135169786506 ], [ 5.968979805604857, 46.122906393954125 ], [ 5.970073724777882, 46.121715787803844 ], [ 5.971255705175988, 46.120566612090052 ], [ 5.972522504404935, 46.119462013896765 ], [ 5.973870648419146, 46.118405018041649 ], [ 5.975296441063859, 46.117398518815918 ], [ 5.976795974216669, 46.116445272082508 ], [ 5.9783651385007, 46.115547887754211 ], [ 5.979999634539914, 46.114708822671282 ], [ 5.981694984725889, 46.113930373898597 ], [ 5.983446545463923, 46.113214672459428 ], [ 5.985249519865262, 46.112563677523887 ], [ 5.987098970851021, 46.111979171066061 ], [ 5.988989834632377, 46.111462753005817 ], [ 5.990916934530613, 46.111015836847322 ], [ 5.994858656514547, 46.110335209575233 ], [ 5.998881008546141, 46.10994473560401 ], [ 6.002939984087731, 46.109848686755186 ], [ 6.132257812150686, 46.11142284665884 ], [ 6.134287363424937, 46.11148335829256 ], [ 6.138318952450902, 46.111825282224082 ], [ 6.142277149165333, 46.112458287792549 ], [ 6.1442151475344, 46.11288190459689 ], [ 6.14611864585985, 46.113375449669277 ], [ 6.147982433026659, 46.113937572122531 ], [ 6.149801406167039, 46.11456673332124 ], [ 6.151570584585305, 46.115261211075541 ], [ 6.15328512335502, 46.116019104336878 ], [ 6.154940326551838, 46.116838338381406 ], [ 6.156531660086269, 46.117716670468035 ], [ 6.158054764101603, 46.118651695956046 ], [ 6.159505464903302, 46.119640854865096 ], [ 6.160879786387516, 46.120681438860814 ], [ 6.162173960937329, 46.121770598646549 ], [ 6.163384439757107, 46.122905351741522 ], [ 6.164507902616346, 46.12408259062483 ], [ 6.165541266976288, 46.125299091222573 ], [ 6.166481696473912, 46.126551521715704 ], [ 6.167326608739675, 46.127836451644761 ], [ 6.168073682527211, 46.129150361286534 ], [ 6.168720864134659, 46.130489651277507 ], [ 6.16926637309964, 46.131850652457821 ], [ 6.169708707151357, 46.133229635909096 ], [ 6.17004664640557, 46.134622823158864 ], [ 6.170279256790031, 46.136026396523505 ], [ 6.170405892690156, 46.137436509561972 ], [ 6.170426198806703, 46.138849297611429 ], [ 6.169902294516148, 46.161335273978729 ], [ 6.169816157993081, 46.16274686642975 ], [ 6.169623811715516, 46.164153391771904 ], [ 6.169325774766227, 46.165550994274135 ], [ 6.168922856125171, 46.166935842369206 ], [ 6.168416152538956, 46.168304139164832 ], [ 6.167807045598376, 46.169652132862979 ], [ 6.167097198031062, 46.170976127058438 ], [ 6.166288549218605, 46.172272490888567 ], [ 6.165383309949604, 46.173537669005789 ], [ 6.16438395642215, 46.174768191345763 ], [ 6.163293223511744, 46.175960682663472 ], [ 6.162114097322211, 46.177111871811931 ], [ 6.160849807039721, 46.178218600736528 ], [ 6.159503816111732, 46.179277833161031 ], [ 6.158079812774667, 46.180286662940603 ], [ 6.156581699956183, 46.181242322058573 ], [ 6.1550135845794, 46.182142188245258 ], [ 6.153379766298573, 46.182983792196595 ], [ 6.151684725696988, 46.183764824373753 ], [ 6.149933111979764, 46.184483141363479 ], [ 6.148129730195495, 46.185136771782176 ], [ 6.146279528022126, 46.185723921707243 ], [ 6.14438758215386, 46.186242979619792 ], [ 6.142459084326866, 46.186692520845789 ], [ 6.140499327022791, 46.18707131148269 ], [ 6.138513688890041, 46.187378311800387 ], [ 6.13650761992346, 46.187612679107488 ], [ 6.134486626444037, 46.187773770074614 ], [ 6.13245625592056, 46.187861142507877 ], [ 6.130422081675905, 46.187874556568282 ], [ 6.103969384819952, 46.18756463758703 ], [ 6.103136550038284, 46.190042031896006 ], [ 6.102525584149406, 46.191389674695642 ], [ 6.101813866119354, 46.192713259684041 ], [ 6.101003340460631, 46.194009157116518 ], [ 6.100096223111749, 46.19527381292064 ], [ 6.099094995425555, 46.196503758460622 ], [ 6.098002397422914, 46.197695620070078 ], [ 6.09682142032945, 46.19884612832584 ], [ 6.095555298415408, 46.199952127037989 ], [ 6.09420750016055, 46.201010581930753 ], [ 6.092781718767916, 46.202018588989631 ], [ 6.091281862052315, 46.20297338245306 ], [ 6.089712041731035, 46.203872342424255 ], [ 6.088076562146201, 46.204713002084027 ], [ 6.086379908449667, 46.205493054483085 ], [ 6.084626734283137, 46.206210358895511 ], [ 6.082821848987462, 46.206862946715383 ], [ 6.080970204376606, 46.207449026880511 ], [ 6.079076881113028, 46.207966990807229 ], [ 6.077147074722371, 46.208415416823627 ], [ 6.075186081286434, 46.208793074087552 ], [ 6.071590886170458, 46.209285805538563 ], [ 6.071128946868626, 46.227657617293119 ], [ 6.071040143560295, 46.229069138447599 ], [ 6.070845010158382, 46.230475499481855 ], [ 6.070544073369379, 46.231872845108057 ], [ 6.070138150108535, 46.233257344456021 ], [ 6.069628345347698, 46.234625201582531 ], [ 6.069016049170432, 46.235972665888113 ], [ 6.068302933041475, 46.237296042412609 ], [ 6.067490945299956, 46.23859170198066 ], [ 6.066582305887893, 46.239856091169912 ], [ 6.065579500327601, 46.241085742073835 ], [ 6.064485272963985, 46.242277281832052 ], [ 6.063302619489405, 46.243427441902369 ], [ 6.062034778771328, 46.244533067048323 ], [ 6.060685224004571, 46.245591124017118 ], [ 6.059257653212095, 46.246598709884672 ], [ 6.057755979120244, 46.247553060043508 ], [ 6.056184318435897, 46.248451555811975 ], [ 6.054546980555072, 46.249291731643588 ], [ 6.05284845573386, 46.250071281915673 ], [ 6.051093402754424, 46.250788067279437 ], [ 6.049286636120096, 46.251440120552822 ], [ 6.047433112815038, 46.252025652139892 ], [ 6.045537918665313, 46.252543054962224 ], [ 6.043606254339266, 46.25299090888754 ], [ 6.041643421026213, 46.25336798464361 ], [ 6.039654805833564, 46.253673247206891 ], [ 6.037645866942999, 46.253905858655585 ], [ 6.035622118567435, 46.25406518047987 ], [ 6.033589115750771, 46.254150775341984 ], [ 6.031552439053166, 46.254162408282312 ], [ 5.999138174997513, 46.253753892647467 ], [ 5.997103467572774, 46.253690948219628 ], [ 5.995076306320938, 46.253554183269749 ], [ 5.993062255696453, 46.253343973215912 ], [ 5.991066844006497, 46.253060895077148 ], [ 5.989095548171245, 46.252705725882535 ], [ 5.9871537786282, 46.252279440529129 ], [ 5.985246864423026, 46.251783209094349 ], [ 5.983380038528483, 46.251218393610714 ], [ 5.981558423432664, 46.250586544311709 ], [ 5.979787017036651, 46.249889395359872 ], [ 5.978070678901044, 46.24912886006765 ], [ 5.97641411687957, 46.248307025626566 ], [ 5.974821874176956, 46.247426147357473 ], [ 5.973298316866974, 46.246488642498733 ], [ 5.971847621905181, 46.245497083550305 ], [ 5.970473765669372, 46.244454191190918 ], [ 5.96918051305938, 46.243362826789465 ], [ 5.967971407185991, 46.24222598453072 ], [ 5.966849759677287, 46.241046783177282 ], [ 5.96581864162861, 46.239828457491157 ], [ 5.964880875220814, 46.238574349338514 ], [ 5.96403902602931, 46.237287898502061 ], [ 5.963295396044445, 46.235972633227171 ], [ 5.962652017421933, 46.234632160527283 ], [ 5.962110646979564, 46.233270156275815 ], [ 5.961672761454786, 46.231890355112114 ], [ 5.961339553535187, 46.23049654018871 ], [ 5.957295353485736, 46.229800013344018 ], [ 5.95535465047528, 46.229373181937248 ], [ 5.953448829013913, 46.228876414332213 ], [ 5.951583119069623, 46.228311074032746 ], [ 5.949762640062128, 46.227678712712247 ], [ 5.947992386769069, 46.226981065937821 ], [ 5.94627721558118, 46.226220048387482 ], [ 5.944621831144704, 46.225397748575425 ], [ 5.943030773428154, 46.224516423098642 ], [ 5.941508405249316, 46.223578490421559 ], [ 5.940058900297005, 46.222586524216972 ], [ 5.938686231680548, 46.221543246279666 ], [ 5.937394161038635, 46.22045151903513 ], [ 5.936186228237212, 46.219314337661928 ], [ 5.935065741684786, 46.218134821851443 ], [ 5.93403576929127, 46.21691620722649 ], [ 5.933099130094981, 46.215661836444006 ], [ 5.932258386580345, 46.214375150005139 ], [ 5.931515837706751, 46.213059676799318 ], [ 5.930873512667293, 46.211719024408161 ], [ 5.930333165393602, 46.210356869195891 ], [ 5.929896269821315, 46.208976946213355 ], [ 5.929564015928198, 46.207583038944918 ], [ 5.929337306555015, 46.206178968924533 ], [ 5.929216755016909, 46.204768585251117 ], [ 5.929202683510931, 46.203355754031477 ], [ 5.929826361557176, 46.180870930394569 ], [ 5.929918746240081, 46.179459525300338 ], [ 5.930117335825792, 46.178053412908554 ], [ 5.930421577876102, 46.176656446717573 ], [ 5.930830630579929, 46.175272454863766 ], [ 5.931343365147193, 46.173905229638763 ], [ 5.931958368985995, 46.172558517107078 ], [ 5.932673949653458, 46.171236006854123 ], [ 5.933488139568539, 46.169941321891336 ], [ 5.934398701473083, 46.168678008746717 ], [ 5.935403134625463, 46.167449527766827 ], [ 5.93649868170902, 46.166259243657997 ], [ 5.937682336435994, 46.165110416290688 ], [ 5.938950851825367, 46.164006191793312 ], [ 5.940300749131691, 46.162949593958373 ], [ 5.941728327400062, 46.161943515985691 ], [ 5.943229673620744, 46.16099071258347 ], [ 5.94480067345569, 46.16009379244931 ], [ 5.94643702250733, 46.159255211151553 ], [ 5.948134238099028, 46.158477264429578 ], [ 5.949887671534947, 46.157762081931452 ], [ 5.951692520806137, 46.15711162140591 ], [ 5.953543843708347, 46.156527663363597 ] ] ], [ [ [ 6.253962539284901, 46.284380201708082 ], [ 6.253311424874726, 46.283041392170738 ], [ 6.252762293949502, 46.281680788760504 ], [ 6.252043462368525, 46.279186056566815 ], [ 6.225545673981808, 46.278904635978165 ], [ 6.223509772590575, 46.278845767616794 ], [ 6.22148111324894, 46.278713063889477 ], [ 6.219465264534414, 46.278506889066733 ], [ 6.217467759704167, 46.278227809091554 ], [ 6.215494081441466, 46.277876590019531 ], [ 6.213549646743964, 46.277454195906337 ], [ 6.211639791996192, 46.276961786150558 ], [ 6.209769758268019, 46.276400712297665 ], [ 6.207944676880278, 46.275772514314603 ], [ 6.206169555277783, 46.275078916346239 ], [ 6.204449263249202, 46.274321821963959 ], [ 6.202788519532162, 46.27350330892137 ], [ 6.201191878840781, 46.272625623430535 ], [ 6.199663719351618, 46.271691173975391 ], [ 6.198208230682732, 46.270702524679542 ], [ 6.196829402398882, 46.269662388246672 ], [ 6.195531013074685, 46.268573618493697 ], [ 6.19431661994551, 46.267439202497087 ], [ 6.193189549174621, 46.266262252374418 ], [ 6.192152886762818, 46.265045996724048 ], [ 6.191209470125415, 46.263793771746514 ], [ 6.190361880359088, 46.262509012072698 ], [ 6.189612435219344, 46.261195241323598 ], [ 6.188963182827403, 46.259856062428554 ], [ 6.188415896122874, 46.258495147728134 ], [ 6.187972068076877, 46.257116228889579 ], [ 6.187632907677858, 46.255723086661945 ], [ 6.187399336700227, 46.254319540500113 ], [ 6.187271987263827, 46.252909438085553 ], [ 6.18725120018993, 46.251496644772693 ], [ 6.188285960648705, 46.206524341364762 ], [ 6.188371687186082, 46.205112731479382 ], [ 6.18856369348876, 46.203706171068461 ], [ 6.188861445144455, 46.202308514876428 ], [ 6.189264118108103, 46.200923592948868 ], [ 6.18977060104733, 46.199555200143642 ], [ 6.190379498472076, 46.198207085741757 ], [ 6.191089134638927, 46.196882943186203 ], [ 6.191897558218591, 46.195586399976172 ], [ 6.192802547712835, 46.194321007745479 ], [ 6.193801617605456, 46.193090232550325 ], [ 6.194892025229492, 46.191897445394559 ], [ 6.19607077833156, 46.190745913016904 ], [ 6.197334643311817, 46.18963878896561 ], [ 6.198680154116682, 46.188579104984527 ], [ 6.200103621759637, 46.18756976273432 ], [ 6.201601144443637, 46.186613525870129 ], [ 6.203168618257489, 46.185713012498468 ], [ 6.204801748416649, 46.184870688032525 ], [ 6.206496061017883, 46.184088858465536 ], [ 6.208246915275631, 46.183369664080601 ], [ 6.210049516206924, 46.18271507361316 ], [ 6.21189892773041, 46.182126878882798 ], [ 6.213790086144087, 46.181606689907603 ], [ 6.215717813945365, 46.181155930515438 ], [ 6.217676833956244, 46.180775834462402 ], [ 6.219661783715551, 46.180467442070913 ], [ 6.221667230099655, 46.180231597394112 ], [ 6.223687684132382, 46.180068945916211 ], [ 6.225717615944464, 46.179979932793167 ], [ 6.227751469842364, 46.179964801640345 ], [ 6.292495644268177, 46.180641442030549 ], [ 6.294527947995192, 46.180699068526231 ], [ 6.296553133091215, 46.180830461595271 ], [ 6.298565656796518, 46.181035261631258 ], [ 6.300560010851076, 46.181312908117256 ], [ 6.302530736505552, 46.181662641153487 ], [ 6.304472439399843, 46.182083503527565 ], [ 6.306379804269164, 46.182574343323338 ], [ 6.308247609438342, 46.183133817060323 ], [ 6.310070741065308, 46.183760393355378 ], [ 6.311844207095615, 46.184452357097221 ], [ 6.313563150890282, 46.185207814122379 ], [ 6.315222864490327, 46.186024696380052 ], [ 6.316818801482062, 46.186900767571949 ], [ 6.318346589428399, 46.187833629252147 ], [ 6.319802041832308, 46.18882072737015 ], [ 6.32118116960002, 46.189859359240273 ], [ 6.322480191972524, 46.190946680917953 ], [ 6.323695546895578, 46.192079714963185 ], [ 6.324823900799591, 46.193255358570667 ], [ 6.325862157762505, 46.194470392043854 ], [ 6.326807468030223, 46.195721487591037 ], [ 6.32765723587086, 46.197005218418717 ], [ 6.328409126740854, 46.19831806809821 ], [ 6.329061073742664, 46.199656440180028 ], [ 6.329611283355794, 46.201016668029744 ], [ 6.330058240424667, 46.20239502485866 ], [ 6.330400712388899, 46.203787733922532 ], [ 6.33444770374236, 46.204470895903647 ], [ 6.336390466684064, 46.204891209569894 ], [ 6.338298918255632, 46.20538151042858 ], [ 6.340167833812918, 46.205940456474771 ], [ 6.341992096479953, 46.206566517770135 ], [ 6.343766711111687, 46.207257980613768 ], [ 6.345486817930196, 46.20801295221402 ], [ 6.347147705797716, 46.208829365849802 ], [ 6.34874482509056, 46.209704986506594 ], [ 6.350273800139114, 46.210637416972936 ], [ 6.351730441200083, 46.211624104380149 ], [ 6.353110755928501, 46.212662347168397 ], [ 6.35441096031806, 46.213749302459824 ], [ 6.355627489079971, 46.214881993819262 ], [ 6.356757005431636, 46.216057319381449 ], [ 6.357796410268294, 46.217272060322628 ], [ 6.358742850692145, 46.218522889653997 ], [ 6.359593727875168, 46.219806381313333 ], [ 6.360346704233731, 46.221119019528963 ], [ 6.360999709894577, 46.222457208432751 ], [ 6.361550948434044, 46.223817281894306 ], [ 6.361998901873896, 46.225195513550162 ], [ 6.362342334919363, 46.226588127001271 ], [ 6.362580298426921, 46.227991306149953 ], [ 6.362712132091415, 46.229401205649395 ], [ 6.362737466344196, 46.230813961435757 ], [ 6.361846557938962, 46.2757877775624 ], [ 6.361765224956005, 46.277199519021138 ], [ 6.361577441328318, 46.278606373997668 ], [ 6.361283713591015, 46.28000448587084 ], [ 6.360884838867823, 46.281390021690306 ], [ 6.36038190277355, 46.282759182691201 ], [ 6.359776276522635, 46.284108214718479 ], [ 6.359069613250808, 46.285433418531866 ], [ 6.358263843559056, 46.286731159963225 ], [ 6.357361170291323, 46.287997879898029 ], [ 6.356364062559344, 46.289230104053622 ], [ 6.355275249030578, 46.290424452527013 ], [ 6.354097710496705, 46.29157764908603 ], [ 6.352834671742779, 46.292686530177775 ], [ 6.351489592738774, 46.29374805362955 ], [ 6.350066159177308, 46.294759307017927 ], [ 6.34856827238337, 46.295717515682867 ], [ 6.347000038623402, 46.296620050364623 ], [ 6.345365757843164, 46.297464434441778 ], [ 6.34366991186521, 46.298248350750605 ], [ 6.341917152078603, 46.298969647966558 ], [ 6.340112286654806, 46.299626346530253 ], [ 6.338260267325247, 46.300216644100928 ], [ 6.336366175757217, 46.300738920522733 ], [ 6.334435209566053, 46.301191742289298 ], [ 6.332472668002559, 46.301573866494927 ], [ 6.33048393735569, 46.301884244260144 ], [ 6.328474476111186, 46.302122023623518 ], [ 6.32644979990785, 46.302286551890134 ], [ 6.324415466333447, 46.302377377431085 ], [ 6.32237705960299, 46.30239425092887 ], [ 6.289932058481903, 46.302069139314852 ], [ 6.287895220397918, 46.302011430267619 ], [ 6.285865539918747, 46.301879881708999 ], [ 6.283848588430307, 46.301674854738614 ], [ 6.281849902223121, 46.301396912149009 ], [ 6.279874967230353, 46.301046816873914 ], [ 6.277929203907039, 46.300625529884833 ], [ 6.276017952292956, 46.300134207542143 ], [ 6.274146457300936, 46.299574198407235 ], [ 6.272319854271783, 46.298947039525757 ], [ 6.270543154836119, 46.298254452191813 ], [ 6.268821233122621, 46.297498337204395 ], [ 6.267158812351046, 46.296680769630896 ], [ 6.265560451847331, 46.295803993090509 ], [ 6.264030534516719, 46.294870413574948 ], [ 6.262573254809713, 46.293882592822925 ], [ 6.261192607213852, 46.292843241267242 ], [ 6.259892375303242, 46.291755210574131 ], [ 6.258676121375596, 46.290621485795306 ], [ 6.257547176705377, 46.289445177155372 ], [ 6.25650863243932, 46.288229511496304 ], [ 6.255563331159162, 46.286977823403994 ], [ 6.254713859134287, 46.285693546040505 ], [ 6.253962539284901, 46.284380201708082 ] ] ], [ [ [ 6.803439792437262, 46.307235626586433 ], [ 6.803084549530123, 46.305844373575106 ], [ 6.802834873055105, 46.304442141957658 ], [ 6.802691439291084, 46.303032775856153 ], [ 6.802654633146693, 46.301620138651217 ], [ 6.803396365648536, 46.238269549154637 ], [ 6.799818587845472, 46.237713179080991 ], [ 6.797871107590037, 46.237300845794394 ], [ 6.795957428494965, 46.236818320301239 ], [ 6.794082802183374, 46.236266927022584 ], [ 6.792252372645236, 46.235648179362478 ], [ 6.790471162074768, 46.234963775537295 ], [ 6.788744057048897, 46.234215593895847 ], [ 6.787075795085253, 46.233405687744309 ], [ 6.785470951617052, 46.23253627968986 ], [ 6.78393392742105, 46.231609755518704 ], [ 6.782468936533347, 46.23062865762644 ], [ 6.781079994686349, 46.229595678018001 ], [ 6.779770908298843, 46.228513650897447 ], [ 6.778545264049233, 46.227385544868042 ], [ 6.77740641906061, 46.226214454764524 ], [ 6.776357491724228, 46.225003593139732 ], [ 6.77540135318637, 46.22375628143002 ], [ 6.774540619521536, 46.222475940823635 ], [ 6.773777644612835, 46.221166082856953 ], [ 6.773114513758745, 46.219830299765704 ], [ 6.77255303802285, 46.2184722546166 ], [ 6.772094749341585, 46.217095671248003 ], [ 6.771740896402406, 46.215704324046087 ], [ 6.77149244130294, 46.214302027585937 ], [ 6.771350056999356, 46.212892626164894 ], [ 6.77131412555001, 46.211479983258272 ], [ 6.771590136168582, 46.18899183481124 ], [ 6.771660711537225, 46.187579823969415 ], [ 6.771837584261768, 46.186172313481677 ], [ 6.772120261392386, 46.18477316073826 ], [ 6.772507960172057, 46.183386199927163 ], [ 6.772999610269168, 46.182015231533761 ], [ 6.773593856795237, 46.180664011935711 ], [ 6.774289064098559, 46.179336243121817 ], [ 6.775083320322508, 46.178035562562677 ], [ 6.775974442715108, 46.176765533261175 ], [ 6.776959983674752, 46.175529634009067 ], [ 6.778037237514535, 46.174331249876673 ], [ 6.779203247926306, 46.173173662961638 ], [ 6.780454816123343, 46.172060043421141 ], [ 6.781788509638873, 46.170993440812303 ], [ 6.783200671756098, 46.169976775764482 ], [ 6.784687431543495, 46.16901283200496 ], [ 6.786244714467922, 46.168104248760734 ], [ 6.787868253556213, 46.167253513555842 ], [ 6.789553601074962, 46.166462955424542 ], [ 6.791296140696445, 46.165734738557866 ], [ 6.793091100117728, 46.165070856400845 ], [ 6.794933564098766, 46.164473126216627 ], [ 6.796818487884128, 46.163943184131661 ], [ 6.798740710972163, 46.163482480675469 ], [ 6.800694971194554, 46.16309227682649 ], [ 6.802675919068268, 46.162773640575622 ], [ 6.804678132381434, 46.162527444015332 ], [ 6.806696130973985, 46.162354360963647 ], [ 6.808724391673424, 46.162254865127657 ], [ 6.810757363345678, 46.162229228812919 ], [ 6.875485647043123, 46.162571426595093 ], [ 6.877517835003135, 46.162618554107155 ], [ 6.879543695928957, 46.162739482781099 ], [ 6.881557685225403, 46.162933881651092 ], [ 6.883554290644844, 46.163201218668497 ], [ 6.885528047308851, 46.16354076215196 ], [ 6.887473552603038, 46.16395158278084 ], [ 6.889385480905211, 46.16443255612797 ], [ 6.891258598107343, 46.164982365723986 ], [ 6.893087775892315, 46.165599506645343 ], [ 6.89486800572719, 46.166282289616767 ], [ 6.896594412535205, 46.167028845616642 ], [ 6.898262268009716, 46.167837130973183 ], [ 6.899867003534112, 46.168704932937509 ], [ 6.901404222672719, 46.169629875719238 ], [ 6.902869713198753, 46.170609426967651 ], [ 6.904259458626742, 46.171640904681531 ], [ 6.905569649217758, 46.172721484528701 ], [ 6.906796692427518, 46.173848207555892 ], [ 6.907937222768527, 46.175017988267896 ], [ 6.90898811105912, 46.176227623054395 ], [ 6.909946473033814, 46.17747379894125 ], [ 6.910809677290927, 46.178753102643498 ], [ 6.911575352555341, 46.180062029894543 ], [ 6.912241394235777, 46.181396995026738 ], [ 6.912805970258217, 46.182754340777464 ], [ 6.913267526158547, 46.184130348293969 ], [ 6.913624789419825, 46.185521247309545 ], [ 6.917677623821143, 46.1861834860416 ], [ 6.919624180480202, 46.186593752767848 ], [ 6.921537187612348, 46.187074181853085 ], [ 6.923411408162123, 46.187623458317972 ], [ 6.925241710797813, 46.188240078698797 ], [ 6.927023083912858, 46.188922355145706 ], [ 6.928750649306191, 46.189668420024304 ], [ 6.930419675504623, 46.190476231007949 ], [ 6.932025590691349, 46.19134357664737 ], [ 6.933563995205533, 46.192268082402428 ], [ 6.935030673578995, 46.193247217120096 ], [ 6.936421606077446, 46.194278299940819 ], [ 6.937732979714549, 46.195358507615097 ], [ 6.938961198708847, 46.196484882210306 ], [ 6.94010289435471, 46.197654339186982 ], [ 6.941154934280176, 46.198863675823056 ], [ 6.94211443106597, 46.200109579962856 ], [ 6.942978750201763, 46.201388639067709 ], [ 6.943745517357427, 46.202697349542873 ], [ 6.944412624948676, 46.204032126316726 ], [ 6.944978237978695, 46.205389312644826 ], [ 6.945440799138789, 46.20676519011338 ], [ 6.945799033153504, 46.208155988814227 ], [ 6.946051950357352, 46.209557897663885 ], [ 6.946198849492452, 46.210967074838557 ], [ 6.946239319718573, 46.212379658296328 ], [ 6.946072708162137, 46.230753879380082 ], [ 6.949651517042827, 46.231305616909744 ], [ 6.951599929018288, 46.231715333019949 ], [ 6.953514804899514, 46.232195221114246 ], [ 6.955390902523711, 46.232743967694532 ], [ 6.957223085428556, 46.233360070747963 ], [ 6.959006336867515, 46.234041843841474 ], [ 6.960735773504105, 46.234787420719286 ], [ 6.96240665874824, 46.2355947603915 ], [ 6.964014415698606, 46.2364616527001 ], [ 6.965554639656064, 46.237385724347149 ], [ 6.967023110174067, 46.238364445369406 ], [ 6.968415802613398, 46.239395136041296 ], [ 6.969728899169636, 46.240474974188643 ], [ 6.97095879934322, 46.241601002892189 ], [ 6.972102129823256, 46.242770138561461 ], [ 6.973155753757978, 46.243979179356046 ], [ 6.974116779386028, 46.24522481393258 ], [ 6.974982568004605, 46.246503630492533 ], [ 6.975750741252244, 46.247812126107718 ], [ 6.976419187685551, 46.24914671629719 ], [ 6.976986068631447, 46.250503744829842 ], [ 6.977449823297993, 46.251879493726555 ], [ 6.977809173129122, 46.253270193433679 ], [ 6.978063125390457, 46.254672033141354 ], [ 6.978210975975491, 46.256081171217453 ], [ 6.978252311423561, 46.25749374572964 ], [ 6.978061453762693, 46.279982381371148 ], [ 6.977996120554659, 46.281394521556201 ], [ 6.977824277284366, 46.28280235556953 ], [ 6.977546386770956, 46.284202024150567 ], [ 6.977163202691661, 46.285589690125136 ], [ 6.976675767603755, 46.28696154893116 ], [ 6.9760854101717, 46.288313839058418 ], [ 6.975393741606095, 46.289642852373362 ], [ 6.97460265132337, 46.290944944300314 ], [ 6.973714301837299, 46.292216543831103 ], [ 6.972731122895443, 46.293454163335646 ], [ 6.971655804876064, 46.29465440814608 ], [ 6.970491291462827, 46.295813985888003 ], [ 6.969240771616954, 46.29692971553294 ], [ 6.967907670868276, 46.297998536147169 ], [ 6.966495641948782, 46.299017515311967 ], [ 6.965008554794084, 46.299983857192565 ], [ 6.963450485939964, 46.300894910232941 ], [ 6.961825707343165, 46.301748174455142 ], [ 6.960138674656963, 46.302541308342654 ], [ 6.958394014994, 46.303272135288978 ], [ 6.956596514210027, 46.303938649592801 ], [ 6.95475110374387, 46.304539021983487 ], [ 6.952862847050137, 46.305071604661592 ], [ 6.950936925662397, 46.30553493583934 ], [ 6.94897862492566, 46.305927743769686 ], [ 6.944904761483207, 46.306553430460689 ], [ 6.944520586131858, 46.307940986466448 ], [ 6.944032126337114, 46.309312705191175 ], [ 6.943440713569283, 46.310664825506599 ], [ 6.942747961929745, 46.311993639742454 ], [ 6.941955763802751, 46.313295503866883 ], [ 6.9410662847388, 46.314566847494312 ], [ 6.940081957582752, 46.315804183694546 ], [ 6.939005475862252, 46.31700411857485 ], [ 6.937839786453781, 46.318163360609141 ], [ 6.936588081545994, 46.319278729688307 ], [ 6.935253789921925, 46.320347165866096 ], [ 6.933840567583518, 46.3213657377771 ], [ 6.9323522877441, 46.322331650702566 ], [ 6.930793030215855, 46.323242254262304 ], [ 6.929167070221558, 46.324095049710664 ], [ 6.927478866661112, 46.324887696816567 ], [ 6.925733049865378, 46.325618020308497 ], [ 6.923934408871004, 46.326284015866122 ], [ 6.922087878251585, 46.326883855641938 ], [ 6.920198524541643, 46.327415893297761 ], [ 6.918271532291294, 46.327878668541366 ], [ 6.916312189790317, 46.328270911151229 ], [ 6.914325874501651, 46.328591544477845 ], [ 6.912318038244866, 46.328839688411314 ], [ 6.910294192171193, 46.329014661808003 ], [ 6.90825989157211, 46.3291159843683 ], [ 6.906220720564142, 46.32914337796084 ], [ 6.841293712672121, 46.328818764184433 ], [ 6.839255337318635, 46.328770984195891 ], [ 6.837223372962461, 46.328649331639134 ], [ 6.835203397278828, 46.328454140450113 ], [ 6.833200954888405, 46.328185946423766 ], [ 6.831221542072037, 46.327845485736788 ], [ 6.829270591621033, 46.327433692917943 ], [ 6.82735345786555, 46.326951698271692 ], [ 6.825475401922924, 46.326400824762693 ], [ 6.82364157720728, 46.325782584369215 ], [ 6.821857015240827, 46.325098673916145 ], [ 6.820126611806531, 46.324350970399252 ], [ 6.818455113480635, 46.323541525813731 ], [ 6.816847104582536, 46.322672561501165 ], [ 6.815306994578185, 46.32174646203157 ], [ 6.813839005971966, 46.320765768636534 ], [ 6.812447162720309, 46.319733172212651 ], [ 6.811135279199159, 46.318651505914339 ], [ 6.809906949755334, 46.317523737356822 ], [ 6.808765538870566, 46.316352960450722 ], [ 6.807714171964844, 46.315142386891814 ], [ 6.806755726864028, 46.313895337328333 ], [ 6.805892825954819, 46.312615232231551 ], [ 6.805127829047973, 46.311305582494185 ], [ 6.804462826968931, 46.309969979783077 ], [ 6.803899635892605, 46.308612086672554 ], [ 6.803439792437262, 46.307235626586433 ] ] ], [ [ [ 7.741659025081886, 46.231634237093509 ], [ 7.74365937905036, 46.231371394242977 ], [ 7.745676798374109, 46.231181528495725 ], [ 7.747705761438469, 46.231065159492928 ], [ 7.74974071517497, 46.23102260572098 ], [ 7.776217950021738, 46.230946804539172 ], [ 7.776975046856569, 46.228457630299445 ], [ 7.777544819493751, 46.227101232646014 ], [ 7.778216064583388, 46.22576738580706 ], [ 7.778986935803153, 46.224459743969092 ], [ 7.779855314337992, 46.223181889266307 ], [ 7.78081881475232, 46.22193732198474 ], [ 7.781874791585868, 46.220729450992309 ], [ 7.783020346654714, 46.219561584422024 ], [ 7.784252337036725, 46.218436920632342 ], [ 7.78556738371921, 46.21735853947024 ], [ 7.786961880884671, 46.216329393859965 ], [ 7.788432005808922, 46.215352301740332 ], [ 7.789973729344335, 46.214429938372533 ], [ 7.79158282695936, 46.213564829039086 ], [ 7.793254890304205, 46.212759342153191 ], [ 7.794985339270994, 46.212015682797819 ], [ 7.796769434515696, 46.211335886711176 ], [ 7.798602290407851, 46.210721814735287 ], [ 7.800478888372963, 46.210175147741865 ], [ 7.802394090591618, 46.209697382050315 ], [ 7.804342654018352, 46.209289825348549 ], [ 7.806319244682518, 46.208953593128903 ], [ 7.80831845223276, 46.208689605648139 ], [ 7.810334804686031, 46.208498585419605 ], [ 7.812362783341631, 46.208381055244445 ], [ 7.814396837820245, 46.208337336787167 ], [ 7.84678879247175, 46.208225167358648 ], [ 7.848823369503422, 46.20825479663764 ], [ 7.850852931041916, 46.208358276045011 ], [ 7.852871922394857, 46.208535322372498 ], [ 7.854874817670794, 46.208785451065651 ], [ 7.856856134837494, 46.209107977544178 ], [ 7.858810450662877, 46.209502019067322 ], [ 7.860732415498519, 46.209966497139256 ], [ 7.86261676786615, 46.210500140448495 ], [ 7.864458348807886, 46.211101488332488 ], [ 7.866252115961817, 46.211768894759679 ], [ 7.867993157324875, 46.212500532816271 ], [ 7.869676704666063, 46.213294399687783 ], [ 7.871298146553747, 46.214148322120522 ], [ 7.872853040961754, 46.215059962349017 ], [ 7.874337127420127, 46.216026824473275 ], [ 7.875746338677519, 46.217046261268599 ], [ 7.877076811843375, 46.218115481410258 ], [ 7.879278192450864, 46.220182883994831 ], [ 7.881446025576279, 46.218098471267822 ], [ 7.882759137204498, 46.217018959164278 ], [ 7.884151786742493, 46.215988614205287 ], [ 7.885620156509922, 46.215010257617507 ], [ 7.887160222149515, 46.214086568127705 ], [ 7.888767763653687, 46.213220074652185 ], [ 7.890438376918029, 46.212413149396262 ], [ 7.892167485790057, 46.211668001382911 ], [ 7.893950354580504, 46.210986670427594 ], [ 7.895782101003221, 46.210371021575511 ], [ 7.897657709508612, 46.209822740016122 ], [ 7.899572044974619, 46.209343326489382 ], [ 7.901519866718371, 46.208934093194273 ], [ 7.903495842790693, 46.208596160212799 ], [ 7.9054945645152, 46.208330452457147 ], [ 7.907510561232805, 46.20813769714924 ], [ 7.909538315212211, 46.208018421839171 ], [ 7.911572276686361, 46.207972952967779 ], [ 7.943963784270535, 46.207832908170246 ], [ 7.945998398151406, 46.207860786543492 ], [ 7.948028128361884, 46.207962519311245 ], [ 7.950047419750059, 46.208137828045679 ], [ 7.952050745606989, 46.208386232948158 ], [ 7.954032622727174, 46.208707054156513 ], [ 7.955987626352625, 46.209099413597649 ], [ 7.957910404960468, 46.209562237380297 ], [ 7.95979569485445, 46.210094258721625 ], [ 7.961638334521121, 46.210694021399775 ], [ 7.963433278712257, 46.211359883723539 ], [ 7.965175612215508, 46.212090023007448 ], [ 7.966860563276192, 46.212882440541755 ], [ 7.968483516634064, 46.213734967042683 ], [ 7.970040026139722, 46.214645268568916 ], [ 7.971525826916432, 46.215610852888517 ], [ 7.972936847034384, 46.216629076278714 ], [ 7.974269218665463, 46.217697150740833 ], [ 7.975519288688123, 46.218812151610422 ], [ 7.976683628713147, 46.219971025542101 ], [ 7.977759044502801, 46.221170598848225 ], [ 7.978742584757226, 46.222407586167947 ], [ 7.979631549243685, 46.223678599444035 ], [ 7.980423496246007, 46.224980157182259 ], [ 7.981116249313107, 46.226308693969415 ], [ 7.981707903287752, 46.227660570222994 ], [ 7.982196829598044, 46.229032082146944 ], [ 7.982581680796637, 46.230419471865957 ], [ 7.982861394334246, 46.231818937710635 ], [ 7.983035195556268, 46.233226644626072 ], [ 7.983102599913444, 46.234638734674668 ], [ 7.983552335013589, 46.279615694526122 ], [ 7.98351312859045, 46.281028299824143 ], [ 7.983367343248348, 46.282437546431225 ], [ 7.983115370350789, 46.283839571287309 ], [ 7.982757892482235, 46.285230530830425 ], [ 7.982295881665513, 46.286606611539447 ], [ 7.9817305967831, 46.28796404039759 ], [ 7.981063580208392, 46.289299095247792 ], [ 7.980296653655335, 46.290608115011878 ], [ 7.979431913256956, 46.291887509744839 ], [ 7.978471723885378, 46.293133770496674 ], [ 7.977418712728384, 46.294343478954346 ], [ 7.976275762139237, 46.295513316837621 ], [ 7.975046001779012, 46.296640075022118 ], [ 7.973732800072371, 46.297720662364618 ], [ 7.97233975499986, 46.298752114206181 ], [ 7.970870684251754, 46.299731600529256 ], [ 7.969329614770132, 46.300656433746028 ], [ 7.967720771707924, 46.30152407609669 ], [ 7.966048566835081, 46.302332146636374 ], [ 7.964317586423925, 46.303078427792109 ], [ 7.962532578647025, 46.303760871470367 ], [ 7.960698440522537, 46.304377604699482 ], [ 7.958820204443195, 46.304926934789897 ], [ 7.956903024326463, 46.305407353998653 ], [ 7.95495216142435, 46.305817543684654 ], [ 7.952972969832561, 46.306156377943118 ], [ 7.95097088173943, 46.306422926709473 ], [ 7.948951392455889, 46.306616458323077 ], [ 7.946920045268423, 46.306736441544381 ], [ 7.944882416157475, 46.306782547019743 ], [ 7.918368507312249, 46.306897873369586 ], [ 7.917616796364225, 46.309387997639291 ], [ 7.917049658550049, 46.310745103310381 ], [ 7.916380772977643, 46.312079776769593 ], [ 7.915611966486693, 46.313388357980372 ], [ 7.914745340367521, 46.314667258196273 ], [ 7.913783264666892, 46.31591296981955 ], [ 7.91272837175034, 46.317122076039709 ], [ 7.911583549137713, 46.318291260224775 ], [ 7.910351931631254, 46.319417315040305 ], [ 7.909036892757161, 46.320497151269493 ], [ 7.907642035543783, 46.321527806311252 ], [ 7.906171182661506, 46.322506452331552 ], [ 7.904628365951019, 46.323430404045816 ], [ 7.903017815368783, 46.324297126110878 ], [ 7.901343947379886, 46.325104240105446 ], [ 7.899611352830354, 46.325849531079719 ], [ 7.897824784332319, 46.326530953656253 ], [ 7.895989143197032, 46.327146637664526 ], [ 7.894109465951911, 46.327694893293611 ], [ 7.8921909104792, 46.32817421574871 ], [ 7.890238741814744, 46.328583289398416 ], [ 7.888258317646646, 46.328920991400786 ], [ 7.886255073554161, 46.329186394798761 ], [ 7.884234508028268, 46.329378771075298 ], [ 7.882202167315766, 46.329497592162213 ], [ 7.880163630129461, 46.329542531895633 ], [ 7.847699384428058, 46.329664261624906 ], [ 7.845660259611412, 46.329634611718795 ], [ 7.843626175794744, 46.329531038325079 ], [ 7.841602716496762, 46.329353825753685 ], [ 7.839595435942455, 46.329103460450611 ], [ 7.837609843750862, 46.328780629656784 ], [ 7.835651389747976, 46.328386219513547 ], [ 7.83372544894737, 46.32792131261931 ], [ 7.831837306740513, 46.327387185045581 ], [ 7.829992144338415, 46.326785302819523 ], [ 7.828195024505042, 46.32611731788348 ], [ 7.82645087762253, 46.325385063542946 ], [ 7.824764488126926, 46.324590549414843 ], [ 7.823140481352188, 46.323735955891536 ], [ 7.821583310818983, 46.322823628135026 ], [ 7.820097246003566, 46.321856069618491 ], [ 7.818686360620332, 46.32083593523322 ], [ 7.817354521450558, 46.319766023980215 ], [ 7.815151463150989, 46.317697408475709 ], [ 7.812977111600683, 46.319780554189052 ], [ 7.8116601292659, 46.320859257834599 ], [ 7.810263416251163, 46.32188871164643 ], [ 7.808790800334, 46.322866091082403 ], [ 7.807246318208011, 46.323788714329993 ], [ 7.805634204414825, 46.324654049688213 ], [ 7.803958879724149, 46.325459722538291 ], [ 7.802224938994075, 46.326203521883016 ], [ 7.80043713854502, 46.326883406436544 ], [ 7.798600383082388, 46.327497510247682 ], [ 7.796719712204118, 46.328044147841119 ], [ 7.794800286530744, 46.328521818861894 ], [ 7.79284737349651, 46.328929212210546 ], [ 7.790866332841297, 46.329265209656654 ], [ 7.788862601843776, 46.329528888921402 ], [ 7.786841680337219, 46.329719526220153 ], [ 7.784809115549809, 46.329836598257856 ], [ 7.782770486812097, 46.329879783671835 ], [ 7.750305857047188, 46.329973575847937 ], [ 7.748266775542492, 46.329942171173109 ], [ 7.746232867695975, 46.329836847410434 ], [ 7.744209716541122, 46.329657893674508 ], [ 7.742202875453302, 46.329405801190582 ], [ 7.740217852839923, 46.329081261940431 ], [ 7.738260096956744, 46.32868516675444 ], [ 7.736334980892885, 46.328218602855557 ], [ 7.73444778776657, 46.327682850862729 ], [ 7.732603696173092, 46.327079381260496 ], [ 7.730807765925616, 46.326409850346757 ], [ 7.729064924128609, 46.325676095668214 ], [ 7.727379951622776, 46.324880130957531 ], [ 7.725757469839098, 46.324024140585585 ], [ 7.72420192809856, 46.323110473545015 ], [ 7.722717591392726, 46.322141636981009 ], [ 7.72130852867884, 46.321120289288373 ], [ 7.719978601721822, 46.320049232793487 ], [ 7.718731454513639, 46.31893140604155 ], [ 7.717570503299204, 46.317769875710994 ], [ 7.716498927235792, 46.316567828177469 ], [ 7.715519659711426, 46.315328560750565 ], [ 7.714635380345674, 46.314055472607492 ], [ 7.713848507694251, 46.312752055450119 ], [ 7.713161192676994, 46.311421883909254 ], [ 7.712575312746484, 46.310068605724553 ], [ 7.712092466812654, 46.308695931726305 ], [ 7.711713970936527, 46.307307625646771 ], [ 7.711440854803969, 46.305907493789555 ], [ 7.711273858988373, 46.304499374585411 ], [ 7.711213433008684, 46.303087128062785 ], [ 7.710988755955627, 46.258109333657963 ], [ 7.711035024591438, 46.256696832755487 ], [ 7.711187796999517, 46.255287947248483 ], [ 7.711446646234481, 46.253886538363233 ], [ 7.711810854777363, 46.252496446537471 ], [ 7.712279416590196, 46.251121480901851 ], [ 7.712851039958519, 46.249765408850621 ], [ 7.713524151113079, 46.248431945729472 ], [ 7.71429689861989, 46.247124744669399 ], [ 7.715167158525762, 46.245847386593027 ], [ 7.716132540244516, 46.244603370422126 ], [ 7.717190393166915, 46.243396103511351 ], [ 7.718337813975693, 46.242228892335682 ], [ 7.719571654644988, 46.241104933455382 ], [ 7.720888531101854, 46.240027304783887 ], [ 7.722284832525792, 46.238998957182083 ], [ 7.723756731260402, 46.238022706400955 ], [ 7.725300193310047, 46.237101225395953 ], [ 7.726910989392491, 46.23623703703155 ], [ 7.728584706517427, 46.235432507197693 ], [ 7.730316760059214, 46.234689838355678 ], [ 7.732102406291029, 46.234011063530744 ], [ 7.733936755346394, 46.233398040768087 ], [ 7.73581478457308, 46.232852448066552 ], [ 7.737731352243191, 46.232375778804077 ], [ 7.739681211582601, 46.231969337666904 ], [ 7.741659025081886, 46.231634237093509 ] ] ], [ [ [ 6.99796223696125, 46.330651637254313 ], [ 6.997601858922517, 46.329260999039867 ], [ 6.997347053429214, 46.32785920071602 ], [ 6.997198510821518, 46.326450085230803 ], [ 6.997156630009703, 46.325037515292117 ], [ 6.997339741363295, 46.302548823229948 ], [ 6.997404597252454, 46.301136671187528 ], [ 6.99757599116426, 46.299728806837763 ], [ 6.997853445123763, 46.298329088556642 ], [ 6.998236190644083, 46.296941352098003 ], [ 6.998723170920428, 46.295569400087977 ], [ 6.999313043811274, 46.294216991614498 ], [ 7.000004185597655, 46.292887831938074 ], [ 7.000794695509364, 46.291585562353859 ], [ 7.001682401004758, 46.290313750230951 ], [ 7.002664863789121, 46.289075879257197 ], [ 7.003739386554132, 46.287875339915587 ], [ 7.004903020419608, 46.286715420217568 ], [ 7.006152573056415, 46.285599296719312 ], [ 7.007484617467938, 46.284530025844617 ], [ 7.008895501405693, 46.283510535537886 ], [ 7.010381357392944, 46.282543617270385 ], [ 7.011938113328871, 46.281631918420132 ], [ 7.013561503644002, 46.280777935047574 ], [ 7.015247080976572, 46.279984005084813 ], [ 7.01699022833783, 46.279252301958095 ], [ 7.018786171733315, 46.278584828659994 ], [ 7.020629993205842, 46.277983412287114 ], [ 7.02251664426491, 46.277449699058522 ], [ 7.024440959666267, 46.276985149828 ], [ 7.02639767150454, 46.276591036101763 ], [ 7.028381423580935, 46.276268436573197 ], [ 7.030386786007491, 46.276018234183155 ], [ 7.032408270008639, 46.275841113713611 ], [ 7.034440342880399, 46.275737559921915 ], [ 7.036477443067152, 46.275707856220144 ], [ 7.101341908043977, 46.275920512864403 ], [ 7.103378520240865, 46.275963572135041 ], [ 7.105409098744998, 46.276080445229539 ], [ 7.107428086072508, 46.276270812282007 ], [ 7.109429956322437, 46.276534152279211 ], [ 7.111409230235274, 46.276869744480337 ], [ 7.113360490126708, 46.277276670380814 ], [ 7.115278394656483, 46.277753816215366 ], [ 7.11715769339287, 46.278299875993312 ], [ 7.118993241133531, 46.278913355058179 ], [ 7.120780011944434, 46.279592574161946 ], [ 7.1225131128789, 46.280335674043123 ], [ 7.124187797339899, 46.281140620496053 ], [ 7.125799478049459, 46.282005209918538 ], [ 7.127343739590101, 46.282927075322107 ], [ 7.128816350484223, 46.283903692789146 ], [ 7.130213274778737, 46.284932388359614 ], [ 7.131530683103085, 46.286010345328712 ], [ 7.132764963170715, 46.287134611935613 ], [ 7.133912729694816, 46.288302109423107 ], [ 7.134970833691291, 46.289509640445445 ], [ 7.135936371143009, 46.290753897803057 ], [ 7.136806691001272, 46.292031473479057 ], [ 7.13757940250222, 46.29333886795412 ], [ 7.138252381777357, 46.294672499774066 ], [ 7.138823777739708, 46.296028715343994 ], [ 7.139292017228544, 46.297403798923057 ], [ 7.139655809397954, 46.298793982791821 ], [ 7.143719829304311, 46.299448105310098 ], [ 7.14567214174637, 46.299854473761819 ], [ 7.147591126725512, 46.300331071699354 ], [ 7.1494715308582, 46.300876594632022 ], [ 7.151308205921951, 46.301489549373294 ], [ 7.153096122902413, 46.302168258110896 ], [ 7.154830385720776, 46.302910862981001 ], [ 7.156506244604517, 46.303715331133887 ], [ 7.15811910906544, 46.304579460277594 ], [ 7.159664560449799, 46.305500884684761 ], [ 7.161138364026467, 46.306477081646264 ], [ 7.162536480580393, 46.307505378354755 ], [ 7.163855077479514, 46.308582959198851 ], [ 7.165090539185057, 46.309706873449187 ], [ 7.166239477176164, 46.310874043314989 ], [ 7.167298739261654, 46.31208127234963 ], [ 7.168265418253029, 46.313325254182381 ], [ 7.169136859974607, 46.314602581552897 ], [ 7.16991067058848, 46.315909755624133 ], [ 7.170584723213441, 46.317243195547626 ], [ 7.171157163819405, 46.318599248256454 ], [ 7.171626416380229, 46.319974198458141 ], [ 7.171991187270137, 46.321364278801092 ], [ 7.17225046889085, 46.322765680186443 ], [ 7.172403542518577, 46.324174562197186 ], [ 7.172449980362135, 46.325587063616879 ], [ 7.172339327885638, 46.348075988739041 ], [ 7.172278966498252, 46.349488238419383 ], [ 7.172111946634188, 46.350896364904159 ], [ 7.171838717864652, 46.352296508145123 ], [ 7.171460021058334, 46.353684829680454 ], [ 7.170976886438802, 46.355057523164191 ], [ 7.170390630845816, 46.356410824810823 ], [ 7.169702854207114, 46.357741023725701 ], [ 7.168915435229462, 46.359044472094247 ], [ 7.168030526319991, 46.360317595199923 ], [ 7.167050547750796, 46.361556901245109 ], [ 7.165978181082356, 46.362758990946482 ], [ 7.164816361862885, 46.363920566878832 ], [ 7.163568271623269, 46.365038442541454 ], [ 7.162237329189036, 46.366109551121518 ], [ 7.160827181332729, 46.367130953930953 ], [ 7.159341692792208, 46.368099848492086 ], [ 7.157784935681894, 46.369013576250872 ], [ 7.156161178326127, 46.36986962989544 ], [ 7.15447487354509, 46.37066566025949 ], [ 7.152730646425777, 46.371399482791823 ], [ 7.15093328161163, 46.372069083573621 ], [ 7.149087710146142, 46.372672624866297 ], [ 7.147198995906849, 46.373208450175241 ], [ 7.145272321667605, 46.373675088814537 ], [ 7.143312974827767, 46.37407125996026 ], [ 7.141326332848354, 46.374395876180849 ], [ 7.139317848435659, 46.37464804643475 ], [ 7.137293034513954, 46.374827078526771 ], [ 7.13525744902925, 46.374932481016614 ], [ 7.133216679626815, 46.37496396457373 ], [ 7.068233693186274, 46.374769563423783 ], [ 7.066193400705642, 46.374725871084948 ], [ 7.064159215534915, 46.37460829358993 ], [ 7.062136721458483, 46.374417153688945 ], [ 7.060131470026396, 46.374152976056948 ], [ 7.058148965249805, 46.373816485846632 ], [ 7.056194648429741, 46.37340860668953 ], [ 7.054273883161772, 46.372930458149497 ], [ 7.052391940558519, 46.372383352636803 ], [ 7.050553984731421, 46.371768791790565 ], [ 7.048765058572217, 46.371088462340325 ], [ 7.047030069873948, 46.370344231458041 ], [ 7.045353777830025, 46.369538141613695 ], [ 7.043740779948985, 46.368672404948278 ], [ 7.042195499421196, 46.36774939718137 ], [ 7.040722172972568, 46.366771651068341 ], [ 7.03932483923863, 46.365741849427202 ], [ 7.038007327691259, 46.364662817753491 ], [ 7.036773248148119, 46.36353751644414 ], [ 7.035625980893832, 46.362369032652104 ], [ 7.034568667439508, 46.361160571794294 ], [ 7.033604201945869, 46.359915448736189 ], [ 7.032735223333026, 46.358637078678051 ], [ 7.031964108098026, 46.357328967767785 ], [ 7.031292963859459, 46.355994703466514 ], [ 7.030723623645941, 46.354637944693238 ], [ 7.030257640943629, 46.353262411776647 ], [ 7.029896285515412, 46.351871876240963 ], [ 7.025829716782775, 46.351213664294249 ], [ 7.023876456613105, 46.350805227543489 ], [ 7.021956775859284, 46.350326531008555 ], [ 7.020075942651671, 46.349778888603474 ], [ 7.018239118051205, 46.34916380344044 ], [ 7.016451341839365, 46.348482963687559 ], [ 7.014717518647792, 46.347738237916616 ], [ 7.013042404466137, 46.346931669954785 ], [ 7.01143059356569, 46.346065473254569 ], [ 7.009886505875069, 46.345142024796672 ], [ 7.008414374842929, 46.344163858544718 ], [ 7.007018235821163, 46.343133658468219 ], [ 7.005701915000646, 46.342054251154451 ], [ 7.004469018929782, 46.340928598029542 ], [ 7.003322924644682, 46.339759787209971 ], [ 7.002266770437644, 46.338551025008051 ], [ 7.00130344728915, 46.337305627113906 ], [ 7.000435590986376, 46.336027009479814 ], [ 6.99966557494937, 46.334718678930685 ], [ 6.998995503784082, 46.333384223527723 ], [ 6.998427207579108, 46.332027302712042 ], [ 6.99796223696125, 46.330651637254313 ] ] ], [ [ [ 8.115963220940408, 46.364952461777648 ], [ 8.117951780064217, 46.365270407199851 ], [ 8.11991360424245, 46.365659929903408 ], [ 8.12184332331622, 46.366119963762557 ], [ 8.124124470624499, 46.366774760033714 ], [ 8.126388752398435, 46.366092488435626 ], [ 8.12830657182433, 46.365609197718243 ], [ 8.13025826935908, 46.365196019310559 ], [ 8.132238502442652, 46.364854084093601 ], [ 8.134241850749769, 46.364584327934104 ], [ 8.136262830966151, 46.364387489134771 ], [ 8.138295911733417, 46.364264106421921 ], [ 8.140335528722513, 46.364214517477855 ], [ 8.205303306183776, 46.363793855614297 ], [ 8.207343890026895, 46.36381702554668 ], [ 8.209379931621887, 46.363914060987923 ], [ 8.211405858572268, 46.364084696366511 ], [ 8.213416126040691, 46.36432846467472 ], [ 8.215405231858442, 46.364644698741159 ], [ 8.217367731520859, 46.365032533048947 ], [ 8.219298253028256, 46.365490906094003 ], [ 8.221191511532853, 46.366018563277869 ], [ 8.223042323752129, 46.366614060327386 ], [ 8.224845622110132, 46.367275767231213 ], [ 8.226596468568511, 46.368001872683507 ], [ 8.228290068110123, 46.36879038902255 ], [ 8.229921781838756, 46.369639157650852 ], [ 8.231487139659576, 46.370545854922483 ], [ 8.23298185250586, 46.37150799848186 ], [ 8.234401824078867, 46.372522954036441 ], [ 8.235743162068777, 46.373587942545797 ], [ 8.237002188826064, 46.374700047806954 ], [ 8.238175451453962, 46.37585622441668 ], [ 8.239259731294327, 46.377053306087483 ], [ 8.240252052780576, 46.378288014297063 ], [ 8.241149691633133, 46.379556967245591 ], [ 8.241950182374518, 46.380856689098451 ], [ 8.242651325142866, 46.382183619488174 ], [ 8.243251191784754, 46.383534123250428 ], [ 8.243748131209749, 46.384904500367242 ], [ 8.244140773991399, 46.386290996091027 ], [ 8.244428036201169, 46.387689811220703 ], [ 8.244609122463945, 46.389097112503542 ], [ 8.244683528225751, 46.39050904313283 ], [ 8.245017419381242, 46.412996927453491 ], [ 8.244984927519679, 46.41440961742672 ], [ 8.244845579289173, 46.415819195071094 ], [ 8.244599748361731, 46.417221796438092 ], [ 8.244248100434392, 46.418613576404049 ], [ 8.243791591493492, 46.419990719216997 ], [ 8.243231465280509, 46.421349448965813 ], [ 8.242569249965539, 46.422686039943919 ], [ 8.241806754036514, 46.423996826877442 ], [ 8.240946061414734, 46.425278214991067 ], [ 8.23998952580909, 46.426526689882948 ], [ 8.238939764323971, 46.427738827181599 ], [ 8.237799650337488, 46.428911301958031 ], [ 8.236572305669133, 46.430040897866903 ], [ 8.235261092057797, 46.431124515991741 ], [ 8.233869601973099, 46.432159183369308 ], [ 8.232401648785016, 46.433142061169221 ], [ 8.230861256318407, 46.434070452506639 ], [ 8.229252647821257, 46.43494180986594 ], [ 8.227580234376555, 46.435753742114599 ], [ 8.225848602790046, 46.436504021087742 ], [ 8.224062502987058, 46.43719058772529 ], [ 8.222226834953371, 46.43781155774419 ], [ 8.2203466352564, 46.438365226829845 ], [ 8.218427063184052, 46.438850075332688 ], [ 8.216473386540002, 46.439264772456148 ], [ 8.214490967134919, 46.43960817992479 ], [ 8.212485246014204, 46.439879355121825 ], [ 8.210461728463603, 46.440077553687907 ], [ 8.208425968834625, 46.44020223157316 ], [ 8.206383555232346, 46.440253046537187 ], [ 8.141324137077316, 46.44067429541272 ], [ 8.139280688783124, 46.44064993572286 ], [ 8.137241891136208, 46.440551639922923 ], [ 8.135213340617911, 46.440379677836191 ], [ 8.133200605455945, 46.440134521496631 ], [ 8.131209210273305, 46.439816843847943 ], [ 8.129244620859422, 46.439427516887733 ], [ 8.127312229106419, 46.438967609263955 ], [ 8.125028005107934, 46.4383128774165 ], [ 8.122760689079323, 46.438995121130127 ], [ 8.12084022350041, 46.439478317415087 ], [ 8.118885779332713, 46.43989133303652 ], [ 8.116902720502475, 46.440233034333723 ], [ 8.11489648981771, 46.440502483372747 ], [ 8.112872593968889, 46.440698940532023 ], [ 8.110836588350404, 46.440821866541619 ], [ 8.108794061745462, 46.440870923969939 ], [ 8.043733234319706, 46.441236188674203 ], [ 8.04168981052571, 46.441210070601869 ], [ 8.039651170616283, 46.44111002048637 ], [ 8.037622910637749, 46.440936312966343 ], [ 8.035610598016685, 46.440689424866925 ], [ 8.033619756211044, 46.440370033885024 ], [ 8.031655849484599, 46.439979016720969 ], [ 8.029724267847477, 46.439517446661412 ], [ 8.027830312204811, 46.43898659062085 ], [ 8.025979179755256, 46.438387905649414 ], [ 8.024175949680034, 46.43772303491734 ], [ 8.022425569162539, 46.436993803186638 ], [ 8.020732839777443, 46.43620221178324 ], [ 8.019102404287132, 46.435350433083791 ], [ 8.017538733882194, 46.43444080453154 ], [ 8.016046115901307, 46.433475822199462 ], [ 8.014628642064318, 46.432458133917251 ], [ 8.013290197251179, 46.431390531982458 ], [ 8.012034448857277, 46.430275945475174 ], [ 8.010864836754571, 46.42911743219836 ], [ 8.009784563885677, 46.427918170266068 ], [ 8.00879658751656, 46.426681449362583 ], [ 8.007903611171439, 46.425410661697342 ], [ 8.00710807727147, 46.424109292680221 ], [ 8.006412160497046, 46.422780911343771 ], [ 8.005817761891034, 46.421429160537542 ], [ 8.005326503718594, 46.420057746923497 ], [ 8.004939725096824, 46.41867043079845 ], [ 8.004658478405371, 46.417271015772805 ], [ 8.00448352648695, 46.415863338333189 ], [ 8.004415340644558, 46.414451257318483 ], [ 8.004181179436278, 46.391962776682931 ], [ 8.004219928197079, 46.390550162492517 ], [ 8.0043654627199, 46.389140887336197 ], [ 8.004617375848618, 46.387738813529253 ], [ 8.004974969020827, 46.386347783352612 ], [ 8.005437254271127, 46.384971608528751 ], [ 8.006002957024709, 46.383614059785067 ], [ 8.006670519672783, 46.382278856532672 ], [ 8.007438105919096, 46.380969656688379 ], [ 8.008303605884732, 46.379690046668394 ], [ 8.009264641956557, 46.378443531579975 ], [ 8.010318575362376, 46.377233525638744 ], [ 8.01146251345433, 46.376063342836339 ], [ 8.012693317679911, 46.374936187885503 ], [ 8.014007612218291, 46.373855147465086 ], [ 8.015401793258004, 46.372823181790338 ], [ 8.016872038890121, 46.371843116530052 ], [ 8.018414319589871, 46.370917635093235 ], [ 8.020024409257685, 46.37004927130571 ], [ 8.0216978967896, 46.369240402496132 ], [ 8.02343019814537, 46.368493243010569 ], [ 8.025216568881488, 46.367809838172882 ], [ 8.027052117115103, 46.367192058706891 ], [ 8.028931816883762, 46.366641595635414 ], [ 8.030850521864826, 46.366159955670504 ], [ 8.03280297941769, 46.365748457105774 ], [ 8.034783844910868, 46.365408226223771 ], [ 8.036787696295551, 46.365140194226171 ], [ 8.038809048886494, 46.364945094696274 ], [ 8.040842370310546, 46.364823461600103 ], [ 8.042882095582835, 46.364775627831293 ], [ 8.107851275506842, 46.364410872050449 ], [ 8.109891839148668, 46.364435797901841 ], [ 8.111927727935134, 46.364534585286549 ], [ 8.11395336988601, 46.364706963838039 ], [ 8.115963220940408, 46.364952461777648 ] ] ], [ [ [ 7.15971408023953, 46.534943663316653 ], [ 7.159243265841261, 46.533568668515329 ], [ 7.158877391702599, 46.532178551867574 ], [ 7.158617452807764, 46.53077712460248 ], [ 7.158464153515355, 46.529368228662619 ], [ 7.15841790571673, 46.527955726165885 ], [ 7.158651411744406, 46.48297801380275 ], [ 7.158712277169033, 46.481565773799311 ], [ 7.158880048287148, 46.480157669430824 ], [ 7.159154256993438, 46.478757559742547 ], [ 7.159534143633643, 46.477369281572109 ], [ 7.160018659175035, 46.475996639041 ], [ 7.160606468166998, 46.474643393139615 ], [ 7.161295952482704, 46.47331325143309 ], [ 7.162085215830661, 46.472009857916554 ], [ 7.162972089022993, 46.470736783047265 ], [ 7.16395413598526, 46.469497513980706 ], [ 7.165028660490519, 46.468295445037278 ], [ 7.16619271359875, 46.467133868425385 ], [ 7.167443101780531, 46.46601596524588 ], [ 7.168776395702334, 46.464944796802406 ], [ 7.170188939649091, 46.463923296241333 ], [ 7.171676861557732, 46.462954260543349 ], [ 7.173236083634346, 46.462040342888578 ], [ 7.174862333525525, 46.461184045416154 ], [ 7.176551156013616, 46.460387712396887 ], [ 7.178297925203727, 46.459653523838583 ], [ 7.180097857169547, 46.458983489539769 ], [ 7.181946023023611, 46.458379443609402 ], [ 7.183837362376635, 46.457843039465899 ], [ 7.185766697149599, 46.457375745329443 ], [ 7.187728745701386, 46.456978840220309 ], [ 7.189718137233892, 46.456653410472462 ], [ 7.191729426435988, 46.456400346773243 ], [ 7.19375710832697, 46.456220341735971 ], [ 7.195795633259747, 46.456113888013022 ], [ 7.197839422043559, 46.456081276953114 ], [ 7.23037980340645, 46.456145952277019 ], [ 7.232423289565401, 46.456186686960621 ], [ 7.234460897712984, 46.456301242161594 ], [ 7.236487051156351, 46.456489304358115 ], [ 7.23849620441306, 46.456750358845753 ], [ 7.240482858322606, 46.457083691139793 ], [ 7.242441575034045, 46.457488388921952 ], [ 7.244366992829492, 46.457963344526881 ], [ 7.246253840743722, 46.458507257960406 ], [ 7.248096952940713, 46.459118640443215 ], [ 7.249891282808448, 46.45979581846882 ], [ 7.251631916734052, 46.46053693836587 ], [ 7.253314087522139, 46.461339971352416 ], [ 7.254933187420153, 46.462202719068507 ], [ 7.256484780715429, 46.463122819572199 ], [ 7.257964615869768, 46.464097753782859 ], [ 7.259368637158653, 46.465124852354734 ], [ 7.260692995783167, 46.466201302961686 ], [ 7.26288086502187, 46.468280659986533 ], [ 7.265082276467373, 46.466208138201154 ], [ 7.266413643471667, 46.465135823243408 ], [ 7.267824350275578, 46.464113107929315 ], [ 7.269310529830806, 46.46314279256935 ], [ 7.270868109098394, 46.462227533850744 ], [ 7.272492820207323, 46.461369837587171 ], [ 7.274180212137661, 46.460572051881549 ], [ 7.275925662896284, 46.45983636072075 ], [ 7.277724392152227, 46.459164778018611 ], [ 7.279571474297295, 46.458559142124209 ], [ 7.281461851896589, 46.458021110809327 ], [ 7.283390349492664, 46.457552156749159 ], [ 7.285351687726154, 46.457153563508136 ], [ 7.28734049773476, 46.456826422041225 ], [ 7.289351335792019, 46.456571627721047 ], [ 7.29137869814653, 46.456389877897891 ], [ 7.29341703602184, 46.45628166999947 ], [ 7.29546077073684, 46.456247300175541 ], [ 7.331441081742213, 46.456287303701835 ], [ 7.328955407968081, 46.454156154134665 ], [ 7.32779992938738, 46.452990639686305 ], [ 7.32673433915675, 46.45178491634816 ], [ 7.32576155416511, 46.450542291492553 ], [ 7.324884236172072, 46.449266173484602 ], [ 7.324104784562473, 46.447960062313399 ], [ 7.323425329827928, 46.446627539974372 ], [ 7.322847727792372, 46.445272260629011 ], [ 7.322077538829867, 46.442784564496094 ], [ 7.295496651249445, 46.442753910937817 ], [ 7.293453624820408, 46.442714312446448 ], [ 7.291416403370935, 46.442600816867682 ], [ 7.289390579036144, 46.442413735747181 ], [ 7.287381712527039, 46.442153582619127 ], [ 7.285395317800501, 46.441821071590169 ], [ 7.283436846860385, 46.441417115370577 ], [ 7.281511674732388, 46.44094282275816 ], [ 7.279625084654772, 46.440399495581772 ], [ 7.27778225352637, 46.439788625113067 ], [ 7.275988237652475, 46.439111887956507 ], [ 7.274247958828526, 46.438371141429272 ], [ 7.272566190800223, 46.437568418443853 ], [ 7.270947546137822, 46.436705921907532 ], [ 7.269396463560989, 46.435786018655136 ], [ 7.267917195749357, 46.43481123293072 ], [ 7.266513797672351, 46.433784239437713 ], [ 7.265190115470556, 46.432707855976147 ], [ 7.263949775919018, 46.43158503568749 ], [ 7.262796176501417, 46.430418858929215 ], [ 7.261732476122006, 46.42921252480118 ], [ 7.260761586480671, 46.427969342347673 ], [ 7.259886164134265, 46.426692721459389 ], [ 7.259108603265497, 46.425386163500661 ], [ 7.258431029178817, 46.424053251688122 ], [ 7.257855292540212, 46.42269764124692 ], [ 7.257382964376219, 46.421323049372468 ], [ 7.257015331844966, 46.419933245024531 ], [ 7.256753394789976, 46.41853203858269 ], [ 7.256597863085355, 46.417123271391162 ], [ 7.256549154778605, 46.415710805221892 ], [ 7.256625033057314, 46.393221809759247 ], [ 7.256683247203148, 46.391809515894813 ], [ 7.256848197684946, 46.390401265440872 ], [ 7.257119424152335, 46.389000917850318 ], [ 7.257496175146173, 46.38761231061978 ], [ 7.25797741024637, 46.386239248779667 ], [ 7.258561803008635, 46.384885494476137 ], [ 7.259247744681306, 46.383554756674101 ], [ 7.26003334869111, 46.382250681008387 ], [ 7.260916455884669, 46.380976839811304 ], [ 7.261894640510811, 46.379736722343658 ], [ 7.262965216926294, 46.378533725255515 ], [ 7.264125247006272, 46.377371143302788 ], [ 7.265371548238397, 46.376252160344954 ], [ 7.266700702478016, 46.375179840647441 ], [ 7.268109065340217, 46.374157120513672 ], [ 7.269592776202491, 46.373186800267909 ], [ 7.271147768790751, 46.372271536611123 ], [ 7.272769782319356, 46.371413835371037 ], [ 7.274454373154903, 46.370616044664679 ], [ 7.27619692697181, 46.369880348492934 ], [ 7.27799267136673, 46.369208760783913 ], [ 7.279836688897578, 46.368603119900698 ], [ 7.281723930511842, 46.368065083629133 ], [ 7.283649229327973, 46.367596124658292 ], [ 7.285607314732697, 46.367197526566251 ], [ 7.28759282675627, 46.366870380321565 ], [ 7.289600330687145, 46.3666155813101 ], [ 7.291624331886728, 46.366433826895161 ], [ 7.293659290764603, 46.366325614517201 ], [ 7.295699637874003, 46.366291240338185 ], [ 7.328186266212636, 46.366327852247203 ], [ 7.330226442290649, 46.36636682511017 ], [ 7.332260883043781, 46.366479623635811 ], [ 7.334284020436989, 46.366665939110192 ], [ 7.336290317233521, 46.366925261609445 ], [ 7.3382742820841, 46.367256881389267 ], [ 7.34023048449335, 46.367659890818771 ], [ 7.342153569623252, 46.368133186853946 ], [ 7.344425280840198, 46.368803654980162 ], [ 7.346699336423426, 46.368137005872079 ], [ 7.348624075645821, 46.367666942495234 ], [ 7.350581685695198, 46.367267221162429 ], [ 7.352566807897312, 46.366938935916991 ], [ 7.354574008602915, 46.36668298526245 ], [ 7.356597793999684, 46.366500069714306 ], [ 7.358632625085208, 46.366390689890871 ], [ 7.36067293276091, 46.366355145149456 ], [ 7.425646336078688, 46.366381773867452 ], [ 7.427686582568042, 46.366418990984243 ], [ 7.429721226240389, 46.366530038642665 ], [ 7.43174469850777, 46.366714612920752 ], [ 7.433751461220953, 46.366972208660279 ], [ 7.435736021761045, 46.367302120843249 ], [ 7.437692948009332, 46.367703446512799 ], [ 7.43961688315505, 46.368175087234157 ], [ 7.441502560301631, 46.368715752087731 ], [ 7.443344816831988, 46.369323961187924 ], [ 7.445138608494395, 46.369998049716955 ], [ 7.446879023170997, 46.370736172463474 ], [ 7.448561294291845, 46.371536308853699 ], [ 7.45018081385825, 46.372396268461557 ], [ 7.451733145040204, 46.373313696982926 ], [ 7.453214034313668, 46.374286082658408 ], [ 7.454619423104813, 46.375310763126265 ], [ 7.455945458909328, 46.376384932688659 ], [ 7.457188505856527, 46.377505649970082 ], [ 7.45834515468905, 46.378669845948309 ], [ 7.459412232130909, 46.379874332335937 ], [ 7.460386809617701, 46.381115810289714 ], [ 7.461266211364856, 46.3823908794243 ], [ 7.462048021751353, 46.383696047105893 ], [ 7.462730091998012, 46.385027738000851 ], [ 7.463310546121582, 46.386382303852955 ], [ 7.463787786147498, 46.387756033463226 ], [ 7.464160496566293, 46.389145162844805 ], [ 7.464427648020589, 46.390545885525292 ], [ 7.464588500211723, 46.391954362968661 ], [ 7.464642604017013, 46.39336673508847 ], [ 7.464650920835084, 46.411357973893587 ], [ 7.523175734271964, 46.411329916770029 ], [ 7.525217737246116, 46.411365376836414 ], [ 7.527254265490357, 46.411474672168531 ], [ 7.529279745268037, 46.411657503640512 ], [ 7.53128863294608, 46.411913370864241 ], [ 7.533275430101437, 46.412241573552805 ], [ 7.535234698506573, 46.412641213428877 ], [ 7.53716107495381, 46.413111196672283 ], [ 7.539049285878804, 46.413650236901226 ], [ 7.540894161743873, 46.414256858678158 ], [ 7.542690651142577, 46.414929401531772 ], [ 7.544433834587558, 46.415666024483578 ], [ 7.546118937944519, 46.416464711067547 ], [ 7.54774134547603, 46.417323274829158 ], [ 7.549296612459906, 46.418239365288571 ], [ 7.550780477347856, 46.419210474352958 ], [ 7.552188873431481, 46.420233943159602 ], [ 7.553517939983643, 46.421306969332257 ], [ 7.55476403284488, 46.422426614630744 ], [ 7.555923734425657, 46.423589812973105 ], [ 7.556993863097027, 46.424793378809113 ], [ 7.557971481943607, 46.426034015822133 ], [ 7.558853906854581, 46.427308325935833 ], [ 7.559638713930126, 46.428612818601472 ], [ 7.560323746182295, 46.429943920340776 ], [ 7.560907119511582, 46.431297984518046 ], [ 7.561387227941872, 46.432671301315466 ], [ 7.5617627480988, 46.434060107884058 ], [ 7.56203264291832, 46.435460598642905 ], [ 7.56219616457452, 46.436868935698776 ], [ 7.562252856617611, 46.438281259356927 ], [ 7.562303778914504, 46.460770272835418 ], [ 7.562253458039488, 46.462182711460365 ], [ 7.562096228979731, 46.463591394260241 ], [ 7.561832514423355, 46.464992459689839 ], [ 7.561463029106375, 46.466382066787119 ], [ 7.560988777942326, 46.467756405708784 ], [ 7.560411053353596, 46.469111708184187 ], [ 7.559731431810935, 46.47044425785824 ], [ 7.558951769589574, 46.471750400494606 ], [ 7.558074197752918, 46.473026554011653 ], [ 7.557101116376569, 46.474269218323059 ], [ 7.55603518802803, 46.475474984955589 ], [ 7.55487933051909, 46.476640546418189 ], [ 7.55363670895036, 46.477762705295603 ], [ 7.552310727069257, 46.478838383041818 ], [ 7.550905017964673, 46.479864628448638 ], [ 7.549423434123752, 46.480838625766054 ], [ 7.547870036877645, 46.481757702451588 ], [ 7.546249085265285, 46.482619336527122 ], [ 7.544565024345622, 46.483421163522834 ], [ 7.542822472990643, 46.484160982988506 ], [ 7.541026211192753, 46.48483676455453 ], [ 7.539181166921743, 46.485446653525159 ], [ 7.537292402567799, 46.485988975988839 ], [ 7.535365101008294, 46.486462243430765 ], [ 7.533404551337075, 46.486865156835343 ], [ 7.531416134296223, 46.487196610266672 ], [ 7.529405307450891, 46.487455693917198 ], [ 7.52737759014874, 46.487641696615803 ], [ 7.525338548306053, 46.487754107788561 ], [ 7.523293779063289, 46.487792618866372 ], [ 7.464131198980826, 46.487820836061587 ], [ 7.463356100017855, 46.4903078961391 ], [ 7.462775691554141, 46.491662699436091 ], [ 7.462093384680627, 46.492994662273325 ], [ 7.461311043040479, 46.494300132017251 ], [ 7.460430805050915, 46.495575528425526 ], [ 7.459455078107009, 46.496817353482271 ], [ 7.458386532041173, 46.498022201010727 ], [ 7.457228091855499, 46.499186766035621 ], [ 7.455982929746411, 46.500307853870169 ], [ 7.454654456443008, 46.501382388902037 ], [ 7.453246311882428, 46.50240742305386 ], [ 7.451762355247599, 46.50338014389515 ], [ 7.45020665439444, 46.504297882382296 ], [ 7.448583474697529, 46.505158120206183 ], [ 7.44689726734472, 46.505958496725647 ], [ 7.445152657113128, 46.506696815468544 ], [ 7.443354429660077, 46.507371050181767 ], [ 7.441507518364331, 46.50797935041323 ], [ 7.439616990754003, 46.508520046610315 ], [ 7.437688034559062, 46.508991654720667 ], [ 7.435725943427104, 46.509392880282292 ], [ 7.433736102342428, 46.509722621991443 ], [ 7.431723972789052, 46.509979974738577 ], [ 7.429695077699221, 46.51016423210352 ], [ 7.42765498622958, 46.510274888302973 ], [ 7.425609298407674, 46.510311639585133 ], [ 7.398995209226521, 46.510305247251317 ], [ 7.398216795629441, 46.512791859513371 ], [ 7.397634515771843, 46.514146328075704 ], [ 7.396950322612448, 46.515477897717751 ], [ 7.395980715757263, 46.517050822875653 ], [ 7.396947844329461, 46.518624483127113 ], [ 7.397630012914125, 46.519956561257551 ], [ 7.398210284549644, 46.521311455787959 ], [ 7.398687061719344, 46.522685454614752 ], [ 7.399059030139179, 46.524074793009227 ], [ 7.399325162441885, 46.525475663921952 ], [ 7.399484721078569, 46.526884228406267 ], [ 7.399537260428961, 46.528296626132487 ], [ 7.399523943475014, 46.546287792741843 ], [ 7.42560000739243, 46.546293992172998 ], [ 7.427647039675952, 46.546331209939751 ], [ 7.429688450468708, 46.546442257792521 ], [ 7.431718652689126, 46.546626831809078 ], [ 7.433732089795024, 46.546884426832108 ], [ 7.435723250925063, 46.547214337845936 ], [ 7.437686685918007, 46.547615661897375 ], [ 7.43961702016945, 46.54808730055651 ], [ 7.44150896928628, 46.548627962910089 ], [ 7.443357353499469, 46.549236169079968 ], [ 7.445157111796552, 46.549910254257206 ], [ 7.446903315735668, 46.550648373240371 ], [ 7.448591182904035, 46.551448505466901 ], [ 7.450216089984437, 46.552308460522944 ], [ 7.451773585394414, 46.553225884117865 ], [ 7.453259401463838, 46.554198264506645 ], [ 7.454669466117823, 46.55522293934299 ], [ 7.455999914032997, 46.556297102945443 ], [ 7.457247097236794, 46.557417813955801 ], [ 7.458407595120421, 46.558582003369985 ], [ 7.459478223838127, 46.559786482919428 ], [ 7.460456045066665, 46.561027953780481 ], [ 7.46133837410051, 46.562303015588029 ], [ 7.462122787260397, 46.563608175729122 ], [ 7.462807128594036, 46.564939858891542 ], [ 7.463389515850323, 46.566294416840776 ], [ 7.463868345709725, 46.567668138400123 ], [ 7.464242298255858, 46.569057259605145 ], [ 7.468330523211826, 46.569699710700206 ], [ 7.470295016565204, 46.570100470800689 ], [ 7.472226437816868, 46.570571554897931 ], [ 7.474119499604095, 46.571111673596882 ], [ 7.475969019117938, 46.571719348507941 ], [ 7.477769932243936, 46.572392916276861 ], [ 7.479517307384544, 46.573130533119205 ], [ 7.481206358926162, 46.57393017984775 ], [ 7.482832460314277, 46.574789667378681 ], [ 7.484391156701446, 46.575706642702279 ], [ 7.485878177133712, 46.5766785953019 ], [ 7.487289446242436, 46.577702864003918 ], [ 7.488621095409526, 46.578776644240257 ], [ 7.489869473375657, 46.579896995703891 ], [ 7.491031156262211, 46.581060850377007 ], [ 7.492102956979461, 46.582265020909588 ], [ 7.493081933994839, 46.583506209326131 ], [ 7.493965399436964, 46.584781016037063 ], [ 7.494750926512799, 46.586085949130243 ], [ 7.495436356216913, 46.587417433917494 ], [ 7.496019803314043, 46.588771822710093 ], [ 7.496800076673216, 46.591258315763014 ], [ 7.556075850281711, 46.591213042928246 ], [ 7.558124670838147, 46.59124791007094 ], [ 7.560168043386565, 46.591356613427791 ], [ 7.562200375486391, 46.59153885549312 ], [ 7.564216104778178, 46.5917941374923 ], [ 7.566209714140782, 46.592121760740611 ], [ 7.568175746727516, 46.592520828547052 ], [ 7.570108820840939, 46.592990248658097 ], [ 7.57200364460646, 46.593528736234092 ], [ 7.57385503040534, 46.594134817351197 ], [ 7.575657909028342, 46.594806833019227 ], [ 7.57740734351194, 46.595542943704181 ], [ 7.579098542619775, 46.596341134343881 ], [ 7.580726873933011, 46.597199219843148 ], [ 7.582287876514131, 46.598114851033294 ], [ 7.583777273109809, 46.59908552108088 ], [ 7.585190981859774, 46.600108572327372 ], [ 7.586525127479593, 46.601181203542083 ], [ 7.587776051886946, 46.602300477568704 ], [ 7.588940324242054, 46.6034633293445 ], [ 7.59001475037471, 46.604666574270894 ], [ 7.590996381571828, 46.605906916912872 ], [ 7.591882522700919, 46.607180960002957 ], [ 7.592670739647041, 46.608485213726745 ], [ 7.593358866041968, 46.609816105263214 ], [ 7.593945009266857, 46.611169988555311 ], [ 7.594427555710952, 46.612543154283621 ], [ 7.594805175271345, 46.613931840015816 ], [ 7.595076825080501, 46.615332240504856 ], [ 7.595241752450488, 46.616740518107569 ], [ 7.595299497024874, 46.618152813294692 ], [ 7.595364349334871, 46.640641606922067 ], [ 7.595314725460407, 46.642054046410706 ], [ 7.59515783501738, 46.643462761149962 ], [ 7.594894099709731, 46.644863889509466 ], [ 7.594524234274743, 46.646253590356679 ], [ 7.594049244613283, 46.647628053593309 ], [ 7.59347042511904, 46.648983510609781 ], [ 7.592789355213172, 46.650316244628833 ], [ 7.592007895092938, 46.651622600910237 ], [ 7.591128180705138, 46.652898996787798 ], [ 7.590152617957254, 46.654141931511603 ], [ 7.58908387618161, 46.655347995867785 ], [ 7.587924880869615, 46.6565138815495 ], [ 7.586678805695611, 46.657636390252755 ], [ 7.585349063851632, 46.658712442472392 ], [ 7.583939298716452, 46.659739085973229 ], [ 7.582453373884307, 46.6607135039132 ], [ 7.58089536258032, 46.661633022595886 ], [ 7.579269536491752, 46.662495118830222 ], [ 7.577580354045532, 46.663297426878131 ], [ 7.575832448164547, 46.664037744968979 ], [ 7.574030613536401, 46.664714041364547 ], [ 7.572179793429854, 46.665324459955762 ], [ 7.57028506609568, 46.665867325377093 ], [ 7.56835163078962, 46.6663411476231 ], [ 7.56638479345643, 46.666744626155023 ], [ 7.564389952115023, 46.667076653485374 ], [ 7.562372581985473, 46.66733631823093 ], [ 7.560338220399556, 46.667522907625234 ], [ 7.558292451537037, 46.6676359094836 ], [ 7.556240891030575, 46.66767501361533 ], [ 7.458236660765013, 46.667733236615753 ], [ 7.456185003051558, 46.667696570151264 ], [ 7.454138951613211, 46.667585999190713 ], [ 7.452104122861742, 46.667401827252213 ], [ 7.450086102264918, 46.667144559884797 ], [ 7.448090428947809, 46.666814903274897 ], [ 7.446122580424045, 46.666413762298887 ], [ 7.44418795749993, 46.665942238029032 ], [ 7.442291869393625, 46.665401624697914 ], [ 7.440439519111113, 46.664793406131182 ], [ 7.438635989119749, 46.664119251658171 ], [ 7.436886227359425, 46.663381011511746 ], [ 7.435195033630316, 46.662580711730214 ], [ 7.433567046395071, 46.661720548576177 ], [ 7.432006730032061, 46.660802882486813 ], [ 7.430518362575048, 46.659830231573785 ], [ 7.429106023973031, 46.658805264689818 ], [ 7.427773584902741, 46.657730794081978 ], [ 7.426524696164312, 46.656609767651851 ], [ 7.425362778689391, 46.655445260844495 ], [ 7.424291014188632, 46.654240468187922 ], [ 7.423312336464163, 46.652998694507929 ], [ 7.422429423410343, 46.651723345841333 ], [ 7.4216446897243, 46.65041792007387 ], [ 7.420960280345748, 46.649085997328207 ], [ 7.420378064643231, 46.647731230128642 ], [ 7.419600494904126, 46.645244224358372 ], [ 7.392919898279249, 46.645236415628375 ], [ 7.390869140489523, 46.645198572464643 ], [ 7.388824076078265, 46.645086827919165 ], [ 7.386790318742745, 46.644901488731357 ], [ 7.384773451003654, 46.644643063654378 ], [ 7.382779008814592, 46.644312262052054 ], [ 7.380812466302137, 46.643909991943517 ], [ 7.378879220679392, 46.643437357499721 ], [ 7.376984577375159, 46.642895655999808 ], [ 7.37513373542046, 46.642286374255377 ], [ 7.373331773133125, 46.641611184512755 ], [ 7.371583634140512, 46.640871939844821 ], [ 7.369894113779254, 46.640070669045315 ], [ 7.36826784590982, 46.63920957103992 ], [ 7.366709290182595, 46.638291008829285 ], [ 7.365222719790644, 46.63731750298183 ], [ 7.363812209743, 46.636291724693791 ], [ 7.362481625690852, 46.635216488435823 ], [ 7.361234613337157, 46.63409474420726 ], [ 7.360074588458831, 46.632929569419133 ], [ 7.359004727568522, 46.631724160428547 ], [ 7.358027959241434, 46.630481823748376 ], [ 7.357146956130516, 46.629205966955737 ], [ 7.356364127691438, 46.627900089326161 ], [ 7.355681613636851, 46.626567772217278 ], [ 7.355101278137038, 46.62521266923045 ], [ 7.354624704782301, 46.62383849617666 ], [ 7.354253192320011, 46.622449020874612 ], [ 7.353987751177192, 46.621048052809023 ], [ 7.353829100777213, 46.619639432677793 ], [ 7.353777667657067, 46.618227021856988 ], [ 7.353806232592101, 46.600235942000658 ], [ 7.295076930937626, 46.600176494464954 ], [ 7.293027953281326, 46.600136888649146 ], [ 7.29098479811354, 46.600023386181988 ], [ 7.288953073881263, 46.599836298628411 ], [ 7.286938357513591, 46.599576139540368 ], [ 7.284946179046727, 46.599243623041225 ], [ 7.28298200638051, 46.598839661856758 ], [ 7.281051230209264, 46.598365364798852 ], [ 7.279159149169111, 46.597822033709157 ], [ 7.277310955243337, 46.597211159870731 ], [ 7.275511719466618, 46.596534419897978 ], [ 7.27376637796794, 46.595793671116546 ], [ 7.272079718391186, 46.594990946445904 ], [ 7.270456366731077, 46.594128448798799 ], [ 7.268900774621045, 46.593208545013937 ], [ 7.267417207108262, 46.592233759337716 ], [ 7.266009730949494, 46.591206766474357 ], [ 7.264682203460144, 46.590130384222853 ], [ 7.263438261946932, 46.589007565722291 ], [ 7.262281313753301, 46.58784139132608 ], [ 7.261214526944503, 46.58663506012838 ], [ 7.260240821657704, 46.585391881166125 ], [ 7.259362862140453, 46.584115264321092 ], [ 7.2585830494988, 46.582808710947219 ], [ 7.257903515174534, 46.581475804249109 ], [ 7.257326115168524, 46.58012019943839 ], [ 7.256852425025556, 46.578745613695347 ], [ 7.256483735593418, 46.577355815963351 ], [ 7.252397464392093, 46.576705749006003 ], [ 7.250434353922467, 46.576301225203366 ], [ 7.248504668368893, 46.575826375002023 ], [ 7.246613703368366, 46.575282501761592 ], [ 7.244766647835329, 46.574671098252573 ], [ 7.242968569674394, 46.573993842542656 ], [ 7.241224401831984, 46.573252593372189 ], [ 7.239538928725712, 46.572449385033217 ], [ 7.237916773089296, 46.57158642176487 ], [ 7.236362383269446, 46.57066607168251 ], [ 7.234880021010022, 46.569690860256145 ], [ 7.233473749757003, 46.568663463356778 ], [ 7.232147423516697, 46.567586699890697 ], [ 7.230904676297553, 46.566463524041374 ], [ 7.229748912164704, 46.565297017140793 ], [ 7.228683295934029, 46.564090379193601 ], [ 7.227710744531259, 46.562846920076282 ], [ 7.226833919039282, 46.561570050437133 ], [ 7.226055217454912, 46.560263272321322 ], [ 7.225376768174698, 46.558930169547658 ], [ 7.224800424226602, 46.557574397863277 ], [ 7.224033146409714, 46.555086048562657 ], [ 7.19739714803847, 46.555032410119338 ], [ 7.195349953776604, 46.554991044650087 ], [ 7.193308710657655, 46.554875787410872 ], [ 7.19127902187063, 46.554686954783293 ], [ 7.189266458746586, 46.554425065109363 ], [ 7.187276545399195, 46.554090837262336 ], [ 7.18531474349774, 46.553685188664822 ], [ 7.183386437215287, 46.553209232759784 ], [ 7.181496918394085, 46.552664275940877 ], [ 7.179651371969889, 46.552051813952005 ], [ 7.17785486169571, 46.551373527764909 ], [ 7.176112316205009, 46.550631278946888 ], [ 7.174428515453076, 46.549827104531801 ], [ 7.172808077574344, 46.548963211408442 ], [ 7.171255446192059, 46.548041970241883 ], [ 7.169774878215526, 46.547065908945022 ], [ 7.168370432158522, 46.546037705718483 ], [ 7.167045957011171, 46.544960181678213 ], [ 7.165805081695648, 46.543836293091331 ], [ 7.164651205134791, 46.542669123242163 ], [ 7.163587486960411, 46.54146187395051 ], [ 7.1626168388867, 46.540217856766198 ], [ 7.161741916771915, 46.538940483864373 ], [ 7.16096511338958, 46.537633258666588 ], [ 7.16028855192865, 46.536299766213517 ], [ 7.15971408023953, 46.534943663316653 ] ] ], [ [ [ 8.409037810046978, 46.541045923856991 ], [ 8.409435820774359, 46.542431837928511 ], [ 8.409728184898716, 46.543830224948955 ], [ 8.409914093024964, 46.545237252851088 ], [ 8.409993027342004, 46.546649065589513 ], [ 8.410396620874355, 46.569136301014375 ], [ 8.410368355377157, 46.570549027409683 ], [ 8.4102329158624, 46.571958797278931 ], [ 8.409990665236334, 46.573361746158774 ], [ 8.409642259327688, 46.574754027984753 ], [ 8.409188645179565, 46.576131825640616 ], [ 8.408631058540458, 46.577491361431193 ], [ 8.407971020560225, 46.578828907450422 ], [ 8.407210333699259, 46.580140795816192 ], [ 8.406351076861155, 46.58142342874249 ], [ 8.405395599761333, 46.58267328842296 ], [ 8.404346516546564, 46.583886946696786 ], [ 8.403206698681878, 46.585061074471227 ], [ 8.401979267124094, 46.586192450874158 ], [ 8.400667583802743, 46.587277972111714 ], [ 8.399275242431395, 46.588314660005715 ], [ 8.397806058674366, 46.589299670187927 ], [ 8.396264059695401, 46.590230299927718 ], [ 8.394653473117085, 46.591103995571814 ], [ 8.392978715421114, 46.591918359574862 ], [ 8.391244379821453, 46.592671157101975 ], [ 8.38945522364382, 46.593360322183955 ], [ 8.387616155246384, 46.593983963408384 ], [ 8.385732220518035, 46.594540369131145 ], [ 8.383808588991721, 46.595028012192593 ], [ 8.381850539611523, 46.595445554126734 ], [ 8.379863446193205, 46.595791848850077 ], [ 8.377852762618836, 46.596065945821074 ], [ 8.375824007806949, 46.596267092660163 ], [ 8.373782750500222, 46.596394737224657 ], [ 8.37173459391347, 46.596448529130441 ], [ 8.30648851355306, 46.596964562052385 ], [ 8.304439085617856, 46.596943178047731 ], [ 8.302394095752138, 46.596847851725045 ], [ 8.300359157462182, 46.596678844756354 ], [ 8.298339856539332, 46.5964366210642 ], [ 8.296341735660155, 46.596121845542839 ], [ 8.29437027910749, 46.595735382224703 ], [ 8.292430897655352, 46.595278291898715 ], [ 8.290528913659921, 46.594751829185874 ], [ 8.288669546398468, 46.594157439081144 ], [ 8.286857897697066, 46.593496752970864 ], [ 8.285098937887312, 46.592771584136933 ], [ 8.28339749213119, 46.591983922760875 ], [ 8.281758227152068, 46.591135930440608 ], [ 8.280185638408739, 46.59022993423666 ], [ 8.27868403774804, 46.589268420263267 ], [ 8.277257541570082, 46.588254026842925 ], [ 8.275910059538857, 46.587189537243518 ], [ 8.274645283869091, 46.586077872017931 ], [ 8.273466679218751, 46.584922080967317 ], [ 8.272377473214792, 46.583725334751627 ], [ 8.271380647637727, 46.582490916168773 ], [ 8.270478930289073, 46.581222211128562 ], [ 8.269674787563217, 46.579922699345033 ], [ 8.268970417743867, 46.578595944774015 ], [ 8.268367745042493, 46.57724558582148 ], [ 8.267868414394684, 46.575875325350815 ], [ 8.267473787027722, 46.574488920515613 ], [ 8.267184936810771, 46.573090172446527 ], [ 8.267002647396771, 46.571682915820915 ], [ 8.266927410162925, 46.570271008343383 ], [ 8.266583448651138, 46.547783306196848 ], [ 8.266615457049518, 46.546370616310128 ], [ 8.266754574773945, 46.544961018053613 ], [ 8.267000412201229, 46.543558374647283 ], [ 8.267352287362225, 46.542166529951736 ], [ 8.267809227900221, 46.54078929793986 ], [ 8.268369973822498, 46.539430452253839 ], [ 8.269032981036519, 46.538093715875547 ], [ 8.269796425660148, 46.536782750938883 ], [ 8.270658209093229, 46.535501148711369 ], [ 8.271615963835915, 46.534252419772656 ], [ 8.272667060036898, 46.533039984416497 ], [ 8.273808612753177, 46.531867163302046 ], [ 8.275037489900715, 46.530737168379929 ], [ 8.276350320873808, 46.529653094117926 ], [ 8.2777435058092, 46.528617909049437 ], [ 8.279213225469144, 46.527634447668191 ], [ 8.280755451716335, 46.526705402690297 ], [ 8.282365958551724, 46.52583331770569 ], [ 8.284040333685216, 46.525020580237232 ], [ 8.285773990607467, 46.524269415227629 ], [ 8.287562181130077, 46.523581878970489 ], [ 8.28940000836011, 46.522959853502726 ], [ 8.29128244007377, 46.522405041472943 ], [ 8.293204322453187, 46.521918961499388 ], [ 8.295160394149219, 46.521502944030352 ], [ 8.297145300632408, 46.521158127717989 ], [ 8.299153608793619, 46.520885456315057 ], [ 8.301179821754992, 46.520685676102978 ], [ 8.303218393851719, 46.520559333858415 ], [ 8.305263745744277, 46.520506775363536 ], [ 8.370417667067112, 46.519991463742777 ], [ 8.372464206611804, 46.520011658894575 ], [ 8.374506416032613, 46.520105725675315 ], [ 8.376538706079561, 46.520273406638282 ], [ 8.378555514529276, 46.520514242861893 ], [ 8.380551321341562, 46.520827575200222 ], [ 8.382520663703129, 46.52121254607907 ], [ 8.384458150918123, 46.521668101832788 ], [ 8.38635847910561, 46.522192995575821 ], [ 8.388216445664467, 46.522785790600921 ], [ 8.390026963466994, 46.523444864295513 ], [ 8.391785074742915, 46.524168412564883 ], [ 8.393485964616438, 46.524954454751203 ], [ 8.395124974259838, 46.525800839034538 ], [ 8.396697613627973, 46.526705248301546 ], [ 8.398199573739166, 46.527665206466366 ], [ 8.399626738469225, 46.528678085226247 ], [ 8.400975195826259, 46.529741111234159 ], [ 8.402241248675654, 46.530851373668625 ], [ 8.403421424885606, 46.532005832180957 ], [ 8.404512486865483, 46.533201325197808 ], [ 8.405511440470445, 46.534434578556997 ], [ 8.406415543247693, 46.53570221445348 ], [ 8.407222312001322, 46.537000760670637 ], [ 8.407929529654409, 46.538326660072229 ], [ 8.408535251389093, 46.539676280329623 ], [ 8.409037810046978, 46.541045923856991 ] ] ], [ [ [ 7.87688538359544, 46.623029930234985 ], [ 7.876500451285974, 46.621642190486824 ], [ 7.876221475950318, 46.620242471421271 ], [ 7.876049214137838, 46.618834610349779 ], [ 7.875984129711731, 46.617422466605682 ], [ 7.875838843474569, 46.599431650746958 ], [ 7.849737489062948, 46.599528767485829 ], [ 7.847688180251279, 46.599499154057199 ], [ 7.845643934889593, 46.599395617422424 ], [ 7.843610364430941, 46.599218441790477 ], [ 7.841593050894859, 46.598968113506302 ], [ 7.839597531478142, 46.598645319709625 ], [ 7.837629283291252, 46.598250946440658 ], [ 7.835693708263344, 46.597786076197409 ], [ 7.83379611825805, 46.597251984951519 ], [ 7.831941720441847, 46.596650138631546 ], [ 7.83013560294566, 46.595982189082228 ], [ 7.828382720859982, 46.595249969513127 ], [ 7.826687882602363, 46.594455489447093 ], [ 7.825055736695262, 46.593600929184348 ], [ 7.82349075899095, 46.592688633797067 ], [ 7.821997240378924, 46.591721106671017 ], [ 7.820579275009612, 46.59070100261296 ], [ 7.819240749067055, 46.589631120542215 ], [ 7.817985330121141, 46.588514395787456 ], [ 7.816816457088805, 46.587353892009972 ], [ 7.815737330831284, 46.586152792775458 ], [ 7.814750905413131, 46.58491439279878 ], [ 7.813859880046538, 46.583642088884879 ], [ 7.813066691742514, 46.582339370591598 ], [ 7.812373508688699, 46.58100981064046 ], [ 7.811782224371095, 46.579657055101379 ], [ 7.811294452455284, 46.578284813378922 ], [ 7.810911522440373, 46.576896848027722 ], [ 7.810634476096617, 46.575496964424893 ], [ 7.810464064695704, 46.57408900032808 ], [ 7.810400747040313, 46.572676815348103 ], [ 7.81024657027283, 46.550188124031742 ], [ 7.810290497251897, 46.548775587301634 ], [ 7.810441509765949, 46.547366572267407 ], [ 7.810699185601766, 46.545964940517372 ], [ 7.8110628103647, 46.544574533106825 ], [ 7.811531379525736, 46.543199160037858 ], [ 7.812103601260829, 46.541842589827283 ], [ 7.812777900073908, 46.540508539191677 ], [ 7.813552421192597, 46.53920066287715 ], [ 7.814425035723817, 46.537922543661381 ], [ 7.815393346554395, 46.536677682555869 ], [ 7.816454694979686, 46.535469489234018 ], [ 7.817606168041505, 46.534301272712099 ], [ 7.818844606554673, 46.533176232307262 ], [ 7.820166613799659, 46.532097448897879 ], [ 7.821568564857261, 46.531067876509617 ], [ 7.82304661655929, 46.530090334249572 ], [ 7.824596718028054, 46.529167498611152 ], [ 7.826214621775417, 46.528301896169296 ], [ 7.827895895331359, 46.527495896686574 ], [ 7.82963593337005, 46.526751706648483 ], [ 7.831429970300612, 46.526071363245237 ], [ 7.833273093288374, 46.525456728816145 ], [ 7.835160255671365, 46.524909485771779 ], [ 7.837086290735792, 46.524431132007415 ], [ 7.839045925813455, 46.524022976819737 ], [ 7.841033796663027, 46.523686137338366 ], [ 7.843044462096688, 46.523421535481461 ], [ 7.845072418812756, 46.523229895443265 ], [ 7.847112116394636, 46.523111741720754 ], [ 7.849157972435765, 46.523067397684571 ], [ 7.881738235821422, 46.522945237978107 ], [ 7.88378466418324, 46.522974237994369 ], [ 7.885826095558599, 46.523077089527121 ], [ 7.887856942816927, 46.523253511086715 ], [ 7.88987164766556, 46.52350301982883 ], [ 7.891864695795819, 46.523824932870475 ], [ 7.89383063191138, 46.524218369150461 ], [ 7.895764074598696, 46.524682251830619 ], [ 7.897659730999631, 46.525215311230085 ], [ 7.899512411246824, 46.525816088286099 ], [ 7.901317042623171, 46.526482938531053 ], [ 7.903068683407191, 46.52721403657543 ], [ 7.904762536367032, 46.528007381085118 ], [ 7.9063939618667, 46.528860800238633 ], [ 7.907958490548983, 46.529771957650738 ], [ 7.909451835560773, 46.530738358745865 ], [ 7.910869904287511, 46.531757357564537 ], [ 7.912208809564699, 46.532826163984055 ], [ 7.913464880335982, 46.533941851334717 ], [ 7.91463467172834, 46.535101364390108 ], [ 7.915714974516809, 46.536301527710847 ], [ 7.916702823952462, 46.537539054318472 ], [ 7.9175955079291, 46.538810554676637 ], [ 7.918390574465925, 46.540112545954713 ], [ 7.919085838484954, 46.541441461549283 ], [ 7.919679387864256, 46.542793660837326 ], [ 7.920169588749443, 46.544165439134723 ], [ 7.920555090108314, 46.545553037832917 ], [ 7.920834827515176, 46.546952654686343 ], [ 7.921008026153659, 46.54836045422249 ], [ 7.921095366326964, 46.552149883036115 ], [ 7.924165972474379, 46.55041566250403 ], [ 7.92584647261437, 46.549608214772341 ], [ 7.927585873117821, 46.548862525686033 ], [ 7.92937941012559, 46.548180636540813 ], [ 7.931222172159254, 46.547564413908837 ], [ 7.933109113534009, 46.547015544549353 ], [ 7.935035068131637, 46.546535530810104 ], [ 7.936994763496388, 46.546125686532122 ], [ 7.938982835215753, 46.54578713346875 ], [ 7.940993841547649, 46.54552079822848 ], [ 7.94302227825461, 46.545327409749952 ], [ 7.945062593605285, 46.545207497315687 ], [ 7.947109203503033, 46.545161389109587 ], [ 7.979702520538753, 46.545011131965879 ], [ 7.981749834673166, 46.545038366938833 ], [ 7.983792283462364, 46.545139457591183 ], [ 7.985824276996808, 46.545314127252553 ], [ 7.987840253853665, 46.545561897873618 ], [ 7.98983469625134, 46.545882091328785 ], [ 7.991802145087221, 46.546273831263697 ], [ 7.993737214818359, 46.546736045483641 ], [ 7.995634608145244, 46.547267468875432 ], [ 7.997489130459131, 46.547866646855326 ], [ 7.999295704014335, 46.548531939334147 ], [ 8.001049381787114, 46.5492615251883 ], [ 8.002745360984013, 46.550053407225121 ], [ 8.004378996163076, 46.550905417629011 ], [ 8.005945811932481, 46.551815223874264 ], [ 8.007441515192106, 46.55278033508759 ], [ 8.008862006884907, 46.55379810884456 ], [ 8.010203393225844, 46.554865758380679 ], [ 8.011461996377861, 46.555980360198276 ], [ 8.012634364545477, 46.557138862048163 ], [ 8.013717281458264, 46.558338091265142 ], [ 8.014707775217948, 46.559574763434348 ], [ 8.015603126484528, 46.560845491365136 ], [ 8.016400875978611, 46.56214679434872 ], [ 8.017098831278712, 46.563475107673234 ], [ 8.017695072894488, 46.564826792372038 ], [ 8.018187959598368, 46.566198145177438 ], [ 8.018576133000282, 46.567585408653571 ], [ 8.018858521352163, 46.568984781480374 ], [ 8.019034342570793, 46.570392428861069 ], [ 8.019103106469874, 46.57180449302443 ], [ 8.019827133129805, 46.639269290994648 ], [ 8.01978861357013, 46.640681895247873 ], [ 8.019642803019053, 46.64209117478152 ], [ 8.019390092798572, 46.643493266447848 ], [ 8.019031167404917, 46.644884326504162 ], [ 8.018567002721863, 46.646260541155918 ], [ 8.017998863432648, 46.647618137020906 ], [ 8.017328299636461, 46.648953391485762 ], [ 8.016557142677948, 46.650262642926272 ], [ 8.015687500200393, 46.651542300763133 ], [ 8.01472175043509, 46.652788855325603 ], [ 8.013662535742151, 46.653998887495341 ], [ 8.012512755419497, 46.655169078104514 ], [ 8.011275557799369, 46.656296217061225 ], [ 8.0099543316535, 46.657377212177437 ], [ 8.008552696930023, 46.658409097675268 ], [ 8.007074494847437, 46.659389042346703 ], [ 8.005523777372339, 46.660314357345626 ], [ 8.003904796109932, 46.661182503589387 ], [ 8.002221990637612, 46.661991098749453 ], [ 8.00047997631388, 46.662737923811981 ], [ 7.998683531596184, 46.663420929189748 ], [ 7.996837584902758, 46.664038240368264 ], [ 7.994947201054999, 46.664588163070611 ], [ 7.993017567338058, 46.665069187926072 ], [ 7.991053979218383, 46.66547999463009 ], [ 7.989061825758255, 46.665819455583289 ], [ 7.987046574767872, 46.666086638999865 ], [ 7.985013757736676, 46.666280811476177 ], [ 7.982968954586051, 46.666401440012983 ], [ 7.980917778286128, 46.666448193484662 ], [ 7.948251132788768, 46.666598784901339 ], [ 7.946199224875555, 46.666570946420087 ], [ 7.944152251725054, 46.666469180747811 ], [ 7.942115832290639, 46.666293767232411 ], [ 7.940095556426114, 46.666045187381933 ], [ 7.938096969474658, 46.66572412353711 ], [ 7.936125556982677, 46.665331456990131 ], [ 7.93418672958136, 46.664868265555043 ], [ 7.932285808078326, 46.664335820596605 ], [ 7.930428008801107, 46.66373558352587 ], [ 7.928618429233369, 46.663069201772601 ], [ 7.926862033984031, 46.662338504245312 ], [ 7.925163641128359, 46.661545496291978 ], [ 7.923527908959041, 46.660692354175552 ], [ 7.921959323184016, 46.659781419079465 ], [ 7.920462184606556, 46.658815190660256 ], [ 7.919040597321571, 46.657796320164856 ], [ 7.917698457460768, 46.656727603132126 ], [ 7.916439442517408, 46.655611971698868 ], [ 7.915267001280091, 46.654452486531717 ], [ 7.914184344402807, 46.653252328407369 ], [ 7.913194435636962, 46.652014789464694 ], [ 7.912299983749052, 46.650743264152723 ], [ 7.911503435145576, 46.649441239899957 ], [ 7.910806967225048, 46.648112287531021 ], [ 7.910212482474488, 46.646760051456141 ], [ 7.909721603326022, 46.645388239662445 ], [ 7.909335667786801, 46.64400061353264 ], [ 7.905236633883334, 46.643374034953126 ], [ 7.90326627653561, 46.642980798904048 ], [ 7.901328533705849, 46.642517047256128 ], [ 7.899428723219119, 46.641984052911418 ], [ 7.897572058347817, 46.641383278788531 ], [ 7.895763633456424, 46.640716373790674 ], [ 7.894008409979234, 46.639985168261717 ], [ 7.8923112027703, 46.639191668943148 ], [ 7.890676666863398, 46.638338053445459 ], [ 7.88910928467893, 46.637426664250214 ], [ 7.887613353713081, 46.636460002258779 ], [ 7.886192974743293, 46.635440719906519 ], [ 7.884852040582594, 46.634371613861042 ], [ 7.883594225413532, 46.63325561732492 ], [ 7.882422974731093, 46.632095791964723 ], [ 7.881341495921832, 46.630895319488744 ], [ 7.880352749504914, 46.629657492896193 ], [ 7.879459441058676, 46.628385707423213 ], [ 7.878664013854288, 46.627083451209799 ], [ 7.8779686422164, 46.625754295714557 ], [ 7.877375225628042, 46.624401885902536 ], [ 7.87688538359544, 46.623029930234985 ] ] ], [ [ [ 8.07690705489261, 46.828550212520504 ], [ 8.076204185980163, 46.827222301148353 ], [ 8.075603568193708, 46.825870958326263 ], [ 8.075106840748964, 46.824499889603707 ], [ 8.074715357650033, 46.823112854337971 ], [ 8.070600765181618, 46.822492243411709 ], [ 8.06862264618713, 46.822101877760403 ], [ 8.066677033566124, 46.821640950549757 ], [ 8.064769266780292, 46.821110726931224 ], [ 8.062904580974745, 46.820512662220928 ], [ 8.061088092562049, 46.819848397888613 ], [ 8.059324785138877, 46.819119757034358 ], [ 8.057619495774494, 46.818328739365199 ], [ 8.055976901709251, 46.817477515685958 ], [ 8.054401507499977, 46.816568421919982 ], [ 8.052897632647957, 46.815603952675943 ], [ 8.051469399743588, 46.814586754379306 ], [ 8.050120723160473, 46.813519617986728 ], [ 8.048855298329924, 46.812405471304899 ], [ 8.047676591625319, 46.81124737093409 ], [ 8.046587830883784, 46.810048493859576 ], [ 8.045591996591028, 46.808812128714017 ], [ 8.044691813753099, 46.807541666735183 ], [ 8.043889744476797, 46.806240592443821 ], [ 8.043187981278768, 46.804912474068168 ], [ 8.042588441140682, 46.8035609537407 ], [ 8.042092760326323, 46.802189737495354 ], [ 8.041702289973882, 46.800802585091581 ], [ 8.041418092474736, 46.799403299694497 ], [ 8.041240938647716, 46.797995717438909 ], [ 8.041171305715659, 46.796583696906119 ], [ 8.040920151272621, 46.77409587236771 ], [ 8.040958212311223, 46.772683280114265 ], [ 8.041103818917025, 46.771273991988672 ], [ 8.04135656361799, 46.769871870344517 ], [ 8.041715745455681, 46.768480757596031 ], [ 8.042180371996348, 46.767104465694139 ], [ 8.042749162138055, 46.765746765688903 ], [ 8.04342054970517, 46.764411377407328 ], [ 8.044192687819525, 46.763101959274501 ], [ 8.045063454035271, 46.761822098305529 ], [ 8.046030456222779, 46.760575300295883 ], [ 8.047091039184464, 46.759364980236377 ], [ 8.048242291984014, 46.758194452979382 ], [ 8.049481055968197, 46.757066924180791 ], [ 8.050803933458845, 46.755985481543043 ], [ 8.052207297090893, 46.75495308638218 ], [ 8.053687299770425, 46.753972565542362 ], [ 8.055239885225481, 46.753046603679188 ], [ 8.056860799120463, 46.75217773593269 ], [ 8.058545600703836, 46.751368341010128 ], [ 8.060289674957266, 46.750620634696695 ], [ 8.062088245213195, 46.749936663811894 ], [ 8.063936386206585, 46.749318300627635 ], [ 8.065829037525548, 46.748767237763275 ], [ 8.067761017424468, 46.748284983571217 ], [ 8.069727036962458, 46.747872858025048 ], [ 8.071721714429023, 46.747531989122237 ], [ 8.073739590018233, 46.747263309809632 ], [ 8.075775140711976, 46.74706755544117 ], [ 8.077822795332427, 46.746945261774336 ], [ 8.079876949723337, 46.746896763510001 ], [ 8.10660691401602, 46.746743572784254 ], [ 8.107355992924186, 46.744252250942125 ], [ 8.107922899925528, 46.74289422286445 ], [ 8.108592387889901, 46.741558447972082 ], [ 8.109362615142839, 46.740248585753619 ], [ 8.110231464471461, 46.738968224444953 ], [ 8.11119654899408, 46.737720871216027 ], [ 8.112255218761694, 46.736509942582394 ], [ 8.113404568072923, 46.73533875506677 ], [ 8.114641443481572, 46.734210516136777 ], [ 8.115962452474443, 46.733128315442713 ], [ 8.117363972795347, 46.732095116379426 ], [ 8.118842162389292, 46.731113747994947 ], [ 8.120392969939621, 46.73018689726797 ], [ 8.122012145968977, 46.729317101774292 ], [ 8.123695254473887, 46.728506742763159 ], [ 8.125437685061009, 46.727758038660731 ], [ 8.127234665552241, 46.727073039019473 ], [ 8.129081275024301, 46.726453618928623 ], [ 8.130972457247644, 46.725901473901622 ], [ 8.132903034488287, 46.725418115253888 ], [ 8.134867721635434, 46.725004865982754 ], [ 8.136861140616789, 46.724662857161704 ], [ 8.13887783506294, 46.72439302485806 ], [ 8.140912285181285, 46.724196107581633 ], [ 8.142958922799831, 46.724072644272759 ], [ 8.145012146540344, 46.724022972833737 ], [ 8.210413431619468, 46.723599534083533 ], [ 8.21246763479234, 46.72362261211088 ], [ 8.214517272393454, 46.723719554217247 ], [ 8.216556734870929, 46.723890095086333 ], [ 8.21858044039576, 46.724133767969285 ], [ 8.220582850071546, 46.724449905956405 ], [ 8.222558483029371, 46.724837643794224 ], [ 8.224501931367369, 46.725295920243447 ], [ 8.226407874894957, 46.725823480971215 ], [ 8.228271095642135, 46.726418881969408 ], [ 8.230086492094951, 46.727080493491023 ], [ 8.231849093118782, 46.72780650449296 ], [ 8.233554071531941, 46.728594927573667 ], [ 8.23519675729297, 46.72944360439282 ], [ 8.236772650265987, 46.730350211557919 ], [ 8.238277432529388, 46.731312266962071 ], [ 8.239706980194601, 46.732327136556279 ], [ 8.241057374702496, 46.733392041537662 ], [ 8.24232491356676, 46.734504065934388 ], [ 8.243506120534567, 46.735660164566795 ], [ 8.244597755136732, 46.736857171363376 ], [ 8.245596821600822, 46.738091808009024 ], [ 8.246500577102498, 46.739360692902181 ], [ 8.247306539332067, 46.740660350396766 ], [ 8.248012493354848, 46.741987220303713 ], [ 8.248616497746152, 46.743337667626243 ], [ 8.249116889983108, 46.744707992502867 ], [ 8.249512291078025, 46.74609444033063 ], [ 8.249801609439562, 46.747493212041391 ], [ 8.249984043950334, 46.748900474502548 ], [ 8.250059086251616, 46.750312371014914 ], [ 8.250736066574284, 46.79528701174155 ], [ 8.250703493040634, 46.796699665040336 ], [ 8.250563304136449, 46.798109211217273 ], [ 8.250315875720183, 46.799511786410591 ], [ 8.249961877751838, 46.800903545568609 ], [ 8.249502272546785, 46.802280672996339 ], [ 8.248938312225537, 46.803639392824813 ], [ 8.248271535365397, 46.80497597937395 ], [ 8.2475037628623, 46.806286767381373 ], [ 8.246637093013364, 46.807568162067987 ], [ 8.24567389583266, 46.808816649012762 ], [ 8.2446168066153, 46.810028803809772 ], [ 8.243468718766534, 46.811201301480509 ], [ 8.242232775915175, 46.812330925615214 ], [ 8.240912363332342, 46.813414577218246 ], [ 8.239511098678653, 46.81444928323252 ], [ 8.238032822105092, 46.815432204719642 ], [ 8.236481585734236, 46.816360644672898 ], [ 8.234861642550895, 46.817232055441117 ], [ 8.233177434732369, 46.818044045743036 ], [ 8.231433581450634, 46.818794387252417 ], [ 8.229634866180072, 46.819481020735509 ], [ 8.227786223545818, 46.820102061723645 ], [ 8.225892725749313, 46.820655805705641 ], [ 8.223959568608754, 46.821140732824432 ], [ 8.221992057253283, 46.821555512066134 ], [ 8.219995591510985, 46.821899004928163 ], [ 8.217975651031308, 46.822170268558104 ], [ 8.21593778018377, 46.822368558352707 ], [ 8.21388757277499, 46.822493330010651 ], [ 8.211830656627154, 46.822544241033384 ], [ 8.185063361061545, 46.822722083374416 ], [ 8.184316787350831, 46.825213889904951 ], [ 8.183750941098952, 46.826572283069979 ], [ 8.183082261252109, 46.827908484320247 ], [ 8.182312573925071, 46.829218829445665 ], [ 8.18144398266783, 46.830499724877363 ], [ 8.18047886276695, 46.831747657559525 ], [ 8.179419854795125, 46.832959204602602 ], [ 8.17826985742574, 46.834131042691588 ], [ 8.17703201953174, 46.835259957222533 ], [ 8.175709731589894, 46.836342851143257 ], [ 8.174306616413611, 46.837376753472448 ], [ 8.17282651923952, 46.838358827474039 ], [ 8.171273497194628, 46.839286378464152 ], [ 8.169651808173082, 46.840156861228714 ], [ 8.167965899152788, 46.840967887031049 ], [ 8.166220393984315, 46.841717230189907 ], [ 8.16442008068557, 46.842402834209899 ], [ 8.162569898277566, 46.843022817446503 ], [ 8.160674923197732, 46.843575478290447 ], [ 8.15874035532857, 46.84405929985671 ], [ 8.156771503680572, 46.844472954165063 ], [ 8.154773771769383, 46.844815305800367 ], [ 8.152752642727993, 46.845085415042206 ], [ 8.150713664195703, 46.845282540455749 ], [ 8.14866243302612, 46.845406140935822 ], [ 8.146604579857113, 46.845455877198638 ], [ 8.113829754534407, 46.845653969208335 ], [ 8.111770935679111, 46.845629114233361 ], [ 8.109716840385223, 46.845530326471938 ], [ 8.107673107187948, 46.845357877097605 ], [ 8.105645346050679, 46.84511223948239 ], [ 8.103639122898151, 46.84479408789128 ], [ 8.101659944273147, 46.844404295623633 ], [ 8.099713242159783, 46.843943932605391 ], [ 8.09780435901591, 46.843414262439723 ], [ 8.095938533056509, 46.842816738924135 ], [ 8.094120883829218, 46.842153002043595 ], [ 8.092356398122272, 46.841424873451182 ], [ 8.090649916244145, 46.840634351448685 ], [ 8.089006118713041, 46.839783605481642 ], [ 8.087429513393209, 46.838874970163417 ], [ 8.085924423113768, 46.837910938845923 ], [ 8.084494973804137, 46.836894156754077 ], [ 8.0831450831789, 46.835827413704102 ], [ 8.081878450003082, 46.834713636424937 ], [ 8.080698543967275, 46.833555880505088 ], [ 8.07960859620022, 46.83235732198667 ], [ 8.078611590444522, 46.831121248630389 ], [ 8.077710254919467, 46.829851050875618 ], [ 8.07690705489261, 46.828550212520504 ] ] ], [ [ [ 6.249037061729503, 46.509245021270686 ], [ 6.248383363580333, 46.507906186201623 ], [ 6.247832074604027, 46.506545561571031 ], [ 6.247384698682896, 46.505166878255082 ], [ 6.247042454466236, 46.50377391636156 ], [ 6.242974194484233, 46.50308762306387 ], [ 6.241021457103247, 46.502665702859034 ], [ 6.239103408050696, 46.502173758564808 ], [ 6.237225310912209, 46.501613140450289 ], [ 6.235392319161027, 46.50098538723315 ], [ 6.233609461969699, 46.500292221839032 ], [ 6.23188163036993, 46.49953554665391 ], [ 6.230213563798997, 46.498717438282746 ], [ 6.228609837070174, 46.497840141828952 ], [ 6.227074847803304, 46.496906064711069 ], [ 6.225612804350313, 46.495917770032989 ], [ 6.224227714248936, 46.494877969527714 ], [ 6.222923373236507, 46.49378951609264 ], [ 6.221703354853851, 46.492655395938762 ], [ 6.220571000667793, 46.491478720374452 ], [ 6.219529411138784, 46.490262717247184 ], [ 6.218581437158429, 46.489010722067277 ], [ 6.217729672279762, 46.487726168837654 ], [ 6.216976445660936, 46.486412580615401 ], [ 6.216323815741315, 46.485073559831655 ], [ 6.215773564666366, 46.483712778395748 ], [ 6.215327193476127, 46.482333967611481 ], [ 6.214985918069528, 46.48094090793392 ], [ 6.214750665954737, 46.47953741859358 ], [ 6.214622073793615, 46.478127347118061 ], [ 6.214600485745975, 46.476714558778802 ], [ 6.215108861448694, 46.454228252815341 ], [ 6.215194279711603, 46.45281661871163 ], [ 6.215386466027508, 46.451410008651251 ], [ 6.215684885415539, 46.450012277516059 ], [ 6.216088711926628, 46.448627255558165 ], [ 6.216596830994993, 46.447258737910609 ], [ 6.217207842577409, 46.445910474197362 ], [ 6.217920065070782, 46.444586158271065 ], [ 6.218731539996379, 46.443289418106751 ], [ 6.219640037437038, 46.442023805878023 ], [ 6.220643062211797, 46.440792788244174 ], [ 6.221737860770171, 46.439599736873163 ], [ 6.222921428786758, 46.438447919227542 ], [ 6.224190519434717, 46.43734048963664 ], [ 6.225541652315061, 46.43628048068107 ], [ 6.226971123017005, 46.435270794911006 ], [ 6.228475013282829, 46.434314196922053 ], [ 6.230049201749432, 46.433413305809104 ], [ 6.231689375236953, 46.432570588019104 ], [ 6.23339104055376, 46.431788350621751 ], [ 6.235149536785484, 46.431068735016147 ], [ 6.236960048034843, 46.430413711090537 ], [ 6.238817616577651, 46.429825071850495 ], [ 6.240717156399437, 46.429304428530543 ], [ 6.242653467076177, 46.428853206201751 ], [ 6.244621247961723, 46.42847263988719 ], [ 6.246615112643751, 46.428163771196118 ], [ 6.24862960362946, 46.427927445485288 ], [ 6.250659207221537, 46.427764309555307 ], [ 6.252698368544607, 46.427674809888281 ], [ 6.254741506681842, 46.42765919143131 ], [ 6.287261456928508, 46.427994378103811 ], [ 6.289303027435463, 46.428052098094462 ], [ 6.291337439833192, 46.428183584520397 ], [ 6.293359126144234, 46.428388477520159 ], [ 6.295362553066136, 46.42866621632308 ], [ 6.297342237050305, 46.429016040777384 ], [ 6.299292759247764, 46.429436993421433 ], [ 6.301208780281641, 46.429927922092951 ], [ 6.303085054806902, 46.430487483069207 ], [ 6.304916445818098, 46.4311141447292 ], [ 6.306697938666812, 46.431806191729137 ], [ 6.308424654750961, 46.432561729678795 ], [ 6.310091864839098, 46.433378690306995 ], [ 6.311695001993687, 46.43425483710201 ], [ 6.313229674058399, 46.435187771411961 ], [ 6.314691675675443, 46.436174938988685 ], [ 6.31607699980038, 46.437213636957416 ], [ 6.317381848682809, 46.438301021193503 ], [ 6.318602644283048, 46.439434114086602 ], [ 6.319736038095972, 46.440609812670985 ], [ 6.3207789203551, 46.441824897100489 ], [ 6.321728428591303, 46.443076039444371 ], [ 6.322581955522301, 46.444359812781464 ], [ 6.323337156250922, 46.445672700567151 ], [ 6.323991954751715, 46.447011106247757 ], [ 6.324544549627624, 46.448371363096953 ], [ 6.325268963957264, 46.450865633214477 ], [ 6.351851319934226, 46.451123667980887 ], [ 6.353893829670516, 46.451180224924506 ], [ 6.355929266131006, 46.451310552296626 ], [ 6.357952058540931, 46.451514293408067 ], [ 6.359956670576886, 46.451790890641071 ], [ 6.361937615453847, 46.452139586968535 ], [ 6.363889470879659, 46.452559428016848 ], [ 6.365806893836841, 46.453049264666944 ], [ 6.367684635152124, 46.453607756185619 ], [ 6.369517553814553, 46.454233373880221 ], [ 6.37130063100374, 46.454924405265714 ], [ 6.373028983790439, 46.455678958733237 ], [ 6.374697878472537, 46.456494968708199 ], [ 6.376302743510426, 46.457370201283162 ], [ 6.377839182026727, 46.458302260311186 ], [ 6.37930298383641, 46.459288593942667 ], [ 6.380690136974676, 46.460326501588803 ], [ 6.381996838690989, 46.461413141291615 ], [ 6.383219505879294, 46.462545537482605 ], [ 6.384354784915637, 46.463720589107176 ], [ 6.385399560876143, 46.464935078094285 ], [ 6.386350966109764, 46.466185678147717 ], [ 6.387206388141862, 46.467468963835543 ], [ 6.38796347688666, 46.468781419952848 ], [ 6.388620151147969, 46.470119451132717 ], [ 6.389174604390027, 46.471479391679111 ], [ 6.389625309761633, 46.472857515595123 ], [ 6.389971024359204, 46.474250046778906 ], [ 6.390210792716133, 46.475653169360527 ], [ 6.390343949507987, 46.477063038149979 ], [ 6.3903701214652, 46.478475789169629 ], [ 6.389934308395237, 46.500962801049639 ], [ 6.389710146413428, 46.503447334690499 ], [ 6.391364765935778, 46.502492466458285 ], [ 6.393004517215344, 46.501647419084748 ], [ 6.394706018778082, 46.500862764312465 ], [ 6.396464610135231, 46.500140650161505 ], [ 6.398275475109111, 46.499483053362347 ], [ 6.400133654990119, 46.498891773965582 ], [ 6.402034062076229, 46.498368430434226 ], [ 6.403971493558462, 46.497914455231587 ], [ 6.405940645714956, 46.497531090916638 ], [ 6.407936128375376, 46.497219386757422 ], [ 6.409952479616893, 46.496980195871856 ], [ 6.411984180652273, 46.496814172902482 ], [ 6.414025670870147, 46.496721772233194 ], [ 6.416071362987217, 46.496703246750869 ], [ 6.513759352660073, 46.497541951920034 ], [ 6.515803777731155, 46.497595593295941 ], [ 6.517841343978772, 46.497723014884293 ], [ 6.519866474811018, 46.497923867948984 ], [ 6.521873627518636, 46.498197602776933 ], [ 6.523857308379271, 46.49854347017601 ], [ 6.52581208763071, 46.498960523516409 ], [ 6.5277326142728, 46.499447621310352 ], [ 6.52961363065857, 46.500003430323055 ], [ 6.531449986835168, 46.500626429206633 ], [ 6.533236654596249, 46.501314912647025 ], [ 6.534968741207888, 46.502066996013347 ], [ 6.536641502771038, 46.50288062049664 ], [ 6.538250357184436, 46.503753558724341 ], [ 6.539790896672883, 46.504683420835761 ], [ 6.541258899846832, 46.505667661001837 ], [ 6.542650343260576, 46.506703584371635 ], [ 6.543961412437366, 46.507788354427419 ], [ 6.545188512331429, 46.508919000727658 ], [ 6.546328277197953, 46.510092427017831 ], [ 6.547377579843979, 46.511305419686622 ], [ 6.548333540234478, 46.51255465654507 ], [ 6.549193533429641, 46.513836715904638 ], [ 6.549955196831257, 46.51514808592966 ], [ 6.550616436717568, 46.516485174238781 ], [ 6.551175434048266, 46.517844317730088 ], [ 6.55163064952283, 46.519221792601336 ], [ 6.551980827877617, 46.520613824540646 ], [ 6.556054290183114, 46.521289040476667 ], [ 6.558010138865344, 46.521705538977614 ], [ 6.559931762220223, 46.522192091555695 ], [ 6.561813899604549, 46.522747366468877 ], [ 6.563651398002689, 46.52336984383161 ], [ 6.565439226087249, 46.524057819758085 ], [ 6.56717248795345, 46.524809411007332 ], [ 6.568846436490148, 46.525622560118357 ], [ 6.570456486351476, 46.526495041020958 ], [ 6.571998226493888, 46.527424465107515 ], [ 6.573467432244636, 46.528408287749343 ], [ 6.574860076868868, 46.529443815240072 ], [ 6.576172342603683, 46.53052821214731 ], [ 6.577400631129089, 46.531658509052875 ], [ 6.578541573446888, 46.532831610660679 ], [ 6.579592039140463, 46.534044304250422 ], [ 6.580549144989629, 46.535293268454048 ], [ 6.581410262916623, 46.536575082331886 ], [ 6.582173027241089, 46.537886234722542 ], [ 6.582835341223339, 46.539223133843308 ], [ 6.583395382877649, 46.540582117112343 ], [ 6.584132962435072, 46.543074710969961 ], [ 6.610761693246043, 46.543272074901772 ], [ 6.612807940877289, 46.543323969293205 ], [ 6.614847456134264, 46.543449649509981 ], [ 6.616874657100611, 46.543648771582234 ], [ 6.618883995412384, 46.543920790534671 ], [ 6.62086997137759, 46.544264961871875 ], [ 6.622827148965543, 46.544680343606778 ], [ 6.624750170625753, 46.545165798827739 ], [ 6.627020330451764, 46.545850625132402 ], [ 6.629310575092535, 46.545198410502401 ], [ 6.631247767808332, 46.544740559867066 ], [ 6.633217005029849, 46.544353256123415 ], [ 6.635212896340749, 46.544037559322923 ], [ 6.637229978690453, 46.543794333511904 ], [ 6.63926273128538, 46.543624244376666 ], [ 6.641305590634779, 46.543527757430006 ], [ 6.643352965710764, 46.543505136742503 ], [ 6.669982112224308, 46.543688622541389 ], [ 6.670794408919098, 46.541207112167918 ], [ 6.671395152087009, 46.539856429865274 ], [ 6.67209748165939, 46.538529289517015 ], [ 6.673088477138656, 46.536962612640224 ], [ 6.672142115121876, 46.53538285657396 ], [ 6.671477642050458, 46.534046478734744 ], [ 6.67091545622776, 46.532687930115557 ], [ 6.67045709144343, 46.531310935929014 ], [ 6.670103796497585, 46.529919271681074 ], [ 6.669856531860712, 46.528516752809139 ], [ 6.669715967127568, 46.52710722421314 ], [ 6.669682479271104, 46.525694549709549 ], [ 6.670002293800833, 46.503206635463719 ], [ 6.670075927340063, 46.501794685613021 ], [ 6.670256466480017, 46.500387331557491 ], [ 6.670543408130985, 46.498988430250783 ], [ 6.670935957761187, 46.497601815183963 ], [ 6.671433031662621, 46.496231285887035 ], [ 6.672033260006313, 46.494880597526617 ], [ 6.672734990677732, 46.493553450628191 ], [ 6.673536293880941, 46.492253480950993 ], [ 6.674434967497995, 46.490984249542898 ], [ 6.675428543188285, 46.489749233002755 ], [ 6.676514293210155, 46.488551813976194 ], [ 6.677689237945793, 46.487395271910763 ], [ 6.678950154107993, 46.486282774095713 ], [ 6.68029358360598, 46.48521736701035 ], [ 6.681715843045698, 46.484201968004562 ], [ 6.683213033838108, 46.48323935733373 ], [ 6.684781052887918, 46.482332170569954 ], [ 6.686415603833153, 46.481482891409506 ], [ 6.688112208805058, 46.480693844896301 ], [ 6.689866220676102, 46.479967191079623 ], [ 6.691672835762908, 46.479304919122576 ], [ 6.693527106949644, 46.478708841877868 ], [ 6.695423957196332, 46.478180590945136 ], [ 6.697358193395667, 46.477721612222879 ], [ 6.699324520541007, 46.477333161967437 ], [ 6.703414046821947, 46.476716321545403 ], [ 6.703805593589401, 46.475329591909443 ], [ 6.704301631449071, 46.473958917807835 ], [ 6.704900793414416, 46.472608054806351 ], [ 6.705601430295489, 46.471280703911219 ], [ 6.706401615295052, 46.469980501442649 ], [ 6.707299149359753, 46.468711009088338 ], [ 6.708291567271065, 46.467475704164009 ], [ 6.709376144458378, 46.466277970107065 ], [ 6.710549904515203, 46.465121087229647 ], [ 6.71180962739718, 46.464008223756103 ], [ 6.713151858279064, 46.462942427168649 ], [ 6.714572917046112, 46.461926615885211 ], [ 6.716068908393466, 46.460963571291309 ], [ 6.717635732505949, 46.460055930148378 ], [ 6.719269096288724, 46.459206177397789 ], [ 6.720964525118345, 46.458416639380985 ], [ 6.722717375081941, 46.457689477493517 ], [ 6.724522845671454, 46.457026682290078 ], [ 6.726375992898411, 46.456430068056306 ], [ 6.728271742793781, 46.455901267862188 ], [ 6.730204905256466, 46.455441729110078 ], [ 6.73217018821318, 46.455052709589388 ], [ 6.734162212051478, 46.454735274048438 ], [ 6.736175524287353, 46.454490291292899 ], [ 6.738204614427855, 46.454318431818024 ], [ 6.74024392898906, 46.454220165981972 ], [ 6.742287886629035, 46.454195762723991 ], [ 6.839903166906205, 46.454753805390382 ], [ 6.841946282129669, 46.454801573434374 ], [ 6.843982987849873, 46.454923140863777 ], [ 6.846007709833063, 46.455118174964852 ], [ 6.848014906497471, 46.455386141950974 ], [ 6.84999908401443, 46.455726308417177 ], [ 6.851954811281724, 46.456137743338488 ], [ 6.853876734728968, 46.456619320607054 ], [ 6.855759592915454, 46.45716972210122 ], [ 6.857598230881111, 46.457787441278093 ], [ 6.859387614212174, 46.458470787280383 ], [ 6.861122842783587, 46.459217889545869 ], [ 6.862799164141163, 46.460026702907982 ], [ 6.865861694094724, 46.461763419620581 ], [ 6.865955336959971, 46.457974050856528 ], [ 6.866130641967125, 46.456566387923985 ], [ 6.866412293912853, 46.455166994189113 ], [ 6.866799512765406, 46.453779704506367 ], [ 6.867291229424795, 46.452408320268297 ], [ 6.867886088738071, 46.451056598997489 ], [ 6.868582453294573, 46.449728244062577 ], [ 6.869378407989923, 46.448426894544973 ], [ 6.870271765345343, 46.447156115284621 ], [ 6.87126007156709, 46.445919387131873 ], [ 6.872340613328485, 46.444720097431514 ], [ 6.873510425255589, 46.443561530764818 ], [ 6.874766298095287, 46.442446859975405 ], [ 6.876104787543016, 46.441379137502082 ], [ 6.877522223705659, 46.440361287043238 ], [ 6.879014721173307, 46.439396095574118 ], [ 6.88057818967228, 46.438486205739736 ], [ 6.882208345270027, 46.437634108642918 ], [ 6.883900722101452, 46.436842137047648 ], [ 6.885650684584471, 46.436112459015305 ], [ 6.887453440091789, 46.43544707199154 ], [ 6.889304052044448, 46.43484779735941 ], [ 6.89119745339172, 46.434316275473265 ], [ 6.893128460440981, 46.433853961186863 ], [ 6.895091787000326, 46.433462119887857 ], [ 6.89708205879578, 46.433141824048732 ], [ 6.899093828124498, 46.432893950304425 ], [ 6.901121588704549, 46.432719177063014 ], [ 6.903159790681507, 46.432617982657533 ], [ 6.905202855751635, 46.432590644042456 ], [ 6.937728588788907, 46.432739263646283 ], [ 6.939770958728193, 46.43278526980933 ], [ 6.941807054883562, 46.432905080872771 ], [ 6.943831304688969, 46.433098368929834 ], [ 6.945838167856072, 46.43336460497283 ], [ 6.94782215147179, 46.433703060334508 ], [ 6.949777824969132, 46.434112808673547 ], [ 6.951699834931085, 46.434592728498899 ], [ 6.953582919687953, 46.435141506226337 ], [ 6.955421923668864, 46.435757639758528 ], [ 6.957211811469008, 46.436439442579839 ], [ 6.958947681594625, 46.437185048354003 ], [ 6.960624779848742, 46.437992416012932 ], [ 6.96223851232154, 46.43885933532296 ], [ 6.96378445795014, 46.43978343291311 ], [ 6.965258380613684, 46.44076217875017 ], [ 6.966656240730987, 46.441792893041573 ], [ 6.967974206328896, 46.442872753549366 ], [ 6.969208663551254, 46.443998803294029 ], [ 6.970356226579432, 46.445167958628211 ], [ 6.971413746937262, 46.446377017658655 ], [ 6.972378322154428, 46.447622668992643 ], [ 6.97324730376428, 46.448901500786498 ], [ 6.974018304613767, 46.450210010070926 ], [ 6.974689205464694, 46.45154461232805 ], [ 6.975258160867812, 46.452901651294127 ], [ 6.975723604292763, 46.454277408961808 ], [ 6.9760842524991, 46.455668115753632 ], [ 6.98015805587652, 46.456328113294148 ], [ 6.982114790326741, 46.456737303673677 ], [ 6.984037889067172, 46.457216675082691 ], [ 6.985922087453588, 46.457764915438325 ], [ 6.987762226872494, 46.458380524114752 ], [ 6.989553268816618, 46.459061816033426 ], [ 6.991290308638268, 46.459806926257357 ], [ 6.992968588943657, 46.46061381507576 ], [ 6.99458351259188, 46.461480273566771 ], [ 6.996130655263485, 46.462403929622127 ], [ 6.997605777564398, 46.463382254418512 ], [ 6.999004836632438, 46.464412569317453 ], [ 7.000323997214601, 46.46549205317595 ], [ 7.00155964218495, 46.466617750047419 ], [ 7.002708382474048, 46.467786577252539 ], [ 7.003767066382736, 46.468995333798283 ], [ 7.004732788254313, 46.470240709122336 ], [ 7.005602896481093, 46.471519292138915 ], [ 7.006375000822871, 46.472827580562182 ], [ 7.007046979016667, 46.47416199048147 ], [ 7.007616982659112, 46.475518866162098 ], [ 7.008083442344474, 46.476894490046305 ], [ 7.008445072043611, 46.47828509292556 ], [ 7.012520970491379, 46.478943927784094 ], [ 7.014478766319876, 46.479352559610945 ], [ 7.016402954333478, 46.47983138199573 ], [ 7.018288266912071, 46.480379084358752 ], [ 7.020129542398022, 46.480994167547138 ], [ 7.021921739179874, 46.481674947921412 ], [ 7.023659949454139, 46.482419561945491 ], [ 7.025339412628137, 46.48322597126775 ], [ 7.026955528327672, 46.484091968279841 ], [ 7.028503868974335, 46.485015182137928 ], [ 7.02998019189829, 46.485993085230547 ], [ 7.031380450953686, 46.487023000075105 ], [ 7.032700807604851, 46.488102106625455 ], [ 7.033937641453109, 46.489227449969619 ], [ 7.035087560175131, 46.49039594839811 ], [ 7.036147408845575, 46.49160440182002 ], [ 7.037114278618069, 46.492849500505045 ], [ 7.037985514740465, 46.494127834127056 ], [ 7.038758723881939, 46.495435901085472 ], [ 7.039431780751149, 46.496770118078338 ], [ 7.040002833986953, 46.498126829901778 ], [ 7.040470311304556, 46.499502319449135 ], [ 7.040832923882363, 46.500892817882253 ], [ 7.041089669976616, 46.502294514947522 ], [ 7.041239837753007, 46.503703569408586 ], [ 7.041283007326571, 46.505116119566758 ], [ 7.041150594636877, 46.523107076285363 ], [ 7.06721519635296, 46.523195516360552 ], [ 7.069261087240887, 46.523239189982505 ], [ 7.071300870396467, 46.523356675290977 ], [ 7.073328963179933, 46.523547650744902 ], [ 7.07533981480386, 46.523811593666252 ], [ 7.077327921459137, 46.524147781664539 ], [ 7.079287841315246, 46.52455529460498 ], [ 7.081214209354629, 46.525033017116208 ], [ 7.083101752001397, 46.525579641629648 ], [ 7.084945301505057, 46.526193671943595 ], [ 7.086739810040677, 46.526873427301858 ], [ 7.08848036348752, 46.527617046975344 ], [ 7.090162194848974, 46.528422495336109 ], [ 7.091780697277574, 46.529287567408353 ], [ 7.093331436669875, 46.530209894882532 ], [ 7.09481016379692, 46.531186952576192 ], [ 7.096212825937462, 46.532216065324057 ], [ 7.097535577982021, 46.533294415278988 ], [ 7.098774792977589, 46.534419049603784 ], [ 7.099927072083812, 46.535586888533899 ], [ 7.100989253913392, 46.536794733787993 ], [ 7.101958423230697, 46.538039277305195 ], [ 7.102831918984465, 46.539317110283889 ], [ 7.103607341652118, 46.540624732498848 ], [ 7.104282559874894, 46.5419585618707 ], [ 7.104855716365168, 46.543314944261894 ], [ 7.105325233068895, 46.544690163472829 ], [ 7.105689815568305, 46.54608045141071 ], [ 7.105948456711968, 46.547481998403377 ], [ 7.106100439461287, 46.548890963630363 ], [ 7.106145338944799, 46.550303485642416 ], [ 7.106006650256913, 46.572792222319798 ], [ 7.105944305497677, 46.574204427723217 ], [ 7.105774863929089, 46.57561244733607 ], [ 7.10549878169425, 46.577012421397896 ], [ 7.10511680742017, 46.57840051190562 ], [ 7.104629980254593, 46.579772913141532 ], [ 7.104039627103481, 46.581125862116089 ], [ 7.103347359075839, 46.582455648896662 ], [ 7.102555067144642, 46.583758626793582 ], [ 7.101664917035053, 46.585031222375726 ], [ 7.100679343352938, 46.586269945287242 ], [ 7.099601042969351, 46.587471397839565 ], [ 7.098432967678193, 46.58863228435051 ], [ 7.097178316146834, 46.589749420206225 ], [ 7.095840525181224, 46.590819740619281 ], [ 7.094423260329027, 46.591840309059933 ], [ 7.092930405846429, 46.59280832533603 ], [ 7.091366054055757, 46.593721133300015 ], [ 7.089734494123241, 46.59457622816074 ], [ 7.088040200287555, 46.59537126337996 ], [ 7.086287819571702, 46.596104057134887 ], [ 7.084482159012127, 46.596772598327554 ], [ 7.082628172440423, 46.597375052125557 ], [ 7.080730946854358, 46.597909765017171 ], [ 7.078795688416126, 46.598375269368162 ], [ 7.076827708116816, 46.598770287466792 ], [ 7.072733254557478, 46.599400572977963 ], [ 7.07235028044739, 46.600788551265751 ], [ 7.071862419476871, 46.602160810075951 ], [ 7.071271001382565, 46.603513586807253 ], [ 7.070577640190506, 46.604843171997103 ], [ 7.069596937459417, 46.606413289103706 ], [ 7.070556151484019, 46.60798970705703 ], [ 7.07123139563406, 46.609323727227078 ], [ 7.071804437015066, 46.610680270593626 ], [ 7.072273697867111, 46.612055620514028 ], [ 7.072637884451862, 46.613446008535149 ], [ 7.072895990681041, 46.614847624708382 ], [ 7.073047300960257, 46.616256628021347 ], [ 7.073091392239549, 46.617669156918012 ], [ 7.072922623854369, 46.642535058160114 ], [ 7.076025428777407, 46.640823866560986 ], [ 7.07772132557613, 46.640029012982268 ], [ 7.079475247919723, 46.639296353575958 ], [ 7.081282392319967, 46.638627893951998 ], [ 7.083137810168864, 46.638025463906416 ], [ 7.085036421251522, 46.637490712432459 ], [ 7.086973027611994, 46.637025103225149 ], [ 7.088942327734831, 46.636629910691397 ], [ 7.093039414600781, 46.635999043381631 ], [ 7.093422106645461, 46.634610999109576 ], [ 7.093909712903181, 46.63323865118749 ], [ 7.09450088941532, 46.631885759793526 ], [ 7.095194008792206, 46.630556031516647 ], [ 7.095987164750415, 46.629253109214417 ], [ 7.096878177408737, 46.627980562048535 ], [ 7.097864599327584, 46.626741875724427 ], [ 7.098943722274404, 46.625540442961807 ], [ 7.100112584696157, 46.624379554222415 ], [ 7.101367979877677, 46.623262388719219 ], [ 7.102706464763135, 46.622192005731939 ], [ 7.104124369416195, 46.621171336252445 ], [ 7.105617807092477, 46.62020317498245 ], [ 7.107182684896801, 46.619290172704837 ], [ 7.108814714995757, 46.618434829049619 ], [ 7.110509426355129, 46.617639485673827 ], [ 7.112262176969962, 46.616906319873671 ], [ 7.114068166554223, 46.616237338645959 ], [ 7.11592244965549, 46.61563437321518 ], [ 7.117819949159298, 46.615099074040643 ], [ 7.119755470146586, 46.614632906316807 ], [ 7.121723714067025, 46.614237145979779 ], [ 7.123719293189947, 46.613912876229449 ], [ 7.125736745294202, 46.613660984577628 ], [ 7.127770548557399, 46.61348216042952 ], [ 7.129815136604726, 46.613376893205185 ], [ 7.131864913676944, 46.6133454710059 ], [ 7.16449993133298, 46.613429055877461 ], [ 7.166549316183669, 46.613470976857506 ], [ 7.168592715969274, 46.613586714242444 ], [ 7.17062453816808, 46.61377595127508 ], [ 7.172639221803059, 46.61403817003572 ], [ 7.174631252595415, 46.614372652853277 ], [ 7.176595177993204, 46.614778484260682 ], [ 7.178525622034694, 46.615254553489883 ], [ 7.180417300006718, 46.615799557498704 ], [ 7.182265032858509, 46.616412004522637 ], [ 7.184063761332509, 46.61709021814098 ], [ 7.185808559773933, 46.617832341847247 ], [ 7.187494649581983, 46.618636344111117 ], [ 7.189117412266319, 46.619500023918341 ], [ 7.190672402073533, 46.620421016774216 ], [ 7.192155358149249, 46.621396801153928 ], [ 7.193562216202942, 46.622424705382372 ], [ 7.19488911964347, 46.623501914925846 ], [ 7.196132430155029, 46.624625480074755 ], [ 7.197288737684308, 46.625792323997267 ], [ 7.198354869811488, 46.626999251142507 ], [ 7.199327900479003, 46.628242955969675 ], [ 7.200205158053818, 46.629520031980412 ], [ 7.200984232700753, 46.630826981029188 ], [ 7.201662983045874, 46.632160222887073 ], [ 7.202239542111345, 46.63351610503274 ], [ 7.203006930068662, 46.636004588231536 ], [ 7.262331730430041, 46.636112431255043 ], [ 7.264382050385803, 46.63615258990005 ], [ 7.266426516428671, 46.63626656989539 ], [ 7.268459533124768, 46.636454059293897 ], [ 7.270475536235372, 46.636714544959034 ], [ 7.272469007879286, 46.637047313963443 ], [ 7.274434491571166, 46.637451455531213 ], [ 7.27636660709551, 46.637925863520088 ], [ 7.278260065176447, 46.638469239435871 ], [ 7.280109681903898, 46.639080095971543 ], [ 7.281910392877484, 46.639756761061513 ], [ 7.28365726702996, 46.640497382439861 ], [ 7.285345520093003, 46.641299932691005 ], [ 7.286970527669034, 46.642162214778224 ], [ 7.288527837873589, 46.643081868036155 ], [ 7.290013183514012, 46.644056374610734 ], [ 7.291422493771393, 46.645083066329157 ], [ 7.292751905353776, 46.646159131981577 ], [ 7.293997773090243, 46.647281624994989 ], [ 7.295156679936656, 46.64844747147832 ], [ 7.296225446365601, 46.649653478617338 ], [ 7.297201139114469, 46.650896343396298 ], [ 7.298081079267283, 46.652172661623389 ], [ 7.298862849647866, 46.65347893723478 ], [ 7.299544301503191, 46.654811591852535 ], [ 7.300123560458392, 46.656166974570731 ], [ 7.30059903172599, 46.657541371942045 ], [ 7.300969404554582, 46.658931018139349 ], [ 7.305062484207777, 46.659579335215028 ], [ 7.307029032161502, 46.659982913167653 ], [ 7.308962240448611, 46.660456766943391 ], [ 7.311245841793268, 46.661127892265618 ], [ 7.313532622118946, 46.660461917604621 ], [ 7.315468073371972, 46.659992423673906 ], [ 7.31743653010224, 46.65959328033513 ], [ 7.319432603985088, 46.659265580048633 ], [ 7.321450831437112, 46.659010219716087 ], [ 7.323485688509191, 46.658827898236673 ], [ 7.325531605941165, 46.658719114602349 ], [ 7.327582984337695, 46.658684166538642 ], [ 7.360245596041321, 46.658711607135146 ], [ 7.36229684557363, 46.658750001908963 ], [ 7.364342372585116, 46.658862222857749 ], [ 7.366376578744145, 46.659047962848639 ], [ 7.368393896564058, 46.65930671353334 ], [ 7.370388804574254, 46.659637766733169 ], [ 7.372355842368257, 46.660040216368905 ], [ 7.374289625488231, 46.66051296092985 ], [ 7.376184860106239, 46.661054706475547 ], [ 7.378036357462678, 46.66166397016292 ], [ 7.379839048023237, 46.662339084287723 ], [ 7.381587995316186, 46.663078200831507 ], [ 7.383278409412774, 46.663879296500134 ], [ 7.384905660014271, 46.66474017824136 ], [ 7.386465289110323, 46.665658489226452 ], [ 7.387953023174163, 46.666631715279294 ], [ 7.38936478486169, 46.667657191736758 ], [ 7.390696704182308, 46.668732110720541 ], [ 7.391945129111171, 46.669853528801838 ], [ 7.39310663561348, 46.671018375037825 ], [ 7.394178037053385, 46.672223459358605 ], [ 7.395156392961376, 46.673465481281255 ], [ 7.396039017135679, 46.674741038928111 ], [ 7.396823485055253, 46.676046638324763 ], [ 7.397507640583143, 46.677378702951934 ], [ 7.398089601941603, 46.678733583526359 ], [ 7.398567766941563, 46.680107567983299 ], [ 7.3989408174515, 46.681496891633842 ], [ 7.399207723092602, 46.682897747469156 ], [ 7.399367744149111, 46.684306296584168 ], [ 7.399420433685052, 46.685718678691487 ], [ 7.39940368803974, 46.708207379588657 ], [ 7.399348869920203, 46.709619720466726 ], [ 7.39918666444491, 46.711028151930378 ], [ 7.3989175078716, 46.712428813111359 ], [ 7.398542129787307, 46.713817864143721 ], [ 7.398061551197972, 46.715191496696725 ], [ 7.397477081816368, 46.716545944424631 ], [ 7.396790316554736, 46.71787749330425 ], [ 7.395817065385224, 46.71945039354101 ], [ 7.396787819500391, 46.721024031506062 ], [ 7.397472544847046, 46.722356090437088 ], [ 7.398054990786307, 46.723710965154353 ], [ 7.398533553789118, 46.725084943609353 ], [ 7.398906914620541, 46.72647426112961 ], [ 7.399174042038073, 46.727875110723353 ], [ 7.399334195704522, 46.729283653502598 ], [ 7.399386928306555, 46.730696029197333 ], [ 7.399373224324674, 46.749070300003197 ], [ 7.402991034245892, 46.749607657377403 ], [ 7.404961599319376, 46.750009540165713 ], [ 7.40689889676965, 46.750481726698908 ], [ 7.408797623162451, 46.751022924564751 ], [ 7.410652580192253, 46.751631652419761 ], [ 7.412458688865109, 46.752306244027402 ], [ 7.414211003361645, 46.753044852800606 ], [ 7.415904724542795, 46.753845456836238 ], [ 7.417535213061936, 46.75470586442929 ], [ 7.419098002047813, 46.755623720050494 ], [ 7.420588809323921, 46.756596510772113 ], [ 7.422003549131148, 46.757621573124538 ], [ 7.423338343321593, 46.758696100365064 ], [ 7.424589531993096, 46.759817150139611 ], [ 7.425753683535123, 46.760981652516008 ], [ 7.42682760405842, 46.762186418368195 ], [ 7.427808346182311, 46.76342814808762 ], [ 7.428693217155147, 46.764703440599405 ], [ 7.429479786285309, 46.766008802657652 ], [ 7.430165891661653, 46.76734065839571 ], [ 7.430749646144592, 46.768695359105109 ], [ 7.431229442610453, 46.770069193216315 ], [ 7.431603958434108, 46.771458396454911 ], [ 7.43187215919667, 46.772859162144513 ], [ 7.432033301607195, 46.774267651629614 ], [ 7.432086935629454, 46.775680004788711 ], [ 7.432083805609905, 46.798168482765014 ], [ 7.432029753128741, 46.799580824598188 ], [ 7.431868131530973, 46.800989287792909 ], [ 7.43159937544505, 46.802390011396128 ], [ 7.431224213331243, 46.803779155373043 ], [ 7.430743665574689, 46.805152911140219 ], [ 7.430159041775334, 46.806507512015969 ], [ 7.429471937241185, 46.807839243559229 ], [ 7.42868422869365, 46.809144453767502 ], [ 7.42779806919587, 46.810419563106791 ], [ 7.426815882317051, 46.811661074345174 ], [ 7.425740355548268, 46.812865582163219 ], [ 7.424574432986905, 46.814029782514055 ], [ 7.42332130730941, 46.815150481707938 ], [ 7.42198441105382, 46.816224605195352 ], [ 7.420567407235524, 46.817249206024847 ], [ 7.419074179321903, 46.818221472951706 ], [ 7.417508820592914, 46.819138738174729 ], [ 7.41587562291695, 46.819998484680546 ], [ 7.414179064972604, 46.820798353173537 ], [ 7.412423799948944, 46.821536148573273 ], [ 7.410614642758152, 46.822209846060545 ], [ 7.408756556795963, 46.822817596655469 ], [ 7.406854640286707, 46.823357732312083 ], [ 7.404914112250912, 46.823828770514879 ], [ 7.402940298134484, 46.824229418364624 ], [ 7.400938615139769, 46.824558576142117 ], [ 7.398914557299292, 46.824815340339597 ], [ 7.396873680334068, 46.824999006151714 ], [ 7.394821586338855, 46.825109069418403 ], [ 7.389300581371975, 46.825143755999079 ], [ 7.391805780513467, 46.827273518570635 ], [ 7.392970681826935, 46.828438345358236 ], [ 7.394045214524715, 46.829643409300402 ], [ 7.395026429532272, 46.830885409970897 ], [ 7.395911632784349, 46.832160945551117 ], [ 7.396698392659736, 46.833466522127772 ], [ 7.397384546704484, 46.834798563244831 ], [ 7.397968207624686, 46.836153419684017 ], [ 7.398447768531497, 46.837527379447259 ], [ 7.39882190742334, 46.838916677913659 ], [ 7.399089590892145, 46.840317508143833 ], [ 7.399250077042525, 46.841726031303075 ], [ 7.399301137603878, 46.845515667530677 ], [ 7.402405241045426, 46.843795633766327 ], [ 7.404102699287849, 46.842995942725658 ], [ 7.405858778601001, 46.842258277405811 ], [ 7.407668669551405, 46.841584657125487 ], [ 7.409527415979256, 46.840976925811617 ], [ 7.411429928532252, 46.840436746971598 ], [ 7.413370998556631, 46.839965599158781 ], [ 7.415345312308083, 46.83956477194161 ], [ 7.417347465444156, 46.839235362389161 ], [ 7.419371977759361, 46.838978272081306 ], [ 7.421413308123341, 46.838794204651798 ], [ 7.423465869582124, 46.838683663871073 ], [ 7.425524044581955, 46.838646952273464 ], [ 7.452300556143629, 46.838647109122761 ], [ 7.453081184602793, 46.836160200616654 ], [ 7.453665553494219, 46.834805487879571 ], [ 7.454352403562321, 46.833473615683801 ], [ 7.455139845609369, 46.832168232782834 ], [ 7.456025715316051, 46.83089291510035 ], [ 7.457007579239307, 46.829651155950991 ], [ 7.458082741540487, 46.828446356490197 ], [ 7.459248251424927, 46.827281816418264 ], [ 7.460500911271891, 46.826160724964353 ], [ 7.461837285432165, 46.82508615217445 ], [ 7.463253709668876, 46.82406104052729 ], [ 7.464746301215273, 46.823088196900144 ], [ 7.466310969421956, 46.822170284907308 ], [ 7.467943426964091, 46.821309817630507 ], [ 7.469639201578141, 46.820509150762241 ], [ 7.471393648295962, 46.819770476179343 ], [ 7.473201962143082, 46.819095815964637 ], [ 7.475059191266706, 46.818487016892959 ], [ 7.47696025045791, 46.81794574539564 ], [ 7.47889993503148, 46.81747348301738 ], [ 7.480872935026135, 46.81707152237805 ], [ 7.4828738496867, 46.816740963649281 ], [ 7.484897202189527, 46.81648271155661 ], [ 7.486937454571541, 46.816297472913703 ], [ 7.488989022822947, 46.816185754696598 ], [ 7.491046292103099, 46.816147862662191 ], [ 7.556562595003277, 46.816099546484764 ], [ 7.558619976240803, 46.816134404097127 ], [ 7.560671887401366, 46.816243096132069 ], [ 7.562712712710029, 46.816425325115183 ], [ 7.564736866595944, 46.816680592307897 ], [ 7.566738808912404, 46.8170081990665 ], [ 7.568713060035387, 46.817407248745695 ], [ 7.570654215800096, 46.817876649142256 ], [ 7.572947746664723, 46.818542511213593 ], [ 7.575237964235327, 46.817871296609582 ], [ 7.577176782268796, 46.817397365490393 ], [ 7.579149043970273, 46.816993707388697 ], [ 7.582770352101481, 46.816453088709103 ], [ 7.582721487042592, 46.798078995696088 ], [ 7.582771585170454, 46.796666584820571 ], [ 7.582929246168374, 46.795257909800412 ], [ 7.583194029530999, 46.793856831275427 ], [ 7.583565201319968, 46.792467188767993 ], [ 7.584041736265234, 46.791092790167717 ], [ 7.584622320661856, 46.78973740130494 ], [ 7.585305356053473, 46.788404735643503 ], [ 7.586088963691413, 46.787098444119493 ], [ 7.586970989756298, 46.785822105153976 ], [ 7.587949011327233, 46.784579214867172 ], [ 7.589020343081267, 46.783373177520389 ], [ 7.59018204470431, 46.782207296211553 ], [ 7.591430928992565, 46.781084763849691 ], [ 7.592763570621784, 46.780008654433132 ], [ 7.594176315560061, 46.778981914654011 ], [ 7.595665291097928, 46.778007355853163 ], [ 7.597226416468308, 46.777087646345741 ], [ 7.598855414026952, 46.776225304139174 ], [ 7.600547820962982, 46.775422690062847 ], [ 7.602299001507403, 46.774682001327506 ], [ 7.604104159606525, 46.774005265532679 ], [ 7.605958352025844, 46.77339433513707 ], [ 7.607856501848966, 46.77285088240815 ], [ 7.609793412335065, 46.772376394862562 ], [ 7.611763781097639, 46.771972171211942 ], [ 7.61376221456624, 46.77163931782286 ], [ 7.615783242692517, 46.771378745701867 ], [ 7.617821333860952, 46.771191168012876 ], [ 7.619870909964424, 46.771077098133823 ], [ 7.621926361604138, 46.7710368482579 ], [ 7.648111127523836, 46.770992000861973 ], [ 7.647954546412053, 46.730512712991953 ], [ 7.648002872642293, 46.729100262673683 ], [ 7.648158631515322, 46.727691486818557 ], [ 7.648421387758185, 46.726290246347702 ], [ 7.648790413005624, 46.724900381232061 ], [ 7.649264687885945, 46.723525699975902 ], [ 7.649842904901488, 46.722169969188897 ], [ 7.650523472094935, 46.720836903276208 ], [ 7.6513045174905, 46.719530154274999 ], [ 7.652183894296903, 46.718253301863953 ], [ 7.653159186857216, 46.717009843573905 ], [ 7.654227717328395, 46.715803185225994 ], [ 7.655386553071707, 46.714636631622774 ], [ 7.656632514733132, 46.71351337751819 ], [ 7.657962184991199, 46.71243649889032 ], [ 7.659371917947896, 46.711408944540963 ], [ 7.660857849136603, 46.71043352804422 ], [ 7.662415906119594, 46.709512920066317 ], [ 7.664041819645793, 46.70864964107713 ], [ 7.665731135338525, 46.707846054472647 ], [ 7.667479225881094, 46.707104360128106 ], [ 7.669281303667267, 46.70642658839752 ], [ 7.671132433882258, 46.705814594576886 ], [ 7.673027547978809, 46.705270053845567 ], [ 7.674961457511984, 46.704794456699432 ], [ 7.676928868295447, 46.704389104888001 ], [ 7.67892439484101, 46.704055107866289 ], [ 7.680942575042775, 46.703793379771483 ], [ 7.682977885066399, 46.703604636931502 ], [ 7.685024754403596, 46.7034893959135 ], [ 7.687077581051485, 46.703447972116059 ], [ 7.713229468118066, 46.703388177311325 ], [ 7.713159082840735, 46.68951165138904 ], [ 7.709542241183381, 46.688984132698188 ], [ 7.70757165085293, 46.688587512314747 ], [ 7.70563395840449, 46.688120432878584 ], [ 7.703734481510112, 46.687584176424529 ], [ 7.701878432508656, 46.686980214822832 ], [ 7.700070904053258, 46.686310205722698 ], [ 7.698316855094062, 46.685575987984265 ], [ 7.696621097235227, 46.684779576612293 ], [ 7.694988281504175, 46.683923157204504 ], [ 7.693422885569809, 46.683009079931843 ], [ 7.691929201445135, 46.682039853066343 ], [ 7.690511323708158, 46.681018136074648 ], [ 7.68917313827368, 46.679946732297168 ], [ 7.687918311746585, 46.678828581232672 ], [ 7.686750281386038, 46.677666750449887 ], [ 7.685672245707634, 46.676464427149007 ], [ 7.684687155749279, 46.675224909396213 ], [ 7.683797707024183, 46.673951597055506 ], [ 7.683006332182623, 46.672647982443287 ], [ 7.682315194402125, 46.671317640731601 ], [ 7.68172618152335, 46.66996422012604 ], [ 7.68124090094728, 46.668591431846529 ], [ 7.680860675306664, 46.667203039937554 ], [ 7.680586538922951, 46.665802850936799 ], [ 7.680419235057354, 46.664394703429927 ], [ 7.680359213962744, 46.662982457521288 ], [ 7.680058635684012, 46.595516262171458 ], [ 7.680106002055536, 46.59410378165461 ], [ 7.680260534955966, 46.592694945472267 ], [ 7.680521802513185, 46.591293614713202 ], [ 7.680889080481247, 46.589903629598403 ], [ 7.681361354314539, 46.588528798963416 ], [ 7.681937322034607, 46.587172889829674 ], [ 7.682615397880975, 46.585839617093725 ], [ 7.683393716735, 46.584532633361789 ], [ 7.68427013930372, 46.583255518958133 ], [ 7.685242258048905, 46.582011772133797 ], [ 7.686307403844089, 46.58080479950263 ], [ 7.687462653340904, 46.579637906730468 ], [ 7.688704837023902, 46.578514289502309 ], [ 7.690030547931294, 46.577437024792999 ], [ 7.691436151017459, 46.576409062463647 ], [ 7.69291779313109, 46.575433217207546 ], [ 7.694471413581745, 46.574512160866703 ], [ 7.696092755265528, 46.573648415140397 ], [ 7.697777376319637, 46.572844344704052 ], [ 7.699520662273876, 46.572102150758958 ], [ 7.701317838666138, 46.571423865028187 ], [ 7.703163984087643, 46.570811344215883 ], [ 7.705054043622576, 46.570266264945111 ], [ 7.706982842645876, 46.56979011918677 ], [ 7.708945100941998, 46.569384210192723 ], [ 7.710935447106573, 46.569049648943746 ], [ 7.712948433192383, 46.568787351121728 ], [ 7.714978549560244, 46.568598034614489 ], [ 7.717020239895052, 46.568482217559385 ], [ 7.719067916346706, 46.568440216931826 ], [ 7.751675776447494, 46.568355369620022 ], [ 7.753723850739784, 46.568386712896803 ], [ 7.755766746306888, 46.568491901654689 ], [ 7.757798872014871, 46.568670648007178 ], [ 7.759814666073659, 46.568922462747246 ], [ 7.761808611192653, 46.569246656680185 ], [ 7.76377524961725, 46.569642342501787 ], [ 7.765709198005971, 46.570108437216057 ], [ 7.76760516210841, 46.57064366508687 ], [ 7.769457951204508, 46.571246561114656 ], [ 7.771262492266459, 46.57191547503016 ], [ 7.773013843805054, 46.572648575793067 ], [ 7.774707209363227, 46.573443856584539 ], [ 7.776337950620348, 46.574299140279606 ], [ 7.777901600071791, 46.575212085385346 ], [ 7.779393873249392, 46.576180192428033 ], [ 7.780810680449651, 46.577200810773242 ], [ 7.782148137937556, 46.578271145859205 ], [ 7.783402578595576, 46.579388266825077 ], [ 7.784570561988363, 46.580549114512969 ], [ 7.785648883815656, 46.581750509822321 ], [ 7.786634584727103, 46.582989162393993 ], [ 7.787524958474489, 46.584261679600452 ], [ 7.788317559378685, 46.585564575818402 ], [ 7.789010209090146, 46.586894281957655 ], [ 7.789601002624003, 46.588247155221197 ], [ 7.790088313652329, 46.589619489069797 ], [ 7.790470799038427, 46.591007523363963 ], [ 7.794564526615809, 46.591638236080016 ], [ 7.796532219439905, 46.592033354664437 ], [ 7.798467251355362, 46.592498891441494 ], [ 7.800364325151676, 46.593033572202479 ], [ 7.802218247077052, 46.593635933445945 ], [ 7.804023941008476, 46.594304326366839 ], [ 7.805776462306476, 46.595036921351657 ], [ 7.807471011317168, 46.595831712966877 ], [ 7.809102946485229, 46.596686525427529 ], [ 7.810667797042207, 46.597599018531788 ], [ 7.812161275235855, 46.598566694044592 ], [ 7.813579288067237, 46.599586902514211 ], [ 7.8149179485035, 46.600656850502546 ], [ 7.816173586135833, 46.60177360821023 ], [ 7.81734275725313, 46.602934117475812 ], [ 7.818422254303817, 46.604135200127217 ], [ 7.819409114719537, 46.60537356666336 ], [ 7.82030062907616, 46.606645825242339 ], [ 7.821094348569417, 46.607948490951152 ], [ 7.821788091783954, 46.609277995333173 ], [ 7.822379950736809, 46.61063069614638 ], [ 7.822868296177939, 46.612002887326334 ], [ 7.82325178213249, 46.613390809126699 ], [ 7.823529349671636, 46.614790658409952 ], [ 7.823700229900577, 46.616198599059693 ], [ 7.823763946154769, 46.617610772486813 ], [ 7.823923943169756, 46.640099343244685 ], [ 7.823880298395224, 46.641511876549544 ], [ 7.823729373121432, 46.642920900496904 ], [ 7.823471572695151, 46.64432255262539 ], [ 7.823107595574482, 46.645712990383075 ], [ 7.822638431503842, 46.647088401667617 ], [ 7.822065358887676, 46.648445015285837 ], [ 7.82138994136919, 46.649779111304511 ], [ 7.820614023622458, 46.651087031263295 ], [ 7.81973972636881, 46.652365188222099 ], [ 7.818769440630023, 46.65361007661469 ], [ 7.817705821233733, 46.654818281881582 ], [ 7.816551779587857, 46.655986489855572 ], [ 7.815310475743532, 46.657111495873629 ], [ 7.81398530976771, 46.658190213590096 ], [ 7.812579912448688, 46.659219683466652 ], [ 7.811098135359892, 46.660197080915374 ], [ 7.80954404030877, 46.661119724072442 ], [ 7.806539555495387, 46.662645760038565 ], [ 7.809564826387417, 46.664152285628639 ], [ 7.81113164065244, 46.66506476760366 ], [ 7.812626993880271, 46.66603243194082 ], [ 7.814046787934078, 46.667052629219413 ], [ 7.815387130898063, 46.668122566032373 ], [ 7.816644347748786, 46.669239312611353 ], [ 7.817814990441529, 46.670399810825721 ], [ 7.818895847384061, 46.6716008825342 ], [ 7.819883952271447, 46.672839238266029 ], [ 7.820776592257422, 46.674111486209135 ], [ 7.821571315439537, 46.675414141480246 ], [ 7.82226593763681, 46.676743635651505 ], [ 7.822858548440985, 46.678096326509234 ], [ 7.823347516523836, 46.679468508016456 ], [ 7.823731494185378, 46.680856420453729 ], [ 7.824009421129569, 46.682256260709252 ], [ 7.824180527456343, 46.683664192691623 ], [ 7.824244335860753, 46.685076357835655 ], [ 7.824404731917661, 46.707564794768089 ], [ 7.824361045052291, 46.708977319546946 ], [ 7.824209943449284, 46.710386335399143 ], [ 7.823951832917882, 46.711787979885408 ], [ 7.82358741274576, 46.713178410474889 ], [ 7.823117673871939, 46.714553815084713 ], [ 7.822543896257451, 46.715910422539885 ], [ 7.821867645460006, 46.717244512923877 ], [ 7.821090768421075, 46.718552427791728 ], [ 7.820215388476189, 46.719830580216957 ], [ 7.81924389960119, 46.721075464645573 ], [ 7.818178959909655, 46.722283666528583 ], [ 7.81702348441847, 46.72345187170783 ], [ 7.81578063710096, 46.724576875527546 ], [ 7.814453822248835, 46.725655591647765 ], [ 7.813046675166207, 46.726685060534159 ], [ 7.81156305222102, 46.727662457601127 ], [ 7.81000702028084, 46.728585100985534 ], [ 7.806998788570188, 46.730111138971552 ], [ 7.81002785824595, 46.731617642408459 ], [ 7.811596641150258, 46.732530111971549 ], [ 7.813093874124058, 46.733497763775212 ], [ 7.81451545387971, 46.734517948433357 ], [ 7.815857483606179, 46.735587872573895 ], [ 7.817116283653788, 46.736704606463661 ], [ 7.818288401633287, 46.737865092007254 ], [ 7.819370621901562, 46.73906615109837 ], [ 7.820359974407667, 46.740304494301306 ], [ 7.821253742874531, 46.741576729838698 ], [ 7.822049472293642, 46.74287937286158 ], [ 7.822744975711361, 46.74420885497603 ], [ 7.823338340287909, 46.745561534001652 ], [ 7.823827932611565, 46.74693370393431 ], [ 7.824212403252724, 46.74832160508636 ], [ 7.824490690544579, 46.749721434377271 ], [ 7.824662023579115, 46.751129355745789 ], [ 7.824725924409231, 46.752541510655973 ], [ 7.824854551108257, 46.770532127035068 ], [ 7.851038805240393, 46.77044071412061 ], [ 7.853094618783652, 46.770470266799059 ], [ 7.855145370333621, 46.770573667950671 ], [ 7.857185447289001, 46.770750634581624 ], [ 7.859209266132162, 46.77100068235606 ], [ 7.861211287643536, 46.771323126915895 ], [ 7.86318603199754, 46.771717085745784 ], [ 7.865128093699484, 46.772181480577629 ], [ 7.86703215632352, 46.772715040329395 ], [ 7.868893007012035, 46.773316304569441 ], [ 7.870705550697546, 46.773983627497152 ], [ 7.872464824008866, 46.774715182429922 ], [ 7.874166008824047, 46.775508966783427 ], [ 7.875804445433501, 46.77636280753277 ], [ 7.877375645277751, 46.777274367139015 ], [ 7.878875303225179, 46.778241149925996 ], [ 7.880299309356508, 46.779260508889607 ], [ 7.881643760223773, 46.78032965292131 ], [ 7.882904969553127, 46.781445654427195 ], [ 7.884079478361915, 46.782605457320557 ], [ 7.885164064462373, 46.783805885368203 ], [ 7.886155751325477, 46.785043650866449 ], [ 7.887051816280358, 46.786315363624219 ], [ 7.887849798026441, 46.787617540228496 ], [ 7.888547503436977, 46.788946613567518 ], [ 7.889143013634984, 46.790298942585153 ], [ 7.889634689323946, 46.791670822240754 ], [ 7.890021175358106, 46.793058493646754 ], [ 7.890301404538836, 46.794458154356931 ], [ 7.89047460062589, 46.795865968776845 ], [ 7.890540280554246, 46.797278078668498 ], [ 7.890728709859607, 46.819766124470654 ], [ 7.890686672519475, 46.821178655388152 ], [ 7.890536992299054, 46.822587739859763 ], [ 7.890280071074812, 46.823989515262966 ], [ 7.889916604837001, 46.825380138712582 ], [ 7.889447581872019, 46.826755797601479 ], [ 7.888874280140761, 46.828112720061974 ], [ 7.888198263859179, 46.829447185317896 ], [ 7.887421379289452, 46.830755533900096 ], [ 7.886545749752559, 46.832034177696627 ], [ 7.885573769874948, 46.833279609809153 ], [ 7.884508099084543, 46.834488414189785 ], [ 7.883351654373062, 46.83565727503062 ], [ 7.880861573046579, 46.837795637816924 ], [ 7.886384064448415, 46.837811158531984 ], [ 7.888437446579929, 46.837913960521888 ], [ 7.890480186265496, 46.838090330405251 ], [ 7.892506692711391, 46.838339785479626 ], [ 7.894511419353853, 46.838661643009317 ], [ 7.896488878974867, 46.83905502208588 ], [ 7.898433658659101, 46.839518846028412 ], [ 7.900340434551989, 46.840051845318058 ], [ 7.90220398637919, 46.840652561057638 ], [ 7.904019211688667, 46.841319348948794 ], [ 7.905781139776823, 46.84205038377435 ], [ 7.90748494526138, 46.842843664374762 ], [ 7.909125961264214, 46.843697019105285 ], [ 7.910699692168604, 46.844608111758902 ], [ 7.912201825916157, 46.845574447939214 ], [ 7.913628245810196, 46.846593381866555 ], [ 7.914975041793187, 46.847662123597814 ], [ 7.916238521167592, 46.848777746642511 ], [ 7.917415218730531, 46.8499371959523 ], [ 7.918501906294471, 46.851137296264326 ], [ 7.919495601567548, 46.852374760774758 ], [ 7.920393576368816, 46.853646200119023 ], [ 7.921193364155516, 46.85494813163546 ], [ 7.92189276684109, 46.856276988886059 ], [ 7.9224898608848, 46.857629131409162 ], [ 7.922983002635339, 46.859000854677532 ], [ 7.923370832913211, 46.860388400234719 ], [ 7.923652280818335, 46.861787965981783 ], [ 7.923826566751606, 46.863195716587171 ], [ 7.923893204641172, 46.864607793990295 ], [ 7.9242986095338, 46.909583261589496 ], [ 7.924257384397724, 46.910995785793013 ], [ 7.924108334332985, 46.912404895177765 ], [ 7.923851859459757, 46.913806727055544 ], [ 7.923488654515613, 46.915197438388638 ], [ 7.923019707041639, 46.916573216331123 ], [ 7.92244629476317, 46.91793028869116 ], [ 7.921769982171283, 46.919264934283426 ], [ 7.920992616313519, 46.920573493146271 ], [ 7.920116321804634, 46.921852376592632 ], [ 7.919143495069947, 46.923098077068587 ], [ 7.918076797836726, 46.924307177791682 ], [ 7.91691914989041, 46.925476362142376 ], [ 7.915673721115229, 46.926602422782757 ], [ 7.914343922840418, 46.927682270477028 ], [ 7.912933398515364, 46.928712942589321 ], [ 7.911446013739072, 46.929691611235391 ], [ 7.909885845670922, 46.930615591065283 ], [ 7.908257171851873, 46.931482346655166 ], [ 7.906564458466607, 46.93228949948832 ], [ 7.904812348079059, 46.933034834504994 ], [ 7.903005646875163, 46.933716306203635 ], [ 7.901149311448084, 46.934332044275678 ], [ 7.899248435162669, 46.934880358758932 ], [ 7.897308234137059, 46.935359744694303 ], [ 7.895334032880397, 46.935768886273543 ], [ 7.891707853811769, 46.93631940123251 ], [ 7.892052129426565, 46.977180324359125 ], [ 7.892010003509012, 46.978592820274457 ], [ 7.891859918846398, 46.98000187097891 ], [ 7.891602278374428, 46.981403613942618 ], [ 7.891237780006416, 46.982794206369157 ], [ 7.890767414810924, 46.984169835736424 ], [ 7.890192464382984, 46.985526730257199 ], [ 7.8895144974152, 46.986861169231645 ], [ 7.888735365477111, 46.988169493262205 ], [ 7.887857198013648, 46.989448114303492 ], [ 7.886882396575415, 46.990693525519056 ], [ 7.885813628296062, 46.991902310917538 ], [ 7.884653818633808, 46.99307115474226 ], [ 7.883406143396511, 46.994196850587372 ], [ 7.882074020071689, 46.995276310215843 ], [ 7.880661098484779, 46.996306572054742 ], [ 7.879171250811074, 46.997284809343697 ], [ 7.877608560968408, 46.998208337914718 ], [ 7.87458713235361, 46.999736097166171 ], [ 7.877633325148739, 47.001240743950326 ], [ 7.879211143284629, 47.00215224631291 ], [ 7.880717121691372, 47.003118970909696 ], [ 7.882147133130869, 47.004138270897322 ], [ 7.883497257692705, 47.005207355330548 ], [ 7.884763793542097, 47.006323296779918 ], [ 7.885943267079759, 47.00748303932496 ], [ 7.887032442485808, 47.008683406899216 ], [ 7.888028330621265, 47.009921111966094 ], [ 7.888928197262356, 47.011192764501509 ], [ 7.889729570644738, 47.012494881258725 ], [ 7.89043024829618, 47.01382389529121 ], [ 7.891028303138655, 47.015176165706499 ], [ 7.891833087156699, 47.017659779220928 ], [ 7.912683225908109, 47.017575629344783 ], [ 7.913445095154788, 47.015085692866975 ], [ 7.914019774119872, 47.013728689340702 ], [ 7.914697470945398, 47.012394112241047 ], [ 7.915476321415475, 47.011085617761417 ], [ 7.916354184649257, 47.009806790377411 ], [ 7.917328649035773, 47.008561133044367 ], [ 7.918397038903478, 47.00735205762011 ], [ 7.9195564219058, 47.006182875539814 ], [ 7.920803617101767, 47.005056788767341 ], [ 7.922135203709131, 47.003976881048651 ], [ 7.923547530505648, 47.002946109489585 ], [ 7.925036725852387, 47.001967296481837 ], [ 7.926598708311546, 47.001043121998769 ], [ 7.928229197829507, 47.000176116281082 ], [ 7.929923727454612, 46.9993686529331 ], [ 7.931677655557605, 46.99862294244744 ], [ 7.933486178521556, 46.997941026175873 ], [ 7.935344343866833, 46.99732477076234 ], [ 7.937247063775617, 46.996775863053465 ], [ 7.939189128979358, 46.996295805499869 ], [ 7.941165222971878, 46.995885912060494 ], [ 7.943169936509717, 46.995547304621454 ], [ 7.945197782360914, 46.995280909938607 ], [ 7.947243210262513, 46.995087457111985 ], [ 7.949300622046823, 46.994967475599097 ], [ 7.951364386895773, 46.994921293772308 ], [ 8.017097321206991, 46.994608861736687 ], [ 8.019161812229086, 46.994635421754666 ], [ 8.021221448618631, 46.994735834735593 ], [ 8.023270593496727, 46.994909825863886 ], [ 8.025303638568589, 46.995156918947721 ], [ 8.027315019405009, 46.995476437716583 ], [ 8.029299230606508, 46.99586750766391 ], [ 8.031250840809468, 46.996329058430071 ], [ 8.033164507494163, 46.996859826719614 ], [ 8.035034991554758, 46.997458359744058 ], [ 8.036857171592377, 46.998123019182046 ], [ 8.038626057892603, 46.998851985645608 ], [ 8.040336806049892, 46.999643263640621 ], [ 8.043467920051226, 47.001347899067561 ], [ 8.043479311605662, 46.997558206753723 ], [ 8.043625462527849, 46.996148964647325 ], [ 8.043879200960337, 46.994746886274974 ], [ 8.04423982315188, 46.993355813932318 ], [ 8.044706332653876, 46.991979559459267 ], [ 8.045277443139245, 46.990621893803095 ], [ 8.045951582011924, 46.989286536696255 ], [ 8.04672689479629, 46.987977146477746 ], [ 8.047601250293466, 46.986697310085439 ], [ 8.048572246489764, 46.985450533246663 ], [ 8.049637217200102, 46.984240230893199 ], [ 8.050793239427794, 46.983069717827881 ], [ 8.052037141419785, 46.981942199666534 ], [ 8.053365511394819, 46.980860764081207 ], [ 8.05477470692038, 46.979828372367344 ], [ 8.056260864912144, 46.978847851358253 ], [ 8.057819912228709, 46.977921885708653 ], [ 8.059447576832182, 46.977053010567616 ], [ 8.061139399484327, 46.976243604661121 ], [ 8.062890745946184, 46.975495883803127 ], [ 8.064696819648047, 46.974811894851584 ], [ 8.066552674795457, 46.97419351012659 ], [ 8.068453229875669, 46.973642422305268 ], [ 8.07039328152816, 46.973160139807128 ], [ 8.072367518741785, 46.972747982682293 ], [ 8.074370537340332, 46.972407079013642 ], [ 8.076396854717675, 46.972138361842298 ], [ 8.078440924782784, 46.971942566625174 ], [ 8.080497153074766, 46.971820229231 ], [ 8.082559912007216, 46.971771684479975 ], [ 8.115411870466211, 46.971582554795155 ], [ 8.117475522739095, 46.971607343678656 ], [ 8.119534457686784, 46.971705989964292 ], [ 8.12158304034867, 46.971878223671652 ], [ 8.12361566396898, 46.972123573418834 ], [ 8.125626765274054, 46.972441367706828 ], [ 8.127610839633331, 46.972830736749152 ], [ 8.129562456063338, 46.973290614842107 ], [ 8.131476272034613, 46.973819743269033 ], [ 8.133347048041664, 46.974416673730879 ], [ 8.135169661897034, 46.975079772294052 ], [ 8.136939122710816, 46.975807223844541 ], [ 8.138650584518151, 46.976597037037024 ], [ 8.14029935951779, 46.97744704972493 ], [ 8.141880930885982, 46.97835493485762 ], [ 8.143390965130905, 46.979318206828069 ], [ 8.144825323954151, 46.980334228254833 ], [ 8.146180075586797, 46.981400217179313 ], [ 8.147451505569235, 46.98251325465926 ], [ 8.148636126944993, 46.983670292738132 ], [ 8.149730689840634, 46.984868162768642 ], [ 8.15073219040517, 46.986103584068097 ], [ 8.151637879084072, 46.987373172882066 ], [ 8.152445268204945, 46.988673451632138 ], [ 8.153152138853279, 46.99000085842286 ], [ 8.153756547019086, 46.991351756781761 ], [ 8.154256828996628, 46.992722445606432 ], [ 8.154651606021812, 46.994109169291178 ], [ 8.154939788133648, 46.995508128006009 ], [ 8.155120577248255, 46.996915488099816 ], [ 8.155193469436123, 46.998327392599322 ], [ 8.155433550463641, 47.016316791279351 ], [ 8.181737005209015, 47.016149518208003 ], [ 8.183802402491308, 47.016173111945861 ], [ 8.185863169839825, 47.016270565139401 ], [ 8.187913667287456, 47.016441611073581 ], [ 8.189948282847316, 47.016685781617383 ], [ 8.191961447804195, 47.017002408499344 ], [ 8.193947651890223, 47.017390625128449 ], [ 8.195901458304133, 47.017849368955616 ], [ 8.197817518533908, 47.018377384369437 ], [ 8.199690586942914, 47.018973226118128 ], [ 8.201515535080551, 47.019635263249143 ], [ 8.203287365678719, 47.020361683555358 ], [ 8.205001226296577, 47.021150498515837 ], [ 8.20665242257664, 47.021999548718483 ], [ 8.208236431076433, 47.022906509749625 ], [ 8.209748911640874, 47.023868898534509 ], [ 8.211185719281834, 47.024884080112393 ], [ 8.212542915532378, 47.025949274826942 ], [ 8.213816779244805, 47.027061565913776 ], [ 8.215003816802634, 47.028217907463549 ], [ 8.216100771718688, 47.02941513274007 ], [ 8.217104633592506, 47.030649962830253 ], [ 8.218012646402231, 47.031919015602895 ], [ 8.218822316107975, 47.0332188149521 ], [ 8.219531417544982, 47.034545800299966 ], [ 8.220138000587371, 47.035896336333209 ], [ 8.220640395564669, 47.037266722946619 ], [ 8.221037217915587, 47.038653205367424 ], [ 8.221327372065421, 47.0400519844315 ], [ 8.221510054515532, 47.041459226984976 ], [ 8.221584756135547, 47.042871076381736 ], [ 8.222510136081443, 47.106215969486456 ], [ 8.226160143218943, 47.106727159204517 ], [ 8.230107298187452, 47.107572928197634 ], [ 8.232421361750355, 47.108225490287673 ], [ 8.234715622482152, 47.107541111148905 ], [ 8.236659024401796, 47.107056026958475 ], [ 8.240643879938865, 47.106297215274246 ], [ 8.242674425978951, 47.106025564645371 ], [ 8.246783981470024, 47.105701489215853 ], [ 8.248851743566901, 47.105649951368541 ], [ 8.281785181436378, 47.105413123389077 ], [ 8.283854064928883, 47.105434914165123 ], [ 8.287972683040904, 47.105699819913987 ], [ 8.29202825724478, 47.10625707342242 ], [ 8.295976416690108, 47.107100578197617 ], [ 8.297896656928764, 47.107626910725379 ], [ 8.301603187489409, 47.10888153676779 ], [ 8.305097520321672, 47.11039369927213 ], [ 8.308341399895255, 47.112146851462668 ], [ 8.309858200653947, 47.113107900757043 ], [ 8.312660751474166, 47.115185796477583 ], [ 8.315129997306293, 47.117452235438527 ], [ 8.317238864968806, 47.119882408081146 ], [ 8.318964216505284, 47.122449709090397 ], [ 8.319676982809778, 47.123776048707086 ], [ 8.320792901042902, 47.126495948416526 ], [ 8.321486235542979, 47.129280553971441 ], [ 8.321749325582733, 47.132099364243217 ], [ 8.322046021599446, 47.150087859841115 ], [ 8.348414667279405, 47.149882357372057 ], [ 8.350485297101375, 47.149902947485295 ], [ 8.354607667544526, 47.150165460583146 ], [ 8.358667305773206, 47.150720354803205 ], [ 8.360659680556552, 47.151105671126651 ], [ 8.364542288033341, 47.15208677202591 ], [ 8.368253461457648, 47.153339233634561 ], [ 8.371752581883776, 47.154849351998351 ], [ 8.375001341481394, 47.15660060272242 ], [ 8.37796416196454, 47.158573821109144 ], [ 8.380608583702003, 47.160747411153167 ], [ 8.382905621276354, 47.163097581147937 ], [ 8.384830081599725, 47.165598603365332 ], [ 8.386360841077533, 47.168223095006525 ], [ 8.387481078734009, 47.170942317386505 ], [ 8.388178462671995, 47.173726490110234 ], [ 8.388445287729809, 47.176545116829409 ], [ 8.389244171446949, 47.221515288347341 ], [ 8.389077348406447, 47.224337459742237 ], [ 8.388831582994683, 47.225740216591142 ], [ 8.388018668970153, 47.228509855440613 ], [ 8.386785101942916, 47.231206425283197 ], [ 8.385144340726734, 47.233800368858638 ], [ 8.383114314757146, 47.236263249648317 ], [ 8.380717229715495, 47.238568064162827 ], [ 8.377979325804377, 47.240689538656227 ], [ 8.374930591254154, 47.242604406980327 ], [ 8.371604434155172, 47.2442916664913 ], [ 8.368037316193677, 47.245732809162888 ], [ 8.364268352314562, 47.246912025328932 ], [ 8.360338880734147, 47.247816377781234 ], [ 8.356292008076842, 47.248435944277006 ], [ 8.352172134704773, 47.248763926859922 ], [ 8.350098931447546, 47.248817323275368 ], [ 8.317077344698848, 47.249073722951543 ], [ 8.312932896470299, 47.24895740502631 ], [ 8.308829059944706, 47.248546593423903 ], [ 8.30481086329633, 47.24784579570624 ], [ 8.3009223908655, 47.246862701025265 ], [ 8.297206297529451, 47.245608095394772 ], [ 8.293703339093247, 47.244095742859415 ], [ 8.29045192394555, 47.242342233891151 ], [ 8.287487690970812, 47.240366802709701 ], [ 8.28612355069836, 47.239302548339175 ], [ 8.283864441658771, 47.237243327931033 ], [ 8.281670969649069, 47.239335205114365 ], [ 8.278929093317894, 47.241454322071021 ], [ 8.275876765226807, 47.243366565633806 ], [ 8.27254743301105, 47.245050961920519 ], [ 8.268977593311304, 47.24648903429118 ], [ 8.265206391046114, 47.247665006745926 ], [ 8.261275189089547, 47.248565977653165 ], [ 8.257227113131844, 47.249182061865049 ], [ 8.253106576795448, 47.249506499630499 ], [ 8.251033247200544, 47.249558112326447 ], [ 8.218010759926221, 47.249786101694426 ], [ 8.214358257588627, 47.249689246281925 ], [ 8.215798664768379, 47.250808816707917 ], [ 8.218270069949046, 47.253077260358353 ], [ 8.21937171872308, 47.254274391433981 ], [ 8.221291800483431, 47.256778087777263 ], [ 8.222817131118456, 47.259404690174271 ], [ 8.22393094876502, 47.262125436748413 ], [ 8.224620991515506, 47.264910530326816 ], [ 8.224879634323168, 47.267729464383642 ], [ 8.225144426010658, 47.285717576955612 ], [ 8.251580464584453, 47.285534303863464 ], [ 8.255727619396065, 47.285652828694133 ], [ 8.257788693118139, 47.285822613878544 ], [ 8.261857644124385, 47.286380907650333 ], [ 8.265818656318661, 47.287225411046244 ], [ 8.267745082251714, 47.287752223834133 ], [ 8.271463418301867, 47.28900776572975 ], [ 8.273245147135281, 47.289733058079477 ], [ 8.276629342165871, 47.291368763845576 ], [ 8.279743918153125, 47.293236102517746 ], [ 8.28118931268685, 47.294250341076882 ], [ 8.283836515746851, 47.296426078873594 ], [ 8.286135131253523, 47.298778097504531 ], [ 8.28805994854133, 47.301280648973389 ], [ 8.288875414226693, 47.302579868593114 ], [ 8.290201260390035, 47.305256410416 ], [ 8.291108641379848, 47.3080125484639 ], [ 8.291587553606046, 47.31081809572126 ], [ 8.291664488109866, 47.312229805922676 ], [ 8.292023956339973, 47.33471445689468 ], [ 8.291851631877892, 47.337536397291984 ], [ 8.291246283620945, 47.340330629467829 ], [ 8.290214478006096, 47.343066532590207 ], [ 8.288767459376906, 47.345714120454147 ], [ 8.286921029428495, 47.348244370500126 ], [ 8.28469537636413, 47.350629542448296 ], [ 8.282114855535189, 47.352843483027314 ], [ 8.279207723887348, 47.354861913425651 ], [ 8.276005831065859, 47.356662696275315 ], [ 8.272544270533265, 47.3582260792003 ], [ 8.268860994518722, 47.359534912217285 ], [ 8.264996397041774, 47.360574836563075 ], [ 8.263009284709121, 47.360990273672435 ], [ 8.259358002676757, 47.361552373758443 ], [ 8.259640811779992, 47.379923242136783 ], [ 8.259608117123539, 47.381335718286628 ], [ 8.259216715256359, 47.38414751115404 ], [ 8.258394643190957, 47.386916106592423 ], [ 8.257150844176445, 47.389611162365007 ], [ 8.255498888921238, 47.392203137732551 ], [ 8.253456829387742, 47.394663617682006 ], [ 8.251047003079139, 47.396965624980517 ], [ 8.248295789871541, 47.399083916604589 ], [ 8.245233323986824, 47.400995261258963 ], [ 8.24189316421786, 47.402678694902377 ], [ 8.238311926001998, 47.404115751437843 ], [ 8.234528879384616, 47.405290665995345 ], [ 8.230585517315252, 47.4061905485379 ], [ 8.226525099069731, 47.406805525849975 ], [ 8.222392173886961, 47.407128850319253 ], [ 8.220312674975201, 47.407179907785505 ], [ 8.187192272261361, 47.407399066069431 ], [ 8.185111693279126, 47.407375535912209 ], [ 8.180970248394113, 47.407106963109399 ], [ 8.176892919016131, 47.406545833455795 ], [ 8.172924440766598, 47.405698303772255 ], [ 8.169108349688715, 47.404573672954989 ], [ 8.16548650278223, 47.403184279518207 ], [ 8.162098617348821, 47.40154536567433 ], [ 8.158981834285482, 47.399674909474342 ], [ 8.156170310178483, 47.397593426884157 ], [ 8.153694842709767, 47.395323746007719 ], [ 8.151582533495782, 47.392890755974122 ], [ 8.149856492040731, 47.390321133284104 ], [ 8.148535584008638, 47.387643048655626 ], [ 8.147634226507824, 47.384885857619892 ], [ 8.147162232543556, 47.382079778289992 ], [ 8.14708902767207, 47.380668003088381 ], [ 8.146546623050254, 47.339811995254998 ], [ 8.142881418807356, 47.339298306294943 ], [ 8.138918489221115, 47.338449590547619 ], [ 8.135107931228136, 47.337323813098166 ], [ 8.131491541043166, 47.335933325034681 ], [ 8.128108976041069, 47.334293380570088 ], [ 8.124997318712948, 47.332421969050202 ], [ 8.122190669404997, 47.330339616906407 ], [ 8.119719772344666, 47.328069161764262 ], [ 8.117611679067094, 47.325635501226245 ], [ 8.115889452917337, 47.323065319126066 ], [ 8.114571917826773, 47.320386792294443 ], [ 8.113673454051781, 47.317629281088891 ], [ 8.109520248978871, 47.317010137863967 ], [ 8.10555950736587, 47.316160270438665 ], [ 8.103237975217937, 47.315505187631345 ], [ 8.100933082149052, 47.316186903072875 ], [ 8.098980826125969, 47.316669663979575 ], [ 8.094978239008418, 47.317423518233348 ], [ 8.090881622071944, 47.317888580405508 ], [ 8.086735923741969, 47.318059747695955 ], [ 8.02060464065376, 47.318411988528986 ], [ 8.018527612373777, 47.31838545654881 ], [ 8.014393928406857, 47.318110903277351 ], [ 8.010325167207879, 47.317543878695531 ], [ 8.006365970196645, 47.31669060429963 ], [ 8.004045635467639, 47.31603352468592 ], [ 8.00173945308512, 47.316713256423192 ], [ 7.999786281150491, 47.317194337207965 ], [ 7.995782255270618, 47.3179447470268 ], [ 7.991684736260906, 47.318406284122425 ], [ 7.987538682488412, 47.318573884371574 ], [ 7.954472528968268, 47.318726297014933 ], [ 7.950323501745748, 47.318596931493154 ], [ 7.946217142688673, 47.318173208756114 ], [ 7.942198507596926, 47.317459778028848 ], [ 7.938311685465273, 47.316464467062737 ], [ 7.934599312809748, 47.315198195880726 ], [ 7.93110210427205, 47.313674856470648 ], [ 7.927858404743808, 47.311911159774233 ], [ 7.924903767996389, 47.309926451683381 ], [ 7.922270566487704, 47.307742500100211 ], [ 7.919987636649531, 47.30538325543624 ], [ 7.918079963542891, 47.302874587219421 ], [ 7.91656840831, 47.300243999737745 ], [ 7.91546948135632, 47.297520329875034 ], [ 7.914795163671113, 47.294733430486126 ], [ 7.914552778147094, 47.291913842809123 ], [ 7.914352644109515, 47.269428000277003 ], [ 7.914544707822381, 47.266606601889997 ], [ 7.915168935416529, 47.263814320409892 ], [ 7.91621842223188, 47.261081741819169 ], [ 7.917681610064853, 47.258438793565439 ], [ 7.919542416412801, 47.255914417162309 ], [ 7.921780412924188, 47.25353625176411 ], [ 7.924288246094481, 47.251397178464032 ], [ 7.854747720854002, 47.251668907230368 ], [ 7.851095787931385, 47.251560529957523 ], [ 7.852528611933572, 47.252684632145389 ], [ 7.85380037183468, 47.253800852298198 ], [ 7.856078169354787, 47.256161440628468 ], [ 7.857981258209841, 47.25867116660649 ], [ 7.859488748061998, 47.261302551901601 ], [ 7.860088791985407, 47.262654905946221 ], [ 7.86097322317417, 47.265414421421575 ], [ 7.861429133355473, 47.268221747230314 ], [ 7.861494626026794, 47.269633740270912 ], [ 7.861672479196392, 47.292119668548843 ], [ 7.861629300232692, 47.29353205033744 ], [ 7.861217567070056, 47.296342530443411 ], [ 7.860376198402178, 47.299108327905707 ], [ 7.85911434937768, 47.301799130927115 ], [ 7.858144093500579, 47.303375772983202 ], [ 7.859139099607988, 47.304945269228227 ], [ 7.860443416289152, 47.307626712791183 ], [ 7.861328611791726, 47.310386191150165 ], [ 7.861610806401542, 47.311785772993105 ], [ 7.861850482632049, 47.314605455614313 ], [ 7.862206941174257, 47.35957659232151 ], [ 7.862011770566079, 47.362397827952691 ], [ 7.861383601638738, 47.365189742145823 ], [ 7.860329251014833, 47.367921739221472 ], [ 7.858860210354597, 47.370563875546544 ], [ 7.856992523077753, 47.373087188096292 ], [ 7.854746610852293, 47.375464012444056 ], [ 7.852147051651833, 47.377668286666591 ], [ 7.84922231173397, 47.379675837799006 ], [ 7.846004434420597, 47.381464647661517 ], [ 7.842528689060538, 47.383015095102422 ], [ 7.838833184018673, 47.384310171958937 ], [ 7.834958447957327, 47.385335670326825 ], [ 7.830946984049694, 47.386080339046593 ], [ 7.826842802085745, 47.386536007655302 ], [ 7.824769987816036, 47.386653778895287 ], [ 7.819191124135696, 47.386709237796559 ], [ 7.821739898884557, 47.388829274924809 ], [ 7.822926472576467, 47.389989554503394 ], [ 7.825023629570602, 47.392428538533416 ], [ 7.82673404622138, 47.395002994238595 ], [ 7.82803893724635, 47.397684732594392 ], [ 7.82884656530289, 47.400168546974825 ], [ 7.85590512695132, 47.400074160718773 ], [ 7.860060272417418, 47.400206920474069 ], [ 7.864172271571925, 47.400633700890737 ], [ 7.868196138279774, 47.40134983294611 ], [ 7.870161213056877, 47.401814079023289 ], [ 7.873970763406595, 47.40294858137851 ], [ 7.87580480898193, 47.403615732310961 ], [ 7.879306343679337, 47.405140707623779 ], [ 7.882554115595585, 47.406905720738443 ], [ 7.885512556572607, 47.40889145625431 ], [ 7.888149254111929, 47.411076181047029 ], [ 7.890435306454386, 47.413435981376338 ], [ 7.892345639821531, 47.415945023904477 ], [ 7.893859284317871, 47.418575837807971 ], [ 7.894959605419508, 47.421299614933645 ], [ 7.895634488437572, 47.424086524744666 ], [ 7.895876473839119, 47.426906040636595 ], [ 7.896069391732446, 47.449390855337633 ], [ 7.896026998727081, 47.45080318260041 ], [ 7.895615866142093, 47.453613651186039 ], [ 7.894773798586598, 47.456379567142001 ], [ 7.893509958467139, 47.459070617388626 ], [ 7.891838136285302, 47.461657304893045 ], [ 7.88977660201488, 47.464111272426663 ], [ 7.887347906984986, 47.466405613992727 ], [ 7.884578638349576, 47.468515170480131 ], [ 7.881499128765356, 47.470416806266087 ], [ 7.87845097520401, 47.471944479380063 ], [ 7.881524335405072, 47.473448836754308 ], [ 7.883116235615304, 47.474360172425577 ], [ 7.886078452041832, 47.476345849994594 ], [ 7.887440649230421, 47.477414755061311 ], [ 7.88990855707974, 47.479690071078771 ], [ 7.892012326564068, 47.482127766812198 ], [ 7.893728874478455, 47.484701154420726 ], [ 7.895039348300102, 47.487382056612297 ], [ 7.895929334731455, 47.490141114604597 ], [ 7.900093567588954, 47.49076791539364 ], [ 7.904064024575532, 47.491624791383309 ], [ 7.907880737046982, 47.492758141732523 ], [ 7.911501935207246, 47.494155566135781 ], [ 7.914887979769509, 47.495801773910543 ], [ 7.918001794709085, 47.497678750661137 ], [ 7.920809272504866, 47.499765954696386 ], [ 7.923279647472182, 47.502040541090224 ], [ 7.925385833112441, 47.504477610974462 ], [ 7.927104719771983, 47.50705048337597 ], [ 7.928417429310333, 47.509730986661374 ], [ 7.928916777664656, 47.511102464135561 ], [ 7.929594583518615, 47.513889092131805 ], [ 7.92983878104036, 47.51670845228616 ], [ 7.930046410871706, 47.539192527905257 ], [ 7.930004850185091, 47.54060482431089 ], [ 7.929594821274887, 47.543415327403217 ], [ 7.928753100020946, 47.54618140571457 ], [ 7.927488844795835, 47.548872744403347 ], [ 7.925815850422171, 47.551459843290189 ], [ 7.923752399512353, 47.553914340649349 ], [ 7.9213210642222, 47.556209324685085 ], [ 7.918548460499806, 47.558319629248977 ], [ 7.915464957453851, 47.560222110519135 ], [ 7.912104344982265, 47.561895901569763 ], [ 7.908503463286674, 47.563322641996692 ], [ 7.904701798343595, 47.564486680040318 ], [ 7.900741047803564, 47.565375244948697 ], [ 7.896664662139175, 47.565978587653497 ], [ 7.894597046259475, 47.566171107474332 ], [ 7.890431330685248, 47.566335203183527 ], [ 7.857210543327525, 47.566459736851989 ], [ 7.855123892206286, 47.566430263867126 ], [ 7.850971740148288, 47.56614987521116 ], [ 7.846885715522825, 47.565577130689128 ], [ 7.842910649372798, 47.56471831456016 ], [ 7.840978414312809, 47.564184454253663 ], [ 7.83725103736516, 47.562915151614042 ], [ 7.833740301194016, 47.561388982490989 ], [ 7.830484699016893, 47.559622688866263 ], [ 7.827519914987785, 47.557635645111226 ], [ 7.824878432576642, 47.555449644733471 ], [ 7.822589178647637, 47.553088660594952 ], [ 7.820677207136725, 47.550578581272809 ], [ 7.81916342576713, 47.547946926494689 ], [ 7.818561199396802, 47.546594480150958 ], [ 7.817751824600096, 47.544110715099642 ], [ 7.790619782852769, 47.544196149561451 ], [ 7.786453542320417, 47.544060897600581 ], [ 7.782331060245141, 47.543631370346105 ], [ 7.778297569549361, 47.54291228071434 ], [ 7.774397322360007, 47.541911518547387 ], [ 7.770673102531343, 47.540640063673933 ], [ 7.767165754624143, 47.539111864943742 ], [ 7.763913734601376, 47.537343686590717 ], [ 7.760952687241895, 47.535354923643126 ], [ 7.758315054956927, 47.533167388443523 ], [ 7.756029722323416, 47.530805070660662 ], [ 7.754121700229434, 47.528293873466481 ], [ 7.752611853065037, 47.525661328812305 ], [ 7.751516671893956, 47.522936294963479 ], [ 7.751128493744974, 47.521548397725788 ], [ 7.746963612959721, 47.520916241860782 ], [ 7.742993508711041, 47.520053983750415 ], [ 7.73917836160722, 47.518915206039985 ], [ 7.735560017951148, 47.517512402418589 ], [ 7.732178156162089, 47.515860962160545 ], [ 7.729069850516972, 47.51397900064832 ], [ 7.726269164001637, 47.511887159940393 ], [ 7.723806774774314, 47.509608381611159 ], [ 7.721709640348361, 47.507167654395779 ], [ 7.720000703160029, 47.504591739447974 ], [ 7.718698640706387, 47.501908876263506 ], [ 7.717817662925029, 47.499148472529782 ], [ 7.717367358946852, 47.496340781331504 ], [ 7.717305416496997, 47.494928806640758 ], [ 7.717211432448625, 47.476941051712615 ], [ 7.690678999568577, 47.477001705521999 ], [ 7.688595957412068, 47.47696923173487 ], [ 7.684451681768969, 47.476682865658375 ], [ 7.680374338390334, 47.476104230568929 ], [ 7.678374788549896, 47.475707172581991 ], [ 7.674481357157274, 47.474703022065995 ], [ 7.670764239203098, 47.473428324890257 ], [ 7.66726420119126, 47.471897065460148 ], [ 7.664019618761637, 47.470126041564285 ], [ 7.66106605499415, 47.468134679416231 ], [ 7.658435870129568, 47.465944819832522 ], [ 7.656157867010923, 47.463580477932624 ], [ 7.654256976130491, 47.461067579037795 ], [ 7.652753983705459, 47.458433673705784 ], [ 7.652157005313859, 47.457080323400689 ], [ 7.65135676776096, 47.454595324638561 ], [ 7.630900219755832, 47.454630991709664 ], [ 7.630964957271263, 47.472618940194664 ], [ 7.630915502374798, 47.474031151428512 ], [ 7.630490174857509, 47.476840639572202 ], [ 7.629633947227849, 47.479604587202431 ], [ 7.628356137163842, 47.482292702660203 ], [ 7.626670688447291, 47.484875520937919 ], [ 7.62459602065187, 47.487324727091554 ], [ 7.622154829373907, 47.489613467209722 ], [ 7.619373839104976, 47.491716643500311 ], [ 7.616283511386434, 47.49361119022376 ], [ 7.612917711401421, 47.495276327407019 ], [ 7.609313336641978, 47.496693789516485 ], [ 7.60550991173259, 47.497848026538136 ], [ 7.601549153889346, 47.498726375222468 ], [ 7.59952329872941, 47.499058958528032 ], [ 7.595408422907563, 47.499506381022307 ], [ 7.59124704059781, 47.499659719793016 ], [ 7.458528707051523, 47.499757571192021 ], [ 7.454366834342063, 47.4996103690452 ], [ 7.450250523372712, 47.49916901530591 ], [ 7.446224939163696, 47.498438352650929 ], [ 7.442334246823325, 47.497426397888844 ], [ 7.438621125041479, 47.49614425362217 ], [ 7.435126296242016, 47.494605985930612 ], [ 7.43188807864048, 47.492828469444362 ], [ 7.428941965192639, 47.490831201541731 ], [ 7.426320234100706, 47.488636087745789 ], [ 7.424051595171592, 47.486267200715453 ], [ 7.422160875901372, 47.483750515515119 ], [ 7.420668750696907, 47.481113624106818 ], [ 7.419591516146934, 47.478385432232464 ], [ 7.419212334081912, 47.476996413034961 ], [ 7.415054929502477, 47.476352308960443 ], [ 7.411093573952268, 47.475478659911168 ], [ 7.407288771316431, 47.474328934039349 ], [ 7.403682254047251, 47.472915745114861 ], [ 7.400313570424112, 47.471254596292539 ], [ 7.397219649745519, 47.469363709382975 ], [ 7.394434396794847, 47.467263824252001 ], [ 7.391988320063312, 47.464977970588059 ], [ 7.389908197816709, 47.462531214582555 ], [ 7.388216785649976, 47.459950383341919 ], [ 7.386932568691966, 47.457263770092936 ], [ 7.386144727499367, 47.454776949645648 ], [ 7.259603589682688, 47.454649175175319 ], [ 7.257521718105927, 47.45460893658143 ], [ 7.253381569977289, 47.454307123952333 ], [ 7.251334658227215, 47.454046378393066 ], [ 7.247315236530035, 47.453308785488751 ], [ 7.243431644263028, 47.452290129210724 ], [ 7.239726482002026, 47.451001585670248 ], [ 7.236240384609809, 47.449457291125491 ], [ 7.233011574268689, 47.447674186283272 ], [ 7.230075440497453, 47.445671829770411 ], [ 7.227464151806995, 47.443472182858677 ], [ 7.225206303275797, 47.441099367845155 ], [ 7.223326603905317, 47.438579402779304 ], [ 7.2218456071518, 47.435939915486173 ], [ 7.220779487531853, 47.43320984005917 ], [ 7.220139865670408, 47.430419099183105 ], [ 7.219933683608755, 47.427598275796875 ], [ 7.220007925326197, 47.409610083256808 ], [ 7.193509055386449, 47.409556661192042 ], [ 7.189354993855786, 47.409399921628939 ], [ 7.185247881943631, 47.40894912810456 ], [ 7.181232783512983, 47.408209226867271 ], [ 7.179273557892911, 47.407733276089843 ], [ 7.176959594193723, 47.407059605335881 ], [ 7.174639034263839, 47.407722736530225 ], [ 7.170677933180659, 47.408586345848235 ], [ 7.166605457228121, 47.40916400184949 ], [ 7.164541382287687, 47.409343491992054 ], [ 7.160385872222054, 47.409481334424342 ], [ 7.094139818308117, 47.409302181750533 ], [ 7.089986072959097, 47.409141868162735 ], [ 7.085879826244924, 47.408687541236738 ], [ 7.081866132492806, 47.407944185989294 ], [ 7.077989026007118, 47.406919958475207 ], [ 7.074291036019216, 47.405626095915508 ], [ 7.07081271850406, 47.404076792899176 ], [ 7.067592210090552, 47.402289045043339 ], [ 7.064664809029649, 47.400282461861337 ], [ 7.062062587863511, 47.398079050929482 ], [ 7.059814042065214, 47.395702975760237 ], [ 7.057943778496752, 47.393180290078888 ], [ 7.056472247069405, 47.390538651457597 ], [ 7.05541551849091, 47.387807017485123 ], [ 7.054785110455345, 47.385015327835411 ], [ 7.054587864080619, 47.38219417574836 ], [ 7.054720648068168, 47.363822534574382 ], [ 7.051064676741928, 47.363274204941575 ], [ 7.047117743667966, 47.362388065105883 ], [ 7.043328916128212, 47.361226334642808 ], [ 7.041506859124616, 47.360545991406624 ], [ 7.038032438737471, 47.358995679857649 ], [ 7.034815755784907, 47.357206993502963 ], [ 7.031892066525676, 47.35519955213951 ], [ 7.029293402778323, 47.352995372743081 ], [ 7.02704822100949, 47.35061862723888 ], [ 7.025181091220645, 47.348095376685997 ], [ 7.023712429012427, 47.345453284831848 ], [ 7.023132711570411, 47.344096682089898 ], [ 7.02236352907299, 47.341607321735196 ], [ 6.99533475816129, 47.341506383837185 ], [ 6.991678637912635, 47.341370760182848 ], [ 6.993095662717241, 47.342505460078648 ], [ 6.995518974229576, 47.344799811007881 ], [ 6.997576364028385, 47.347253722062675 ], [ 6.998460619997369, 47.348532177543348 ], [ 6.999928114808969, 47.351174588321982 ], [ 7.000981271761781, 47.353906759692784 ], [ 7.001608492269232, 47.356698768690265 ], [ 7.001802838676656, 47.359520032338274 ], [ 7.001617977775752, 47.382005348830006 ], [ 7.001377140714233, 47.384824939313127 ], [ 7.000703618208616, 47.387611980792371 ], [ 6.999604724198017, 47.390335930490451 ], [ 6.998092439077628, 47.392966932501551 ], [ 6.996183281035088, 47.395476145411713 ], [ 6.993898127295175, 47.397836058972658 ], [ 6.991261987133851, 47.400020796331155 ], [ 6.988303729071499, 47.402006398465382 ], [ 6.985055765181495, 47.403771087672389 ], [ 6.981553695946161, 47.405295507176447 ], [ 6.977835919552249, 47.406562934188656 ], [ 6.973943209935104, 47.407559464041299 ], [ 6.969918268249398, 47.408274163338092 ], [ 6.965805252759451, 47.408699190408441 ], [ 6.961649292399123, 47.408829881715789 ], [ 6.89540501025312, 47.408536735656426 ], [ 6.893325240786027, 47.408489937494807 ], [ 6.889190791470294, 47.408175079330931 ], [ 6.885127553896508, 47.407568421268358 ], [ 6.883136615033193, 47.407157624086999 ], [ 6.879263403221072, 47.406126728199098 ], [ 6.875570311622487, 47.404826506317519 ], [ 6.872097842256386, 47.403271222772709 ], [ 6.868884067354528, 47.401477938751697 ], [ 6.865964211049323, 47.399466324445541 ], [ 6.863370262870142, 47.397258442550495 ], [ 6.861130627307905, 47.394878505537349 ], [ 6.859269813284854, 47.392352609392823 ], [ 6.857808166901827, 47.38970844679271 ], [ 6.856761650335017, 47.386975002890296 ], [ 6.856141669224919, 47.384182237086691 ], [ 6.855954950348854, 47.381360754299926 ], [ 6.856201288408874, 47.358875707741205 ], [ 6.856449690835912, 47.35605640310559 ], [ 6.857130359010509, 47.35327018159429 ], [ 6.858235770256804, 47.350547562200127 ], [ 6.859753754384823, 47.347918362712782 ], [ 6.861667629607761, 47.345411373544913 ], [ 6.86395638751086, 47.343054042982629 ], [ 6.866594924949616, 47.340872177278627 ], [ 6.869554320261674, 47.338889658837871 ], [ 6.871144334806364, 47.337980027410623 ], [ 6.874523226388488, 47.336336465294337 ], [ 6.878136140837932, 47.334941888522565 ], [ 6.881943529557226, 47.333811556614954 ], [ 6.885903724745237, 47.332957836850824 ], [ 6.887927635564365, 47.332637746614758 ], [ 6.892035400507054, 47.332215483397192 ], [ 6.896185556050291, 47.33208729409774 ], [ 6.96233482756193, 47.332380022985504 ], [ 6.965990256150204, 47.332516577103391 ], [ 6.964574074017841, 47.331381541000397 ], [ 6.962152704677358, 47.329086531221463 ], [ 6.960097646938154, 47.32663197567841 ], [ 6.958431381308647, 47.32404478679512 ], [ 6.957172117086321, 47.321353327276377 ], [ 6.956333594896767, 47.318587098621165 ], [ 6.955924938605937, 47.315776417316769 ], [ 6.95588337400463, 47.314364021953637 ], [ 6.956087277385966, 47.291878338437868 ], [ 6.95633008832179, 47.289058766352113 ], [ 6.957004684349971, 47.286271903935074 ], [ 6.958103609429086, 47.283548277258767 ], [ 6.9596147644911, 47.280917715201582 ], [ 6.960519909971609, 47.279646383772771 ], [ 6.962616912297827, 47.277209022412293 ], [ 6.963803012985171, 47.276049668086152 ], [ 6.966350118637592, 47.273931630518533 ], [ 6.960783148470162, 47.273871645195122 ], [ 6.958714923795795, 47.273752189222819 ], [ 6.954620219675118, 47.273293177983597 ], [ 6.95061854456416, 47.272545232926461 ], [ 6.946753800668776, 47.271516560455176 ], [ 6.943068381358656, 47.270218446541911 ], [ 6.939602704490625, 47.268665132392321 ], [ 6.937964249935888, 47.267797995716592 ], [ 6.934898561309386, 47.265894654430923 ], [ 6.932142167226488, 47.263783540531989 ], [ 6.929725259244599, 47.261487806690077 ], [ 6.927674295445508, 47.25903262724772 ], [ 6.926011711524373, 47.256444921451369 ], [ 6.924755676518261, 47.253753057653611 ], [ 6.923992383717364, 47.251262980339142 ], [ 6.897009570066377, 47.251138994871603 ], [ 6.892868737335358, 47.250971584901038 ], [ 6.888776348354157, 47.250510230568857 ], [ 6.884777305122119, 47.249759993992328 ], [ 6.880915480899896, 47.24872910671403 ], [ 6.877233236946895, 47.24742887899945 ], [ 6.873770956201737, 47.245873575234612 ], [ 6.870566599111189, 47.244080256819068 ], [ 6.867655286549542, 47.24206859431154 ], [ 6.865068914449517, 47.239860650927561 ], [ 6.862835804391775, 47.237480639803231 ], [ 6.860980393978926, 47.234954657729865 ], [ 6.859522970356465, 47.232310398318866 ], [ 6.858479449744588, 47.229576847779612 ], [ 6.858116638331637, 47.228185921886336 ], [ 6.853985477735362, 47.227521614619306 ], [ 6.850051859974693, 47.226628703305487 ], [ 6.846276962139697, 47.225460462191258 ], [ 6.842702187871125, 47.224029708111189 ], [ 6.839366736487371, 47.222352136817364 ], [ 6.836307172051378, 47.220446150133391 ], [ 6.83355702188776, 47.21833265337775 ], [ 6.831146408986958, 47.216034825318026 ], [ 6.829101722335292, 47.21357786322001 ], [ 6.827445328766411, 47.210988705829195 ], [ 6.826195329448134, 47.2082957373607 ], [ 6.825365363604783, 47.205528475779133 ], [ 6.8249644615357, 47.202717248815723 ], [ 6.824926446403664, 47.201304765403414 ], [ 6.825137714088439, 47.182932552486058 ], [ 6.821496486390963, 47.182376924658193 ], [ 6.817566733797663, 47.181482893039458 ], [ 6.813795734299748, 47.180313573431086 ], [ 6.810224848708073, 47.178881794494451 ], [ 6.80689323363007, 47.177203263216988 ], [ 6.803837411009268, 47.175296391943064 ], [ 6.801090867107692, 47.17318209568208 ], [ 6.798683685362845, 47.170883561956266 ], [ 6.796642217152918, 47.16842599575434 ], [ 6.794988794060968, 47.165836342428477 ], [ 6.793741484747454, 47.163142991612624 ], [ 6.792913899027061, 47.160375465443593 ], [ 6.792515041206677, 47.157564094533107 ], [ 6.792477915127898, 47.156151584926519 ], [ 6.792695511253839, 47.138162590454904 ], [ 6.766331947073175, 47.138011135934129 ], [ 6.762200285554468, 47.137839022498092 ], [ 6.760150033916088, 47.137642509944307 ], [ 6.756108812584292, 47.137031268797443 ], [ 6.752183484872726, 47.136134993535201 ], [ 6.748417112030464, 47.134963517790865 ], [ 6.746606524043057, 47.134278481817475 ], [ 6.743155367462265, 47.132719208928428 ], [ 6.739962169241741, 47.130922207946575 ], [ 6.737061927717843, 47.128907189785799 ], [ 6.734486417304186, 47.126696254418732 ], [ 6.732263840422279, 47.124313647738717 ], [ 6.73041851918785, 47.121785494936297 ], [ 6.728970630200716, 47.119139513354526 ], [ 6.728400839508614, 47.1177813591665 ], [ 6.727648623429015, 47.115289904979754 ], [ 6.700734913262205, 47.11511991522277 ], [ 6.698666722646577, 47.115069608192925 ], [ 6.694556098326832, 47.114747758386891 ], [ 6.690517356287485, 47.114134207346012 ], [ 6.686594807628981, 47.113235687025778 ], [ 6.684690616001001, 47.112682524710365 ], [ 6.681022509752918, 47.111375982897719 ], [ 6.677574741539923, 47.109814732555826 ], [ 6.674385112355002, 47.108015900273372 ], [ 6.671488581308201, 47.105999217034103 ], [ 6.668916882047429, 47.103786801051363 ], [ 6.666698175140683, 47.10140291443021 ], [ 6.664856740225199, 47.098873696366788 ], [ 6.663412711266113, 47.096226875851059 ], [ 6.662381857769217, 47.093491467060439 ], [ 6.661775414265443, 47.090697450817039 ], [ 6.661599959836215, 47.087875445626118 ], [ 6.661866793633362, 47.069503091182135 ], [ 6.658234977709419, 47.068942280798822 ], [ 6.654316279900068, 47.068042649284472 ], [ 6.650556837498506, 47.066867948935247 ], [ 6.646997884288703, 47.065431067422359 ], [ 6.643678445755483, 47.063747767678315 ], [ 6.640634910077654, 47.061836514313043 ], [ 6.637900628591555, 47.059718270348441 ], [ 6.635505550139749, 47.057416266540187 ], [ 6.633475893321591, 47.054955745858202 ], [ 6.631833860219684, 47.052363685969723 ], [ 6.631163982007647, 47.05102716106029 ], [ 6.630597394695252, 47.049668502805375 ], [ 6.630135643993409, 47.048291436716795 ], [ 6.629779987832584, 47.046899738495739 ], [ 6.629531392999309, 47.045497223670559 ], [ 6.629390532574478, 47.044087737127469 ], [ 6.629357784179481, 47.042675142564683 ], [ 6.62963544079587, 47.024302692290291 ], [ 6.626007024110173, 47.02374085680048 ], [ 6.624032335242575, 47.02332555483521 ], [ 6.622092171046202, 47.022840116622802 ], [ 6.620191855900305, 47.022285874581037 ], [ 6.618336604348054, 47.021664349934731 ], [ 6.616531506739006, 47.020977248523451 ], [ 6.614781515219426, 47.020226456100715 ], [ 6.613091430109516, 47.019414033138581 ], [ 6.611465886705368, 47.018542209151192 ], [ 6.609909342542316, 47.017613376554266 ], [ 6.608426065154954, 47.016630084076837 ], [ 6.607020120367499, 47.015595029743785 ], [ 6.605695361146918, 47.014511053449233 ], [ 6.60445541704918, 47.013381129140974 ], [ 6.603303684287707, 47.012208356637949 ], [ 6.602243316450848, 47.010995953103304 ], [ 6.601277215893694, 47.009747244197278 ], [ 6.600408025827337, 47.008465654933595 ], [ 6.599638123126748, 47.007154700265907 ], [ 6.598969611876578, 47.005817975429146 ], [ 6.598404317671625, 47.004459146063397 ], [ 6.597659730040393, 47.001966785116622 ], [ 6.570803339116311, 47.001766338790162 ], [ 6.568739644033914, 47.001713691046803 ], [ 6.566682813116581, 47.001587190459489 ], [ 6.564638492393025, 47.001387184273092 ], [ 6.562612293396964, 47.001114221500913 ], [ 6.560609777696408, 47.000769051410593 ], [ 6.558636441563124, 47.000352621458873 ], [ 6.556697700825297, 46.999866074679389 ], [ 6.554798875945753, 46.99931074653194 ], [ 6.552945177367568, 46.998688161221395 ], [ 6.551141691167936, 46.998000027497376 ], [ 6.549393365060387, 46.997248233945285 ], [ 6.547704994784329, 46.996434843783057 ], [ 6.546081210919747, 46.995562089177326 ], [ 6.54452646616364, 46.994632365095569 ], [ 6.543045023103474, 46.993648222710618 ], [ 6.541640942521282, 46.992612362376995 ], [ 6.54031807226076, 46.991527626197403 ], [ 6.53908003668771, 46.990396990201397 ], [ 6.537930226772856, 46.989223556157015 ], [ 6.536871790823826, 46.988010543038698 ], [ 6.535907625891534, 46.986761278175031 ], [ 6.535040369874089, 46.985479188100769 ], [ 6.534272394339323, 46.984167789138986 ], [ 6.533605798085192, 46.982830677738718 ], [ 6.533042401454782, 46.981471520595726 ], [ 6.532301168795674, 46.978978725147279 ], [ 6.505456540329455, 46.978762964320957 ], [ 6.503393794761474, 46.978709139749121 ], [ 6.501338000385953, 46.978581465970422 ], [ 6.499294800380703, 46.978380293450002 ], [ 6.497269803196544, 46.978106174402541 ], [ 6.49526856709517, 46.977759861269355 ], [ 6.493296584827813, 46.977342304644338 ], [ 6.491359268497702, 46.976854650653024 ], [ 6.489461934648629, 46.976298237793586 ], [ 6.487609789621495, 46.975674593247149 ], [ 6.485807915219567, 46.974985428669413 ], [ 6.4840612547226, 46.974232635473619 ], [ 6.482374599288685, 46.973418279619494 ], [ 6.480752574781707, 46.972544595922166 ], [ 6.479199629060856, 46.971613981896461 ], [ 6.477720019767538, 46.970628991154989 ], [ 6.476317802643174, 46.969592326377438 ], [ 6.47499682041028, 46.968506831870926 ], [ 6.473760692247095, 46.967375485742529 ], [ 6.472612803884752, 46.966201391705056 ], [ 6.471556298353751, 46.964987770540006 ], [ 6.470594067404913, 46.96373795124007 ], [ 6.469728743627913, 46.962455361856861 ], [ 6.468962693288452, 46.961143520078693 ], [ 6.468298009903235, 46.959806023564859 ], [ 6.467736508569526, 46.958446540062717 ], [ 6.467279721064249, 46.957068797335445 ], [ 6.466928891725124, 46.955676572927985 ], [ 6.462823594479056, 46.954998194196165 ], [ 6.460852700793375, 46.954580077413411 ], [ 6.458916500705467, 46.954091872815248 ], [ 6.457020307689502, 46.953534920410576 ], [ 6.455169324949342, 46.952910748861051 ], [ 6.453368631092514, 46.952221071268077 ], [ 6.451623166153193, 46.951467780452127 ], [ 6.449937718003069, 46.950652943737722 ], [ 6.4483169091879, 46.949778797258624 ], [ 6.446765184226233, 46.948847739798531 ], [ 6.445286797405545, 46.9478623261856 ], [ 6.443885801109346, 46.946825260258478 ], [ 6.442566034707514, 46.945739387423451 ], [ 6.441331114040208, 46.944607686823929 ], [ 6.440184421524238, 46.943433263143547 ], [ 6.439129096908668, 46.942219338066238 ], [ 6.438168028704816, 46.940969241416383 ], [ 6.437303846313689, 46.939686402004376 ], [ 6.436538912871912, 46.938374338202159 ], [ 6.435875318835296, 46.937036648275672 ], [ 6.43531487631677, 46.935677000500519 ], [ 6.434859114193642, 46.934299123088017 ], [ 6.43450927399667, 46.932906793950053 ], [ 6.430406127014932, 46.932227250385772 ], [ 6.428436321440487, 46.931808574049079 ], [ 6.426501237053207, 46.931319819462175 ], [ 6.424606184259141, 46.930762328143189 ], [ 6.422756363126799, 46.930137630232281 ], [ 6.420956849069841, 46.92944744027492 ], [ 6.419212578878934, 46.928693652497053 ], [ 6.417528337141602, 46.9278783355863 ], [ 6.415908743087878, 46.927003726992979 ], [ 6.414358237898234, 46.926072226768014 ], [ 6.412881072508955, 46.925086390953219 ], [ 6.411481295948496, 46.924048924544351 ], [ 6.410162744237133, 46.922962674045039 ], [ 6.408929029880078, 46.921830619633226 ], [ 6.40778353198309, 46.920655866961567 ], [ 6.406729387017183, 46.919441638614529 ], [ 6.405769480257654, 46.918191265246669 ], [ 6.40490643792043, 46.916908176425181 ], [ 6.404142620016724, 46.915595891203992 ], [ 6.403480113945188, 46.914258008454212 ], [ 6.40292072883822, 46.912898196977878 ], [ 6.402465990677378, 46.911520185432927 ], [ 6.402117138190354, 46.910127752096713 ], [ 6.401875119539915, 46.90872471449633 ], [ 6.401740589812988, 46.907314918934546 ], [ 6.40171390931576, 46.905902229939933 ], [ 6.402581860640077, 46.860929820587309 ], [ 6.402663003304494, 46.859518099812675 ], [ 6.402851738744022, 46.858111226180974 ], [ 6.403147541304441, 46.856713055308902 ], [ 6.403549592076437, 46.855327418665901 ], [ 6.404056781229196, 46.853958113080957 ], [ 6.40466771113819, 46.852608890348073 ], [ 6.405380700297519, 46.851283446958021 ], [ 6.406193788005272, 46.84998541398442 ], [ 6.407104739808147, 46.848718347151582 ], [ 6.4081110536898, 46.847485717111752 ], [ 6.409209966985022, 46.84629089995731 ], [ 6.410398464000416, 46.845137167993883 ], [ 6.411673284320016, 46.844027680799996 ], [ 6.413030931772691, 46.842965476596497 ], [ 6.414467684036455, 46.841953463949935 ], [ 6.415979602853024, 46.84099441383151 ], [ 6.417562544824656, 46.840090952053686 ], [ 6.419212172763475, 46.839245552104572 ], [ 6.420923967562427, 46.838460528399395 ], [ 6.422693240555373, 46.837738029966943 ], [ 6.424515146332825, 46.83708003458851 ], [ 6.426384695978555, 46.836488343404881 ], [ 6.428296770691301, 46.835964576005125 ], [ 6.430246135754756, 46.835510166011986 ], [ 6.432227454818307, 46.835126357173777 ], [ 6.436347212702625, 46.834519162111889 ], [ 6.436748242717251, 46.833133404386992 ], [ 6.437254377866134, 46.831763947246749 ], [ 6.437864223416351, 46.830414542902822 ], [ 6.438576100835797, 46.829088888345801 ], [ 6.439388052470354, 46.827790615229986 ], [ 6.440297846980172, 46.826523279939771 ], [ 6.441302985519469, 46.825290353864837 ], [ 6.442400708642046, 46.824095213910226 ], [ 6.443588003913169, 46.822941133267598 ], [ 6.446134082855904, 46.820834448003779 ], [ 6.440614684065904, 46.820749319171945 ], [ 6.438565072742496, 46.82062051566399 ], [ 6.436528104548491, 46.820418218582013 ], [ 6.434509370801966, 46.820142983226873 ], [ 6.432514412545627, 46.819795565103391 ], [ 6.430548705273203, 46.819376917837559 ], [ 6.428617643839782, 46.818888190547341 ], [ 6.42672652759819, 46.818330724675427 ], [ 6.424880545803156, 46.817706050291562 ], [ 6.423084763323893, 46.81701588187596 ], [ 6.421344106705082, 46.816262113594696 ], [ 6.419663350615018, 46.815446814081255 ], [ 6.418047104718599, 46.814572220737631 ], [ 6.416499801011601, 46.813640733572001 ], [ 6.415025681651301, 46.812654908589757 ], [ 6.413628787316961, 46.811617450756302 ], [ 6.412312946132326, 46.810531206550998 ], [ 6.411081763180399, 46.809399156133985 ], [ 6.409938610639261, 46.808224405146355 ], [ 6.408886618565693, 46.807010176167488 ], [ 6.407928666351593, 46.805759799853007 ], [ 6.407067374876279, 46.804476705777986 ], [ 6.406305099375539, 46.803164413010443 ], [ 6.405643923046611, 46.80182652044175 ], [ 6.405085651405724, 46.800466696900799 ], [ 6.404631807413093, 46.799088671078472 ], [ 6.40428362737786, 46.797696221291211 ], [ 6.400191165385198, 46.79701558058624 ], [ 6.398226541174059, 46.796596375810125 ], [ 6.396296590210095, 46.796107100622265 ], [ 6.394406608792431, 46.795549097968632 ], [ 6.392561783055326, 46.79492389939184 ], [ 6.390767174689434, 46.794233220810092 ], [ 6.389027707011593, 46.793478957789027 ], [ 6.387348151421933, 46.792663180318954 ], [ 6.385733114285929, 46.791788127112433 ], [ 6.384187024277801, 46.790856199438643 ], [ 6.382714120220356, 46.789869954510465 ], [ 6.381318439454678, 46.788832098444175 ], [ 6.380003806771868, 46.787745478810393 ], [ 6.37877382393701, 46.786613076797671 ], [ 6.377631859834162, 46.785437999009922 ], [ 6.376581041259032, 46.784223468921283 ], [ 6.375624244384404, 46.782972818011466 ], [ 6.374764086921265, 46.781689476606608 ], [ 6.374002920996575, 46.780376964451037 ], [ 6.373342826766765, 46.779038881035675 ], [ 6.372785606783609, 46.777678895710494 ], [ 6.372332781127334, 46.776300737607762 ], [ 6.371985583319416, 46.774908185404286 ], [ 6.371744957025395, 46.773505056950775 ], [ 6.371611553555858, 46.772095198796812 ], [ 6.371585730171469, 46.770682475640449 ], [ 6.372031369556784, 46.748196004653408 ], [ 6.372113142801172, 46.746784284671783 ], [ 6.372302280994018, 46.745377440732071 ], [ 6.372598257413214, 46.743979328367786 ], [ 6.373000252708709, 46.742593778886025 ], [ 6.37350715723694, 46.741224588875284 ], [ 6.374117574187695, 46.739875509811242 ], [ 6.374829823493865, 46.738550237789546 ], [ 6.375833128143135, 46.736986189841339 ], [ 6.374891971836925, 46.735403994565502 ], [ 6.374232406258132, 46.734065909193255 ], [ 6.373675628721896, 46.732705921022841 ], [ 6.37294518681616, 46.730212008096743 ], [ 6.346225126558938, 46.729958911717141 ], [ 6.344172063533142, 46.729902218193445 ], [ 6.342126137786093, 46.729771682743923 ], [ 6.340092965362816, 46.7295676636883 ], [ 6.338078127144125, 46.729290721053829 ], [ 6.336087153460994, 46.728941615031061 ], [ 6.334125508850709, 46.728521303878189 ], [ 6.332198576997602, 46.728030941279222 ], [ 6.330311645900443, 46.727471873163879 ], [ 6.328469893308111, 46.726845633997982 ], [ 6.326678372464094, 46.726153942554369 ], [ 6.324941998199706, 46.725398697176857 ], [ 6.323265533414694, 46.724581970549792 ], [ 6.321653575982839, 46.723706003988589 ], [ 6.320110546118835, 46.722773201266385 ], [ 6.318640674241533, 46.721786121994612 ], [ 6.317247989366834, 46.720747474576129 ], [ 6.315936308062409, 46.719660108749792 ], [ 6.31470922399433, 46.718527007747966 ], [ 6.313570098094368, 46.717351280088849 ], [ 6.31252204937454, 46.716136151025538 ], [ 6.31156794641391, 46.714884953676886 ], [ 6.310710399540572, 46.713601119863853 ], [ 6.309951753729607, 46.712288170676963 ], [ 6.309294082236182, 46.710949706801394 ], [ 6.308739180980235, 46.709589398626008 ], [ 6.308288563697702, 46.708210976163755 ], [ 6.307943457870544, 46.706818218811719 ], [ 6.307704801445992, 46.705414944978394 ], [ 6.30757324035303, 46.704005001607193 ], [ 6.307549126821951, 46.702592253625177 ], [ 6.308492258932345, 46.657619444072509 ], [ 6.308575556587392, 46.656207757114188 ], [ 6.30876603322101, 46.654801006106375 ], [ 6.309063158472886, 46.653403046323412 ], [ 6.309466109875113, 46.652017708650028 ], [ 6.309973775194865, 46.650648789090248 ], [ 6.310584755567991, 46.649300038374719 ], [ 6.311297369414051, 46.647975151695761 ], [ 6.312109657121192, 46.646677758596802 ], [ 6.313019386487109, 46.645411413044762 ], [ 6.314024058900572, 46.644179583711882 ], [ 6.315120916245689, 46.642985644493415 ], [ 6.316306948509566, 46.641832865287007 ], [ 6.317578902071856, 46.640724403058719 ], [ 6.318933288653095, 46.639663293219748 ], [ 6.320366394897036, 46.638652441337435 ], [ 6.321874292560294, 46.637694615202555 ], [ 6.323452849281531, 46.636792437274494 ], [ 6.325097739900351, 46.635948377524919 ], [ 6.326804458295221, 46.635164746698784 ], [ 6.328568329707953, 46.634443690010741 ], [ 6.330384523521384, 46.633787181294757 ], [ 6.332248066455604, 46.633197017621406 ], [ 6.334153856146991, 46.632674814398499 ], [ 6.336096675073464, 46.632222000967054 ], [ 6.338071204788429, 46.631839816705295 ], [ 6.342176513266224, 46.63123600422491 ], [ 6.342578450038906, 46.629850546994049 ], [ 6.343085067859169, 46.62848147746935 ], [ 6.343694970736576, 46.62713254679489 ], [ 6.344406480045601, 46.625807450658172 ], [ 6.345217639202399, 46.624509819178712 ], [ 6.346126219097457, 46.6232432069786 ], [ 6.347129724268648, 46.622011083462453 ], [ 6.348225399796883, 46.620816823333243 ], [ 6.349410238905035, 46.619663697369312 ], [ 6.350680991238655, 46.6185548634881 ], [ 6.352034171805418, 46.617493358120178 ], [ 6.353466070548475, 46.61648208791734 ], [ 6.354972762527169, 46.615523821817057 ], [ 6.356550118677196, 46.614621183484715 ], [ 6.358193817120584, 46.613776644153411 ], [ 6.359899354994684, 46.61299251588192 ], [ 6.361662060767827, 46.612270945247687 ], [ 6.363477107008261, 46.611613907492178 ], [ 6.365339523571742, 46.611023201134778 ], [ 6.367244211172101, 46.610500443069149 ], [ 6.369185955298144, 46.610047064155367 ], [ 6.371159440439471, 46.609664305319782 ], [ 6.374778513413383, 46.609162041121941 ], [ 6.375059451082561, 46.594903229627263 ], [ 6.371462526632679, 46.594333308493901 ], [ 6.369505492551665, 46.593913600798096 ], [ 6.367583038836446, 46.593423830150968 ], [ 6.365700441184831, 46.592865340857237 ], [ 6.363862865444949, 46.592239665793699 ], [ 6.362075353392617, 46.591548522184787 ], [ 6.360342808856225, 46.590793806870607 ], [ 6.35866998422764, 46.589977591080874 ], [ 6.35706146739673, 46.589102114729094 ], [ 6.355521669145698, 46.588169780243462 ], [ 6.354054811038183, 46.587183145950959 ], [ 6.352664913836403, 46.586144919033863 ], [ 6.351355786478423, 46.58505794807806 ], [ 6.350131015645568, 46.58392521523335 ], [ 6.348993955948708, 46.582749828008893 ], [ 6.347947720759899, 46.581535010725069 ], [ 6.346995173714404, 46.580284095646874 ], [ 6.346138920905909, 46.579000513822521 ], [ 6.345381303795765, 46.577687785653126 ], [ 6.344724392855359, 46.576349511219597 ], [ 6.344169981958025, 46.574989360393253 ], [ 6.343719583535463, 46.573611062757806 ], [ 6.343374424510913, 46.572218397370371 ], [ 6.343135443019473, 46.570815182389723 ], [ 6.343003285923598, 46.569405264600526 ], [ 6.342978307129661, 46.567992508862353 ], [ 6.343434174648477, 46.545505750649994 ], [ 6.343516388209939, 46.544094027167468 ], [ 6.343705561877381, 46.542687206866063 ], [ 6.344001168894531, 46.541289145212893 ], [ 6.344402390985925, 46.539903673374617 ], [ 6.344908120687735, 46.538534587725728 ], [ 6.345516964467981, 46.537185639454798 ], [ 6.346227246626665, 46.535860524298187 ], [ 6.34703701396425, 46.53456287242799 ], [ 6.347944041204827, 46.533296238522688 ], [ 6.348945837158455, 46.532064092047037 ], [ 6.350039651604912, 46.530869807767381 ], [ 6.3512224828796, 46.529716656528883 ], [ 6.35249108614012, 46.528607796318866 ], [ 6.353918690993699, 46.527491996998663 ], [ 6.350314406953617, 46.527579000553871 ], [ 6.285154443014178, 46.526935443359065 ], [ 6.283109146578142, 46.526877649100534 ], [ 6.281071044000348, 46.526746015713442 ], [ 6.279045729818601, 46.526540904530854 ], [ 6.277038763310625, 46.526262878577121 ], [ 6.275055653168373, 46.525912701015507 ], [ 6.273101842314173, 46.525491333044265 ], [ 6.27118269290138, 46.524999931246874 ], [ 6.269303471541452, 46.52443984440378 ], [ 6.26746933479883, 46.523812609775106 ], [ 6.265685314994106, 46.523119948863737 ], [ 6.263956306355109, 46.522363762671823 ], [ 6.26228705155446, 46.521546126463186 ], [ 6.260682128671037, 46.520669284046534 ], [ 6.259145938611475, 46.51973564159541 ], [ 6.257682693026628, 46.51874776102229 ], [ 6.256296402756115, 46.517708352925212 ], [ 6.254990866833022, 46.516620269126349 ], [ 6.253769662078683, 46.515486494824209 ], [ 6.252636133316128, 46.514310140379877 ], [ 6.251593384228746, 46.513094432761839 ], [ 6.250644268888944, 46.511842706671601 ], [ 6.249791383979669, 46.510558395376009 ], [ 6.249037061729503, 46.509245021270686 ] ], [ [ 6.549761015147563, 46.773727393070928 ], [ 6.552806911063562, 46.772234726375459 ], [ 6.549811105462432, 46.770695027755146 ], [ 6.548262785953619, 46.769765321825574 ], [ 6.546787458177825, 46.768781193448739 ], [ 6.545389166154611, 46.767745342939222 ], [ 6.544071741868157, 46.766660612371489 ], [ 6.542838794771127, 46.765529977758511 ], [ 6.541693701908195, 46.764356540863268 ], [ 6.540639598685951, 46.763143520667008 ], [ 6.539679370314355, 46.761894244516597 ], [ 6.538815643942704, 46.760612138976981 ], [ 6.53805078151118, 46.75930072041286 ], [ 6.537386873337113, 46.757963585326451 ], [ 6.536825732452676, 46.756604400478011 ], [ 6.536087417912191, 46.754111544921209 ], [ 6.51589815020114, 46.753949849236335 ], [ 6.515203784430277, 46.794426358869757 ], [ 6.515125690397487, 46.795838170814093 ], [ 6.514940106863409, 46.797245240527332 ], [ 6.514647534169308, 46.798643710809706 ], [ 6.514248766110118, 46.800029747737675 ], [ 6.513744887847808, 46.801399551181603 ], [ 6.513137273022958, 46.802749365233382 ], [ 6.512427580071461, 46.804075488516403 ], [ 6.511617747755625, 46.805374284348346 ], [ 6.510709989921056, 46.806642190729846 ], [ 6.509706789492833, 46.807875730130263 ], [ 6.508610891726906, 46.809071519044672 ], [ 6.507425296734373, 46.81022627729461 ], [ 6.504882118950622, 46.812334331115466 ], [ 6.534547594388756, 46.812573292819593 ], [ 6.534849971572312, 46.794583752065549 ], [ 6.534927546661039, 46.793171926453326 ], [ 6.535112593905002, 46.791764823566602 ], [ 6.535404597774254, 46.790366299660263 ], [ 6.535802749783167, 46.788980187180691 ], [ 6.536305950795375, 46.787610284270386 ], [ 6.536912814122118, 46.786260344369296 ], [ 6.537621669404583, 46.784934065942167 ], [ 6.53843056726869, 46.783635082358963 ], [ 6.539337284738715, 46.782366951956639 ], [ 6.54033933139423, 46.781133148308811 ], [ 6.541433956252616, 46.77993705072987 ], [ 6.542618155357874, 46.778781935039575 ], [ 6.543888680054257, 46.777670964612739 ], [ 6.545242045921645, 46.776607181738257 ], [ 6.546674542347916, 46.775593499311185 ], [ 6.548182242711691, 46.774632692880118 ], [ 6.549761015147563, 46.773727393070928 ] ], [ [ 6.871582140747345, 46.746271867554746 ], [ 6.869398110262603, 46.744185032409931 ], [ 6.86717015672549, 46.746249810454138 ], [ 6.865823918882824, 46.747317405700059 ], [ 6.864398188794761, 46.74833508905246 ], [ 6.862896873967546, 46.749300068225565 ], [ 6.86132408996521, 46.750209695396563 ], [ 6.859684149123047, 46.751061474494577 ], [ 6.857981548712003, 46.751853068073558 ], [ 6.856220958586807, 46.752582303749449 ], [ 6.854407208351764, 46.753247180183969 ], [ 6.85254527407989, 46.753845872598134 ], [ 6.850640264622228, 46.754376737800229 ], [ 6.848697407545441, 46.754838318713809 ], [ 6.846722034736848, 46.755229348393797 ], [ 6.844719567717164, 46.755548753518532 ], [ 6.842695502701905, 46.755795657348308 ], [ 6.84065539545335, 46.75596938214283 ], [ 6.838604845965439, 46.756069451029433 ], [ 6.836549483024599, 46.756095589317908 ], [ 6.777652303522841, 46.755769041016144 ], [ 6.777431230062295, 46.77375922507359 ], [ 6.777360039180732, 46.775171212075485 ], [ 6.777181377920963, 46.776578703768628 ], [ 6.776895727646972, 46.777977841815584 ], [ 6.776503863170093, 46.779364790481033 ], [ 6.776006850714525, 46.780735747154203 ], [ 6.775406045080961, 46.782086952783096 ], [ 6.774703086015188, 46.78341470219268 ], [ 6.773899893790672, 46.784715354258367 ], [ 6.772998664016506, 46.785985341906262 ], [ 6.772001861683934, 46.787221181912933 ], [ 6.770912214467372, 46.78841948447775 ], [ 6.769732705297352, 46.789576962540949 ], [ 6.768466564225404, 46.79069044082145 ], [ 6.767117259602669, 46.791756864550131 ], [ 6.76568848859598, 46.792773307873226 ], [ 6.764184167067329, 46.793736981903329 ], [ 6.762608418844128, 46.794645242395156 ], [ 6.760965564409785, 46.795495597024939 ], [ 6.759260109045521, 46.796285712252697 ], [ 6.757496730456252, 46.797013419749035 ], [ 6.755680265914618, 46.797676722367441 ], [ 6.753815698958804, 46.798273799646601 ], [ 6.751908145681121, 46.798803012826291 ], [ 6.749962840645475, 46.799262909363144 ], [ 6.747985122472951, 46.799652226934654 ], [ 6.743871579190267, 46.800270657354574 ], [ 6.743478701781989, 46.801657488596433 ], [ 6.742980642624164, 46.803028297453579 ], [ 6.742378759383614, 46.804379325276969 ], [ 6.741674694757983, 46.805706867376919 ], [ 6.740870372050256, 46.807007283195055 ], [ 6.739967989968384, 46.808277006303186 ], [ 6.738970016663348, 46.809512554201469 ], [ 6.737879183021481, 46.810710537888482 ], [ 6.736698475228594, 46.811867671177254 ], [ 6.735431126625893, 46.812980779730843 ], [ 6.73408060887953, 46.814046809792799 ], [ 6.732650622487537, 46.815062836587828 ], [ 6.731145086650109, 46.816026072370128 ], [ 6.729568128530613, 46.816933874095618 ], [ 6.727924071936966, 46.817783750698268 ], [ 6.72621742545423, 46.818573369948972 ], [ 6.724452870061351, 46.819300564878446 ], [ 6.722635246266105, 46.819963339746309 ], [ 6.720769540793959, 46.820559875538905 ], [ 6.718860872867789, 46.821088534981683 ], [ 6.716914480116674, 46.821547867050896 ], [ 6.714935704152965, 46.821936610972799 ], [ 6.712929975857985, 46.822253699698848 ], [ 6.710902800417434, 46.822498262847077 ], [ 6.708859742148404, 46.822669629101917 ], [ 6.706806409160516, 46.82276732806455 ], [ 6.704748437894207, 46.822791091550371 ], [ 6.67853963382346, 46.822619467801658 ], [ 6.67834878310065, 46.836111831212669 ], [ 6.704564158745054, 46.836283497634675 ], [ 6.706621638537587, 46.836333701031435 ], [ 6.708672477941539, 46.836457693467203 ], [ 6.710711064095348, 46.836655135591947 ], [ 6.712731817522388, 46.836925487029283 ], [ 6.714729207334789, 46.837268007848799 ], [ 6.71669776630726, 46.83768176058237 ], [ 6.718632105780524, 46.838165612778816 ], [ 6.720526930354414, 46.838718240090266 ], [ 6.722377052331137, 46.839338129881611 ], [ 6.724177405870008, 46.840023585353933 ], [ 6.725923060815431, 46.840772730170329 ], [ 6.72760923616097, 46.841583513572061 ], [ 6.729231313113055, 46.842453715971232 ], [ 6.730784847719007, 46.843380955004427 ], [ 6.732265583025088, 46.844362692032483 ], [ 6.733669460731583, 46.845396239067085 ], [ 6.734992632312951, 46.846478766106891 ], [ 6.736231469572814, 46.847607308862734 ], [ 6.73738257460456, 46.848778776851546 ], [ 6.73844278913031, 46.849989961836712 ], [ 6.739409203192188, 46.851237546592323 ], [ 6.740279163171791, 46.852518113967449 ], [ 6.741050279115459, 46.853828156226207 ], [ 6.741720431344502, 46.855164084638055 ], [ 6.742287776331881, 46.856522239292111 ], [ 6.74275075182828, 46.857898899109344 ], [ 6.743108081222863, 46.859290292025086 ], [ 6.747209581724088, 46.859958628495683 ], [ 6.749179220944268, 46.860371820206481 ], [ 6.7511146685668, 46.860855120856527 ], [ 6.753010626164148, 46.861407207607904 ], [ 6.754861902942996, 46.862026569305641 ], [ 6.756663429907348, 46.862711510597002 ], [ 6.758410273695072, 46.863460156553167 ], [ 6.760097650050627, 46.86427045778202 ], [ 6.76172093689758, 46.865140196016377 ], [ 6.763275686975543, 46.866066990164818 ], [ 6.764757640007186, 46.867048302807383 ], [ 6.766162734362331, 46.868081447119017 ], [ 6.767487118187174, 46.869163594202554 ], [ 6.7687271599683, 46.870291780810817 ], [ 6.769879458502359, 46.87146291743769 ], [ 6.770940852243953, 46.872673796755826 ], [ 6.771908428005882, 46.873921102378432 ], [ 6.772779528987397, 46.875201417921105 ], [ 6.773551762108187, 46.876511236339852 ], [ 6.774223004627158, 46.877846969519432 ], [ 6.774791410027522, 46.87920495808612 ], [ 6.775255413151076, 46.880581481418233 ], [ 6.775613734566944, 46.8819727678273 ], [ 6.775865384161943, 46.883375004882211 ], [ 6.77600966394172, 46.884784349847891 ], [ 6.776046170034161, 46.886196940210311 ], [ 6.775541389546098, 46.927057420375576 ], [ 6.779164832575692, 46.927614532631054 ], [ 6.781137198365496, 46.928027169227342 ], [ 6.783075371232552, 46.928509923519115 ], [ 6.784974045300414, 46.929061474164421 ], [ 6.786828022349902, 46.929680311476517 ], [ 6.788632226002342, 46.930364741538817 ], [ 6.790381715576142, 46.931112890823037 ], [ 6.792071699579387, 46.931922711297631 ], [ 6.793697548802038, 46.93279198601283 ], [ 6.795254808972252, 46.933718335147567 ], [ 6.796739212942486, 46.934699222501699 ], [ 6.798146692372329, 46.935731962416227 ], [ 6.799473388876013, 46.936813727102944 ], [ 6.800715664604295, 46.937941554363732 ], [ 6.80187011223143, 46.939112355678482 ], [ 6.802933564319875, 46.940322924640107 ], [ 6.803903102036664, 46.941569945713923 ], [ 6.804776063197204, 46.942850003297075 ], [ 6.805550049614075, 46.944159591054571 ], [ 6.806222933729901, 46.945495121505282 ], [ 6.806792864515752, 46.946852935833199 ], [ 6.807258272617936, 46.948229313896441 ], [ 6.807617874738407, 46.949620484406928 ], [ 6.811727077240254, 46.950286496020077 ], [ 6.813700525999633, 46.950698569807138 ], [ 6.815639809925466, 46.951180770723298 ], [ 6.817539620106015, 46.951731778941877 ], [ 6.819394755218165, 46.952350086261212 ], [ 6.821200135719069, 46.95303400021605 ], [ 6.822950817711264, 46.953781648691638 ], [ 6.824642006444001, 46.954590985028162 ], [ 6.826269069414249, 46.955459793602188 ], [ 6.827827549031957, 46.95638569586994 ], [ 6.829313174815153, 46.957366156855848 ], [ 6.830721875081826, 46.958398492069684 ], [ 6.832049788106523, 46.959479874832795 ], [ 6.83424112609564, 46.961567359321023 ], [ 6.836479282392411, 46.959503289341633 ], [ 6.837831424881615, 46.958436073480293 ], [ 6.839263238400782, 46.957418753362411 ], [ 6.840770798135416, 46.956454114506649 ], [ 6.842349972546811, 46.95554479804057 ], [ 6.843996434689857, 46.954693293493065 ], [ 6.845705674056824, 46.953901932001962 ], [ 6.847473008914737, 46.953172879954792 ], [ 6.849293599102884, 46.952508133080386 ], [ 6.851162459255754, 46.95190951100642 ], [ 6.85307447241557, 46.951378652298423 ], [ 6.855024403997766, 46.950917009992587 ], [ 6.857006916071756, 46.95052584763534 ], [ 6.859016581918515, 46.950206235839453 ], [ 6.861047900825976, 46.949959049366328 ], [ 6.863095313082497, 46.949784964742229 ], [ 6.865153215128212, 46.949684458415121 ], [ 6.867215974823671, 46.949657805456134 ], [ 6.900054839388234, 46.949817263996025 ], [ 6.90211684621389, 46.94986394594202 ], [ 6.904172467183837, 46.949984426657487 ], [ 6.906216076373325, 46.950178376403755 ], [ 6.908242080584144, 46.950445264363253 ], [ 6.910244934585549, 46.950784360085827 ], [ 6.912219156226866, 46.951194735479014 ], [ 6.914159341381278, 46.951675267337336 ], [ 6.916060178680712, 46.952224640403202 ], [ 6.917916464002292, 46.952841350951871 ], [ 6.91972311466748, 46.953523710890209 ], [ 6.921475183315608, 46.954269852359154 ], [ 6.923167871414497, 46.955077732826311 ], [ 6.924796542371614, 46.955945140656254 ], [ 6.926356734210329, 46.95686970114275 ], [ 6.927844171776799, 46.957848882987065 ], [ 6.929254778444436, 46.958880005204705 ], [ 6.930584687283817, 46.959960244442328 ], [ 6.93183025166767, 46.961086642684826 ], [ 6.932988055281617, 46.96225611533167 ], [ 6.93405492151324, 46.963465459621453 ], [ 6.935027922193343, 46.964711363380914 ], [ 6.935904385665105, 46.965990414075179 ], [ 6.936681904158616, 46.967299108135343 ], [ 6.937358340449838, 46.968633860537061 ], [ 6.93793183378534, 46.969991014604446 ], [ 6.93840080505561, 46.971366852013695 ], [ 6.938763961202104, 46.972757602967398 ], [ 6.942876556984622, 46.973418904115057 ], [ 6.944851860645116, 46.973828715163584 ], [ 6.946793156124066, 46.974308692072469 ], [ 6.948695129020138, 46.974857521103509 ], [ 6.95055257210795, 46.975473700021517 ], [ 6.952360399545622, 46.97615554218924 ], [ 6.954113660756859, 46.976901181165552 ], [ 6.955807553950275, 46.977708575794502 ], [ 6.957437439239391, 46.978575515771567 ], [ 6.958998851327804, 46.979499627672546 ], [ 6.960487511725096, 46.980478381427929 ], [ 6.96189934046034, 46.981509097226692 ], [ 6.963230467261099, 46.982588952829843 ], [ 6.964477242167524, 46.983714991274226 ], [ 6.965636245552135, 46.984884128946369 ], [ 6.966704297517942, 46.986093164004075 ], [ 6.967678466648657, 46.987338785122731 ], [ 6.968556078086704, 46.988617580543824 ], [ 6.969334720916525, 46.989926047399734 ], [ 6.970012254832145, 46.99126060129057 ], [ 6.970586816070355, 46.992617586086723 ], [ 6.971056822592291, 46.99399328393028 ], [ 6.971420978498534, 46.995383925408674 ], [ 6.971678277664737, 46.996785699872234 ], [ 6.971828006586903, 46.998194765867979 ], [ 6.971869746427521, 46.999607261660714 ], [ 6.971712825985288, 47.017597082748509 ], [ 6.992002373469147, 47.01767809450844 ], [ 6.992806941519947, 47.015194448547483 ], [ 6.993404878814911, 47.01384215395732 ], [ 6.994105440969612, 47.012513111568943 ], [ 6.994906701222049, 47.011210962352656 ], [ 6.99580645740947, 47.00993927334418 ], [ 6.996802238069619, 47.008701527890246 ], [ 6.997891309272593, 47.007501116125866 ], [ 6.999070682164276, 47.006341325708789 ], [ 7.000337121199865, 47.005225332836787 ], [ 7.001687153044616, 47.004156193571369 ], [ 7.003117076117053, 47.003136835492185 ], [ 7.004622970748142, 47.002170049703814 ], [ 7.00620070992856, 47.00125848321732 ], [ 7.007845970614488, 47.000404631726312 ], [ 7.00955424556104, 46.999610832797828 ], [ 7.01132085565103, 46.998879259495432 ], [ 7.01314096268562, 46.998211914452639 ], [ 7.01500958260213, 46.997610624411536 ], [ 7.016921599083259, 46.997077035242363 ], [ 7.018871777520981, 46.99661260745647 ], [ 7.020854779297549, 46.996218612225405 ], [ 7.024980128934693, 46.995590225787858 ], [ 7.025367146981723, 46.994202477739734 ], [ 7.025859762297781, 46.992830487787231 ], [ 7.026456617101489, 46.9914780151218 ], [ 7.027156068353477, 46.990148765179093 ], [ 7.027956192337511, 46.988846379500323 ], [ 7.02885479000508, 46.987574425771179 ], [ 7.029849393068092, 46.986336388065602 ], [ 7.030937270822069, 46.985135657320981 ], [ 7.032115437680741, 46.983975522070629 ], [ 7.03338066140067, 46.982859159458478 ], [ 7.034729471972986, 46.981789626560158 ], [ 7.036158171157539, 46.980769852034733 ], [ 7.037662842632972, 46.979802628128461 ], [ 7.03923936273492, 46.97889060305323 ], [ 7.040883411752671, 46.9780362737594 ], [ 7.042590485753596, 46.977241979123015 ], [ 7.044355908902905, 46.976509893565641 ], [ 7.04617484624542, 46.975842021123711 ], [ 7.048042316914571, 46.975240189983744 ], [ 7.049953207733003, 46.974706047497584 ], [ 7.051902287167946, 46.974241055691543 ], [ 7.053884219603913, 46.9738464872813 ], [ 7.055893579894144, 46.973523422202966 ], [ 7.057924868151901, 46.973272744669998 ], [ 7.059972524741767, 46.973095140763974 ], [ 7.062030945430894, 46.972991096564634 ], [ 7.064094496659535, 46.972960896825988 ], [ 7.129801794998006, 46.973157449304381 ], [ 7.13343317206254, 46.973288706064501 ], [ 7.132022930920345, 46.972155632706809 ], [ 7.130772911970125, 46.971031417735063 ], [ 7.129610612891899, 46.969863950208968 ], [ 7.128539216346822, 46.968656432765663 ], [ 7.127561655026343, 46.967412177690989 ], [ 7.126680603657166, 46.966134597812683 ], [ 7.125898471721612, 46.964827197119853 ], [ 7.125217396912983, 46.963493561134051 ], [ 7.124639239342942, 46.962137347059581 ], [ 7.124165576516289, 46.960762273739562 ], [ 7.123797699085967, 46.959372111445965 ], [ 7.119683961244999, 46.958717306143406 ], [ 7.117707883738778, 46.958310509915833 ], [ 7.115765643128685, 46.957833429358026 ], [ 7.113862569538573, 46.957287373951715 ], [ 7.112003885135323, 46.956673842457249 ], [ 7.110194689749711, 46.955994518782873 ], [ 7.108439946839971, 46.955251267344295 ], [ 7.106744469837123, 46.954446127927966 ], [ 7.105112908910029, 46.953581310071712 ], [ 7.103549738186945, 46.952659186978828 ], [ 7.102059243468974, 46.951682288982617 ], [ 7.10064551046922, 46.950653296579667 ], [ 7.099312413610221, 46.949575033051097 ], [ 7.09806360541022, 46.94845045669242 ], [ 7.096902506487455, 46.947282652674041 ], [ 7.095832296209567, 46.946074824554238 ], [ 7.094855904013555, 46.944830285469152 ], [ 7.093976001419679, 46.943552449023692 ], [ 7.093194994760645, 46.942244819908353 ], [ 7.092515018645599, 46.940910984269038 ], [ 7.091937930175971, 46.939554599855285 ], [ 7.091465303928474, 46.938179385975069 ], [ 7.09109842771812, 46.936789113283361 ], [ 7.090838299151983, 46.9353875934329 ], [ 7.090685622982285, 46.933978668615794 ], [ 7.0906408092651, 46.932566201024223 ], [ 7.090786856829275, 46.910078386734448 ], [ 7.090849989612174, 46.90866624261816 ], [ 7.091020872455064, 46.907258297618895 ], [ 7.091299028594616, 46.905858410339739 ], [ 7.091683687432483, 46.904470417002877 ], [ 7.092173786737127, 46.903098120943646 ], [ 7.092767975641891, 46.901745282196977 ], [ 7.093464618430122, 46.900415607206483 ], [ 7.094261799096076, 46.899112738682412 ], [ 7.09515732666824, 46.897840245637809 ], [ 7.09614874127977, 46.896601613628263 ], [ 7.097233320968543, 46.895400235223249 ], [ 7.098408089187757, 46.894239400733994 ], [ 7.099669823005785, 46.893122289223136 ], [ 7.101015061972412, 46.892051959820812 ], [ 7.102440117626894, 46.891031343370443 ], [ 7.103941083621313, 46.890063234426798 ], [ 7.105513846431586, 46.889150283627679 ], [ 7.107154096626527, 46.888294990460587 ], [ 7.108857340664288, 46.887499696442717 ], [ 7.110618913183893, 46.8867665787335 ], [ 7.112433989758531, 46.886097644196688 ], [ 7.114297600076029, 46.885494723927593 ], [ 7.11620464151077, 46.884959468260618 ], [ 7.118149893050521, 46.884493342270083 ], [ 7.120128029540583, 46.884097621776888 ], [ 7.122133636206926, 46.88377338987106 ], [ 7.124161223419392, 46.883521533960099 ], [ 7.126205241655237, 46.88334274335098 ], [ 7.128260096622993, 46.883237507371611 ], [ 7.130320164506102, 46.883206114037662 ], [ 7.156559488227596, 46.883274068597117 ], [ 7.156654175456967, 46.865283627595915 ], [ 7.156715525945326, 46.863871437770449 ], [ 7.156884541940395, 46.862463385082272 ], [ 7.157160751807318, 46.861063328434405 ], [ 7.157543390292139, 46.859675104518104 ], [ 7.158031400708876, 46.858302517305241 ], [ 7.158623437922297, 46.856949327633281 ], [ 7.159317872117278, 46.855619242911807 ], [ 7.160112793343493, 46.854315906978115 ], [ 7.161006016822109, 46.853042890129949 ], [ 7.161995088999256, 46.851803679361872 ], [ 7.163077294328814, 46.850601668832532 ], [ 7.164249662765459, 46.849440150588059 ], [ 7.165508977946785, 46.848322305567237 ], [ 7.166851786041618, 46.847251194912189 ], [ 7.168274405240036, 46.846229751608654 ], [ 7.169772935858661, 46.84526077247817 ], [ 7.1713432710335, 46.844346910543763 ], [ 7.172981107970963, 46.843490667789595 ], [ 7.174681959726269, 46.842694388334642 ], [ 7.176441167477086, 46.841960252037808 ], [ 7.178253913259116, 46.841290268552719 ], [ 7.180115233129047, 46.840686271847304 ], [ 7.18202003071926, 46.840149915203554 ], [ 7.183963091147677, 46.839682666710175 ], [ 7.185939095245382, 46.83928580526112 ], [ 7.18794263406352, 46.838960417069757 ], [ 7.189968223620767, 46.838707392708727 ], [ 7.192010319851599, 46.838527424683079 ], [ 7.194063333715398, 46.838421005543381 ], [ 7.196121646425865, 46.83838842654346 ], [ 7.222897926808654, 46.838442345800829 ], [ 7.223689152365175, 46.835957015289679 ], [ 7.224279292208586, 46.834603481653254 ], [ 7.224971814756267, 46.833272994224906 ], [ 7.225764815293997, 46.831969197949469 ], [ 7.226656114302233, 46.830695664389957 ], [ 7.227643263495239, 46.829455881960243 ], [ 7.228723552589475, 46.82825324638867 ], [ 7.229894016782349, 46.827091051436824 ], [ 7.231151444920028, 46.825972479900081 ], [ 7.232492388331645, 46.824900594913245 ], [ 7.233913170305263, 46.823878331585313 ], [ 7.235409896179349, 46.822908488985753 ], [ 7.236978464022027, 46.82199372250416 ], [ 7.238614575868705, 46.821136536603355 ], [ 7.240313749487401, 46.820339277986243 ], [ 7.242071330639687, 46.819604129193849 ], [ 7.243882505803836, 46.81893310265292 ], [ 7.245742315325788, 46.818328035187776 ], [ 7.247645666962267, 46.81779058301229 ], [ 7.249587349779501, 46.817322217214667 ], [ 7.251562048370165, 46.81692421974752 ], [ 7.255670944135311, 46.816287512339493 ], [ 7.256050723268746, 46.814898950981593 ], [ 7.256535815357319, 46.813525935626494 ], [ 7.257124883267433, 46.812172228291843 ], [ 7.25781630532265, 46.810841537812315 ], [ 7.258795239625884, 46.80926983520034 ], [ 7.257826929542651, 46.807695041109923 ], [ 7.257144575240243, 46.806362159054302 ], [ 7.256564782363915, 46.80500657992603 ], [ 7.256089132957952, 46.803632020835657 ], [ 7.255718923177536, 46.80224225065389 ], [ 7.255455159819084, 46.800841079667251 ], [ 7.255298557647563, 46.799432349123173 ], [ 7.255249537527191, 46.798019920693321 ], [ 7.25532649620307, 46.77553150468875 ], [ 7.2553851575128, 46.774119245867858 ], [ 7.255551312574147, 46.772711031348557 ], [ 7.255824497618236, 46.771310720484749 ], [ 7.256203955703461, 46.769922150671576 ], [ 7.256688638879585, 46.768549126835879 ], [ 7.257277211146335, 46.767195411018704 ], [ 7.257968052197577, 46.76586471207807 ], [ 7.258759261939801, 46.764560675540778 ], [ 7.259648665771721, 46.763286873630314 ], [ 7.260633820609791, 46.762046795498016 ], [ 7.261712021642289, 46.76084383768427 ], [ 7.262880309792973, 46.75968129483541 ], [ 7.265391228854053, 46.757556445842525 ], [ 7.259877316880643, 46.757510909569667 ], [ 7.257828264340586, 46.757396813250431 ], [ 7.255790721456564, 46.757209136147267 ], [ 7.25377028115166, 46.756948393430854 ], [ 7.251772489194133, 46.756615300826688 ], [ 7.249802828910368, 46.756210772642305 ], [ 7.247866706072983, 46.755735919246241 ], [ 7.245579885471899, 46.755063529576418 ], [ 7.243288251423785, 46.755728132960712 ], [ 7.241348733387882, 46.756196395302425 ], [ 7.239376184914829, 46.756594219225228 ], [ 7.237376019739183, 46.756920512760431 ], [ 7.235353727730178, 46.757174380261887 ], [ 7.233314859761465, 46.757355124875211 ], [ 7.231265012409744, 46.757462250458893 ], [ 7.229209812525178, 46.757495462952406 ], [ 7.196487443946569, 46.757430428057468 ], [ 7.194432560581893, 46.757389046875531 ], [ 7.192383651993672, 46.757273775115507 ], [ 7.190346342443583, 46.757084929199131 ], [ 7.188326224211377, 46.756823027505249 ], [ 7.186328842177364, 46.756488788940594 ], [ 7.184359678537827, 46.756083130957904 ], [ 7.182424137696309, 46.755607167026469 ], [ 7.180138139990897, 46.754933465702742 ], [ 7.177845705153673, 46.755596754225252 ], [ 7.175905623835873, 46.756063903769274 ], [ 7.173932597754607, 46.756460595969671 ], [ 7.17193204196109, 46.75678574196381 ], [ 7.169909447401477, 46.757038449255141 ], [ 7.167870365783612, 46.757218024173909 ], [ 7.165820394273303, 46.757323973789283 ], [ 7.163765160063083, 46.757356007268662 ], [ 7.131042972255256, 46.757272200636002 ], [ 7.128988145921554, 46.757229640649619 ], [ 7.126939384133827, 46.757113193537229 ], [ 7.124902310749006, 46.756923178946771 ], [ 7.122882517395715, 46.756660118465 ], [ 7.120885548058573, 46.756324734179323 ], [ 7.118916883796126, 46.755917946687035 ], [ 7.116981927635338, 46.75544087255733 ], [ 7.115085989684846, 46.754894821253508 ], [ 7.113234272508739, 46.75428129152364 ], [ 7.111431856801657, 46.753601967270043 ], [ 7.109683687405221, 46.752858712908854 ], [ 7.107994559704768, 46.752053568233443 ], [ 7.106369106444171, 46.751188742794682 ], [ 7.104811784995404, 46.750266609815462 ], [ 7.103326865118078, 46.749289699654909 ], [ 7.101918417242671, 46.748260692841747 ], [ 7.100590301309878, 46.747182412695338 ], [ 7.099346156196507, 46.746057817555489 ], [ 7.098189389757067, 46.744889992642989 ], [ 7.097123169507947, 46.743682141572272 ], [ 7.096150413979591, 46.742437577541487 ], [ 7.095273784759978, 46.741159714222761 ], [ 7.094495679250634, 46.739852056379576 ], [ 7.093818224154648, 46.738518190235759 ], [ 7.093243269713693, 46.737161773623896 ], [ 7.092479509488242, 46.734672576637905 ], [ 7.03958813762051, 46.734499313627211 ], [ 7.039454597328229, 46.752489948424412 ], [ 7.039390300652006, 46.753902094513805 ], [ 7.039218555122127, 46.755309992082161 ], [ 7.038939823143888, 46.756709781698461 ], [ 7.038554860556996, 46.75809762586006 ], [ 7.038064714653159, 46.759469719519515 ], [ 7.037470721391782, 46.760822300525504 ], [ 7.03677450182043, 46.762151659949261 ], [ 7.035977957708961, 46.763454152267975 ], [ 7.035083266408511, 46.764726205377215 ], [ 7.034092874948461, 46.765964330404216 ], [ 7.033009493387133, 46.767165131295542 ], [ 7.03183608743351, 46.7683253141522 ], [ 7.030575870359844, 46.769441696286194 ], [ 7.029232294226796, 46.770511214973787 ], [ 7.027809040444781, 46.771530935880932 ], [ 7.026310009697213, 46.772498061137384 ], [ 7.024739311252982, 46.773409937037066 ], [ 7.023101251697556, 46.774264061343239 ], [ 7.021400323113535, 46.775058090178362 ], [ 7.019641190743307, 46.775789844478879 ], [ 7.017828680167848, 46.776457315997391 ], [ 7.015967764037172, 46.777058672835125 ], [ 7.014063548389303, 46.777592264489535 ], [ 7.012121258595846, 46.778056626402474 ], [ 7.010146224973228, 46.778450483996771 ], [ 7.008143868099928, 46.778772756189291 ], [ 7.006119683880605, 46.779022558371217 ], [ 7.004079228399013, 46.779199204846634 ], [ 7.002028102602068, 46.779302210723088 ], [ 6.999971936858089, 46.779331293248475 ], [ 6.967236738727829, 46.779200504203651 ], [ 6.965181209779681, 46.779154993959459 ], [ 6.963131972656836, 46.779035605637077 ], [ 6.961094652519918, 46.778842666957992 ], [ 6.959074841670942, 46.778576707535315 ], [ 6.957078084135798, 46.778238457413522 ], [ 6.955109860382166, 46.777828845055559 ], [ 6.953175572215715, 46.77734899478358 ], [ 6.951280527896871, 46.776800223679402 ], [ 6.949429927519863, 46.776184037954323 ], [ 6.947628848694786, 46.775502128798067 ], [ 6.945882232572774, 46.774756367718481 ], [ 6.944194870253122, 46.773948801384904 ], [ 6.942571389610177, 46.773081645990203 ], [ 6.941016242576583, 46.772157281146491 ], [ 6.939533692918083, 46.771178243332237 ], [ 6.938127804533552, 46.770147218908342 ], [ 6.936802430312636, 46.769067036723634 ], [ 6.935561201581367, 46.767940660329486 ], [ 6.934407518164833, 46.766771179825668 ], [ 6.933344539093761, 46.765561803360157 ], [ 6.932375173980357, 46.764315848306474 ], [ 6.931502075086571, 46.763036732143021 ], [ 6.93072763010607, 46.761727963059521 ], [ 6.930053955679186, 46.760393130317055 ], [ 6.929482891657847, 46.759035894388219 ], [ 6.928726387995335, 46.75654561220059 ], [ 6.901991303621405, 46.756422756093215 ], [ 6.89993669939865, 46.756376070630914 ], [ 6.897888473834377, 46.756255510526415 ], [ 6.895852249307133, 46.756061406717706 ], [ 6.893833615105209, 46.755794292015985 ], [ 6.891838112017519, 46.755454899636561 ], [ 6.889871217060478, 46.755044161177558 ], [ 6.887938328383844, 46.754563204051415 ], [ 6.88604475039763, 46.754013348377349 ], [ 6.884195679161871, 46.753396103342695 ], [ 6.88239618807992, 46.752713163043445 ], [ 6.880651213935311, 46.751966401816077 ], [ 6.878965543311018, 46.751157869073339 ], [ 6.877343799428922, 46.750289783658403 ], [ 6.875790429445948, 46.749364527733547 ], [ 6.874309692242155, 46.748384640220081 ], [ 6.872905646734315, 46.747352809807978 ], [ 6.871582140747345, 46.746271867554746 ] ], [ [ 7.550168323315427, 46.892566128628559 ], [ 7.497680203898284, 46.892604835868056 ], [ 7.497694792752286, 46.906097691064453 ], [ 7.523945451973471, 46.906081344490424 ], [ 7.526006257162441, 46.906116789212874 ], [ 7.528061538329911, 46.906226065744995 ], [ 7.530105670490924, 46.906408875012744 ], [ 7.532133059036406, 46.906664716689463 ], [ 7.534138154977689, 46.906992890559259 ], [ 7.536115470069029, 46.907392498424826 ], [ 7.538059591767531, 46.907862446555249 ], [ 7.540356559575479, 46.908528954213651 ], [ 7.542651019616736, 46.907858402156833 ], [ 7.544593371932366, 46.907385030591421 ], [ 7.546569181269208, 46.906981940580465 ], [ 7.550196881619719, 46.906442362136659 ], [ 7.550168323315427, 46.892566128628559 ] ], [ [ 7.168612975858116, 47.094689448284733 ], [ 7.168542734140212, 47.10856507866545 ], [ 7.172182507701107, 47.109109721882028 ], [ 7.176112829869821, 47.109991641183669 ], [ 7.179886750147448, 47.111149086031197 ], [ 7.183462965968961, 47.112569392407813 ], [ 7.186802329282425, 47.11423701912932 ], [ 7.18986827398962, 47.116133717243926 ], [ 7.192627215667086, 47.118238729014507 ], [ 7.195048919227997, 47.120529014345422 ], [ 7.197106830509784, 47.122979502216083 ], [ 7.1987783681408, 47.125563364411029 ], [ 7.200045172447894, 47.128252308587761 ], [ 7.2008195533578, 47.130740616711421 ], [ 7.227742136908306, 47.130793416158241 ], [ 7.229811385811515, 47.130834194680418 ], [ 7.233926369774154, 47.131136878835527 ], [ 7.237972529399316, 47.131731303913078 ], [ 7.241905596314634, 47.132610966730461 ], [ 7.244208507036226, 47.133283386076577 ], [ 7.246516300187606, 47.13261880757112 ], [ 7.250455743563205, 47.131752532537547 ], [ 7.252469840642692, 47.131426030828614 ], [ 7.256559236391761, 47.130990764689699 ], [ 7.260692865662111, 47.130849451302112 ], [ 7.293643657846821, 47.130896035617297 ], [ 7.295712960219878, 47.130935627133312 ], [ 7.299828323307255, 47.131235950684108 ], [ 7.303875221118286, 47.131828054531695 ], [ 7.307809377240372, 47.132705460889966 ], [ 7.311587743313874, 47.133858570291707 ], [ 7.315168968274635, 47.135274766169708 ], [ 7.318513849417616, 47.136938552338073 ], [ 7.321585760426364, 47.13883172190058 ], [ 7.323008710054647, 47.139857942871053 ], [ 7.325609104863302, 47.142055615278899 ], [ 7.327858783118038, 47.144426664323085 ], [ 7.328844235033297, 47.145669160244552 ], [ 7.330522843181839, 47.148251088302288 ], [ 7.331796806373498, 47.150938561763049 ], [ 7.33265211144273, 47.153702149568829 ], [ 7.336783438722028, 47.15434927557429 ], [ 7.340719791055735, 47.15522555033624 ], [ 7.342632216136878, 47.155767811036576 ], [ 7.346319399551111, 47.157053161865562 ], [ 7.349789610656448, 47.158594261936059 ], [ 7.353004856743938, 47.160374247664521 ], [ 7.355929924971504, 47.162373639660935 ], [ 7.358532767546131, 47.164570555166108 ], [ 7.360784852848548, 47.166940946799329 ], [ 7.362661478653504, 47.169458865044319 ], [ 7.363452389699905, 47.170764586667914 ], [ 7.364728544539979, 47.173451680429892 ], [ 7.365585912090793, 47.176215008027434 ], [ 7.369719377438579, 47.176860946658849 ], [ 7.373657926902528, 47.177736088596717 ], [ 7.377440894749725, 47.178887019708206 ], [ 7.379261018948781, 47.179562085336329 ], [ 7.382733640671478, 47.181102182361428 ], [ 7.384376626935689, 47.181962997733713 ], [ 7.38745345708933, 47.183854385407798 ], [ 7.390223666794981, 47.185954610727499 ], [ 7.391484162002187, 47.187075936545966 ], [ 7.39373865681925, 47.189445669452326 ], [ 7.395617625230274, 47.191963035715126 ], [ 7.396409674436541, 47.193268523318082 ], [ 7.397688023720367, 47.195955236194422 ], [ 7.398547456627135, 47.198718302471896 ], [ 7.402683060721629, 47.199363052529392 ], [ 7.40467020834562, 47.199764907678905 ], [ 7.408538512372784, 47.20077821841835 ], [ 7.412230385735619, 47.202061440425766 ], [ 7.415705419681946, 47.203600533069789 ], [ 7.417349628810772, 47.204460872472936 ], [ 7.420428921493675, 47.206351367168637 ], [ 7.423201593675536, 47.208450786184628 ], [ 7.425637260210382, 47.210736150720201 ], [ 7.426720218478292, 47.211940817017776 ], [ 7.428601532117179, 47.21445763002238 ], [ 7.43008660028574, 47.217094627042414 ], [ 7.43115910138274, 47.219822931971308 ], [ 7.431807225557304, 47.2226126644224 ], [ 7.432023806688489, 47.225433266602074 ], [ 7.432020620751893, 47.247919787655313 ], [ 7.431841834239861, 47.250405875205438 ], [ 7.43350081698016, 47.249436016132847 ], [ 7.436856704910011, 47.247775980233307 ], [ 7.440448844351629, 47.246363788637446 ], [ 7.444237913356317, 47.245214893691923 ], [ 7.446193409301302, 47.244743227267122 ], [ 7.450199572731644, 47.244011907927081 ], [ 7.452239274489102, 47.243754256621258 ], [ 7.456364020074377, 47.243458494657816 ], [ 7.458437775075669, 47.243421193461437 ], [ 7.491458091549545, 47.243411051750911 ], [ 7.495600094086454, 47.243556931124843 ], [ 7.499697071071584, 47.243996705495249 ], [ 7.501714635503511, 47.244325424210174 ], [ 7.505660319658324, 47.24519602871348 ], [ 7.507577638461525, 47.245735531619523 ], [ 7.5112749981428, 47.247015559262714 ], [ 7.513044914947955, 47.247752580195367 ], [ 7.516402999255277, 47.249410554027854 ], [ 7.517981967829949, 47.250326968021255 ], [ 7.520918137277048, 47.25232211213612 ], [ 7.522267290352109, 47.253395379476721 ], [ 7.524709247049081, 47.255678618265406 ], [ 7.526787484483955, 47.258123096564013 ], [ 7.528479198912101, 47.260702052102985 ], [ 7.529765809794372, 47.263387246434043 ], [ 7.530633165364616, 47.266149273567734 ], [ 7.534775584560976, 47.266789262667338 ], [ 7.538723468540558, 47.267658728802914 ], [ 7.540641928445686, 47.268197677810988 ], [ 7.544341637131352, 47.26947663580885 ], [ 7.547824866349862, 47.271011708407897 ], [ 7.55095610909471, 47.272729658354372 ], [ 7.551002530645881, 47.268940327413517 ], [ 7.551430385843359, 47.266130956329981 ], [ 7.551805669083935, 47.26474154769987 ], [ 7.552873766390605, 47.262012310064797 ], [ 7.554354955561736, 47.2593740069711 ], [ 7.555245544167462, 47.258098031944222 ], [ 7.557314483784341, 47.255649900969487 ], [ 7.559747754619635, 47.253362368264455 ], [ 7.562518675880315, 47.251260474660548 ], [ 7.565596881412361, 47.249367226074554 ], [ 7.5672407998365, 47.248505414303793 ], [ 7.57071576200627, 47.246963206235606 ], [ 7.572537288066929, 47.246287031744203 ], [ 7.576323503706352, 47.245133791394991 ], [ 7.580265862755566, 47.244256239398403 ], [ 7.584321227210139, 47.243663976811987 ], [ 7.588445228154943, 47.243363483156635 ], [ 7.590518884219638, 47.243323802903205 ], [ 7.627029496121617, 47.243270148865513 ], [ 7.624495409331615, 47.241145731263899 ], [ 7.622228500392899, 47.23878056309038 ], [ 7.620337209411733, 47.236266939289031 ], [ 7.618842217718116, 47.2336324183375 ], [ 7.617759854017017, 47.230905880083697 ], [ 7.617101917709562, 47.228117208655945 ], [ 7.616875552207264, 47.225296964539496 ], [ 7.616800941770007, 47.202810369144302 ], [ 7.617008475643775, 47.199989438034045 ], [ 7.617647467806587, 47.197198740683994 ], [ 7.618710852154395, 47.194468845554226 ], [ 7.62018691862464, 47.191829650540257 ], [ 7.622059444086808, 47.189310055905011 ], [ 7.623138118484388, 47.188103789230261 ], [ 7.625565496243508, 47.185814826766219 ], [ 7.628330326620179, 47.183711313729539 ], [ 7.631402310097762, 47.181816273787817 ], [ 7.634747796214999, 47.18015044651073 ], [ 7.638330151945973, 47.17873206114264 ], [ 7.642110162147675, 47.177576637835749 ], [ 7.64604645772786, 47.176696818480075 ], [ 7.649691452950035, 47.176154115454253 ], [ 7.649635428579176, 47.161895300487352 ], [ 7.645987266194148, 47.161365806540459 ], [ 7.642045488976104, 47.160499994390939 ], [ 7.638258148105159, 47.159357769889553 ], [ 7.63466678447341, 47.15795166451489 ], [ 7.631310780276291, 47.156297103728939 ], [ 7.628226926026714, 47.154412237102953 ], [ 7.625449016535486, 47.152317738510817 ], [ 7.623007480325209, 47.150036578621147 ], [ 7.620929046551717, 47.147593772224219 ], [ 7.61923645306876, 47.145016103206025 ], [ 7.617948198793926, 47.142331830225231 ], [ 7.617078343023516, 47.139570376354477 ], [ 7.616636353807558, 47.136762006120797 ], [ 7.616577486590788, 47.135349833541852 ], [ 7.616516726232114, 47.116976810411174 ], [ 7.612871953708712, 47.116446259965791 ], [ 7.608934020887641, 47.115579303368797 ], [ 7.605150565720793, 47.114435976175805 ], [ 7.6015630864076, 47.11302882195799 ], [ 7.598210922478256, 47.111373277676527 ], [ 7.595130822279987, 47.109487503681926 ], [ 7.592356539423466, 47.107392183789273 ], [ 7.589918462651115, 47.105110297661042 ], [ 7.587843283196433, 47.102666868036209 ], [ 7.586153703265006, 47.100088685617187 ], [ 7.584868188790673, 47.097404014672776 ], [ 7.584000769110332, 47.094642282618693 ], [ 7.58356088566461, 47.091833757010953 ], [ 7.583502940135293, 47.09042155337746 ], [ 7.583454605088025, 47.072431707377461 ], [ 7.557122445890209, 47.072461698422245 ], [ 7.552993507479571, 47.072318026929821 ], [ 7.54890922496989, 47.071880131657188 ], [ 7.544914411474079, 47.07115281732672 ], [ 7.541052894100054, 47.070144063999727 ], [ 7.537367031185526, 47.068864939143808 ], [ 7.533897245991129, 47.067329475703637 ], [ 7.530681582058056, 47.06555451753983 ], [ 7.527755285178706, 47.063559533965467 ], [ 7.525150416613429, 47.061366405451942 ], [ 7.522895501818005, 47.058999182895555 ], [ 7.521015218530339, 47.056483823126243 ], [ 7.520222156220104, 47.055179154613668 ], [ 7.519530127606238, 47.053847903599056 ], [ 7.518941022855364, 47.052493720772731 ], [ 7.518456449500023, 47.051120319435114 ], [ 7.518077728111128, 47.049731465301555 ], [ 7.513952287600491, 47.049090842998886 ], [ 7.511969909600766, 47.048690862387936 ], [ 7.508110631289421, 47.04768099588761 ], [ 7.504427099970551, 47.046400807107155 ], [ 7.500959713279363, 47.0448643406583 ], [ 7.49931905915167, 47.044005165547787 ], [ 7.497746488402917, 47.043088451397743 ], [ 7.496246312688247, 47.042116713712169 ], [ 7.494822644342823, 47.041092618842747 ], [ 7.493479385105339, 47.04001897664903 ], [ 7.492220215428476, 47.038898732765169 ], [ 7.491048584405756, 47.03773496049466 ], [ 7.489967700342096, 47.036530852356286 ], [ 7.488980521993653, 47.035289711303754 ], [ 7.488089750500713, 47.034014941644593 ], [ 7.487297822035035, 47.032710039682357 ], [ 7.486606901181569, 47.03137858410912 ], [ 7.48601887507169, 47.030024226173829 ], [ 7.485535348283545, 47.028650679654753 ], [ 7.485157638522596, 47.027261710662977 ], [ 7.481034320883814, 47.02661990160081 ], [ 7.479053019567736, 47.026219350336767 ], [ 7.477105123804081, 47.025748409563789 ], [ 7.475195979283614, 47.025208371914587 ], [ 7.473330824884325, 47.024600719636787 ], [ 7.471514778245698, 47.023927120507786 ], [ 7.469752821682654, 47.023189423238726 ], [ 7.468049788478317, 47.022389652380909 ], [ 7.466410349593797, 47.021530002748314 ], [ 7.464839000831853, 47.020612833372134 ], [ 7.463340050490034, 47.019640661004296 ], [ 7.461917607537295, 47.018616153188027 ], [ 7.460575570346812, 47.017542120914442 ], [ 7.459317616015744, 47.016421510886261 ], [ 7.458147190301363, 47.01525739740989 ], [ 7.457067498200773, 47.014052973938234 ], [ 7.456081495199912, 47.01281154428812 ], [ 7.45519187921539, 47.011536513556713 ], [ 7.454401083250739, 47.010231378761496 ], [ 7.453711268786789, 47.008899719230762 ], [ 7.453124319923432, 47.007545186770656 ], [ 7.452641838288252, 47.006171495635662 ], [ 7.452265138725147, 47.004782412331018 ], [ 7.451995245773824, 47.003381745274481 ], [ 7.451832890949004, 47.001973334346594 ], [ 7.451778510825757, 47.000561040357333 ], [ 7.451773400358356, 46.978073272414477 ], [ 7.451827113074697, 46.976660960596824 ], [ 7.451988739979165, 46.975252507787502 ], [ 7.452257829644339, 46.973851774007535 ], [ 7.452633636280932, 46.972462597824922 ], [ 7.453115121872098, 46.971088785841573 ], [ 7.453700959105649, 46.969734102270913 ], [ 7.454389535095235, 46.968402258635003 ], [ 7.455365583908002, 46.966828914538397 ], [ 7.45438866714272, 46.965255830786923 ], [ 7.453699430987691, 46.963924160047853 ], [ 7.453112974216777, 46.962569616225863 ], [ 7.452630897120767, 46.961195913606439 ], [ 7.452254513447489, 46.959806818726221 ], [ 7.451984846884167, 46.958406140034533 ], [ 7.451822628338818, 46.95699771744367 ], [ 7.451768294027096, 46.955585411795653 ], [ 7.451764211937477, 46.937595064994717 ], [ 7.398672296226835, 46.937588402296818 ], [ 7.397887673664372, 46.940074899073231 ], [ 7.397300752107568, 46.941429303903369 ], [ 7.396611106207236, 46.942760810297123 ], [ 7.395820619621874, 46.944065766866728 ], [ 7.394931453003947, 46.94534059477111 ], [ 7.393946038143691, 46.946581797547637 ], [ 7.392867071362637, 46.947785970720197 ], [ 7.391697506174015, 46.948949811157398 ], [ 7.39044054522986, 46.950070126154337 ], [ 7.389099631576271, 46.951143842213121 ], [ 7.387678439240442, 46.952168013497861 ], [ 7.386180863175109, 46.953139829940099 ], [ 7.384611008587585, 46.954056624972829 ], [ 7.38157809508934, 46.955571368180891 ], [ 7.384607903191934, 46.957089101939417 ], [ 7.38617602084197, 46.958007381370628 ], [ 7.387671851912298, 46.958980573361899 ], [ 7.389091296870113, 46.960006013345179 ], [ 7.390430464660533, 46.961080893543851 ], [ 7.391685683376621, 46.962202270637093 ], [ 7.39285351033834, 46.963367073796213 ], [ 7.393930741552832, 46.964572113071043 ], [ 7.394914420529701, 46.965814088103592 ], [ 7.395801846426838, 46.967089597146199 ], [ 7.396590581504025, 46.968395146359043 ], [ 7.397278457863223, 46.969727159361618 ], [ 7.397863583456592, 46.971081987013221 ], [ 7.398344347344898, 46.972455917395102 ], [ 7.398719424191238, 46.973845185967306 ], [ 7.398987777976812, 46.975245985872682 ], [ 7.399148664927693, 46.976654478359798 ], [ 7.399201635643638, 46.978066803296734 ], [ 7.399167760545455, 47.023042237362908 ], [ 7.39911261419103, 47.024454511708576 ], [ 7.398949449868378, 47.025862876406343 ], [ 7.398678706365266, 47.027263470770677 ], [ 7.398301117522445, 47.028652455118291 ], [ 7.39781771031266, 47.030026021300358 ], [ 7.397229802113228, 47.031380403152234 ], [ 7.396538997178669, 47.032711886830207 ], [ 7.395747182322093, 47.034016821008464 ], [ 7.39485652181646, 47.035291626906812 ], [ 7.393869451528681, 47.036532808122502 ], [ 7.392788672302141, 47.037736960238064 ], [ 7.391617142604908, 47.038900780179311 ], [ 7.390358070463381, 47.040021075296856 ], [ 7.389014904702941, 47.04109477214687 ], [ 7.38759132551923, 47.042118924945477 ], [ 7.386091234405709, 47.043090723674283 ], [ 7.384518743464827, 47.044007501814306 ], [ 7.382878164132157, 47.044866743686143 ], [ 7.3794109111835, 47.046403351232165 ], [ 7.377593748032384, 47.047076499901522 ], [ 7.373817261582985, 47.048223254746098 ], [ 7.369885957597036, 47.049093774747234 ], [ 7.365842963403062, 47.049678508811091 ], [ 7.363793409608921, 47.049861576535932 ], [ 7.359666302855908, 47.050006602163592 ], [ 7.299883133354525, 47.049949372180514 ], [ 7.299092282139648, 47.052435137145686 ], [ 7.298501633176643, 47.053789005574302 ], [ 7.297808086589053, 47.055119887345583 ], [ 7.29612015532734, 47.057698164973338 ], [ 7.294046936296342, 47.060141704720152 ], [ 7.291611110273717, 47.062423714679902 ], [ 7.288839343861656, 47.064519170759887 ], [ 7.28576199823651, 47.066405091807937 ], [ 7.282412796809908, 47.068060792400132 ], [ 7.27882845542877, 47.069468110474929 ], [ 7.275048279179662, 47.070611607277137 ], [ 7.271113730255229, 47.071478737377646 ], [ 7.266985443306976, 47.072115971745824 ], [ 7.266116935303033, 47.074877503967159 ], [ 7.264830548839313, 47.077561872125969 ], [ 7.263140322882569, 47.080139652110375 ], [ 7.261064730520557, 47.082582584050172 ], [ 7.25862647855512, 47.084863882687813 ], [ 7.255852260204835, 47.086958531717016 ], [ 7.252772463561401, 47.088843558824735 ], [ 7.249420838953631, 47.090498288382193 ], [ 7.245834128849793, 47.091904568971657 ], [ 7.242051664367088, 47.093046973213738 ], [ 7.23811493284949, 47.093912967661829 ], [ 7.234067121317333, 47.094493050866546 ], [ 7.229952640878589, 47.094780858063466 ], [ 7.227884492779208, 47.094814044840319 ], [ 7.168612975858116, 47.094689448284733 ] ], [ [ 7.08768574214505, 47.158950691804677 ], [ 7.089157991723273, 47.1598161614018 ], [ 7.089293912641207, 47.139066256101096 ], [ 7.085652947047723, 47.138518989722662 ], [ 7.081722023159727, 47.137633980771078 ], [ 7.077948361547506, 47.136473317930232 ], [ 7.074373352462448, 47.135049734912215 ], [ 7.071036198038426, 47.133378848830766 ], [ 7.067973481317185, 47.131478988220287 ], [ 7.065218764543498, 47.129370991264061 ], [ 7.06301155402889, 47.127288006509737 ], [ 7.060775126823454, 47.129356424588011 ], [ 7.057990865165605, 47.13144626424431 ], [ 7.054901546847853, 47.133325957905868 ], [ 7.051849164067796, 47.13483189921272 ], [ 7.054879743221741, 47.136358288182628 ], [ 7.057942274235796, 47.138258495678599 ], [ 7.060697161905365, 47.140366662775371 ], [ 7.061949664403494, 47.14149160261573 ], [ 7.064187619569503, 47.143867800297016 ], [ 7.066049460788975, 47.146390555718966 ], [ 7.06683278438944, 47.147698315579852 ], [ 7.06809347775607, 47.150388697117279 ], [ 7.068935143099567, 47.153154231958951 ], [ 7.073063213866853, 47.153810833673518 ], [ 7.076995183433715, 47.154696135492742 ], [ 7.080770110163498, 47.155856824681443 ], [ 7.082585692646371, 47.156536585094415 ], [ 7.086048250537212, 47.158085638934757 ], [ 7.08768574214505, 47.158950691804677 ] ], [ [ 7.815522635657858, 47.229316895477602 ], [ 7.795152531226346, 47.22938162634653 ], [ 7.795242380365647, 47.242873390082551 ], [ 7.821658312635566, 47.24278875436049 ], [ 7.825309585623867, 47.242898065510829 ], [ 7.823877597383648, 47.241773621778592 ], [ 7.821423501524737, 47.239496735302382 ], [ 7.819332515566441, 47.237057579343443 ], [ 7.817627515075739, 47.23448289785469 ], [ 7.816327135011536, 47.231800916843902 ], [ 7.815522635657858, 47.229316895477602 ] ], [ [ 7.230949016561842, 47.324859939531933 ], [ 7.229959793395333, 47.326431232601855 ], [ 7.230936702239516, 47.328006090948051 ], [ 7.232209939445466, 47.330694539275953 ], [ 7.233062964700089, 47.333458735068625 ], [ 7.23720701245115, 47.334109409385825 ], [ 7.241155000357096, 47.334989051959319 ], [ 7.243466645720285, 47.335661450879037 ], [ 7.245783210824651, 47.334996922414895 ], [ 7.249737623927918, 47.334130718189741 ], [ 7.253803463375704, 47.33355011787993 ], [ 7.257936245934124, 47.33326147340825 ], [ 7.263509957738733, 47.333233138626937 ], [ 7.260986109739857, 47.331100795609473 ], [ 7.258731528804158, 47.328728553993123 ], [ 7.256854206957152, 47.326209047825536 ], [ 7.255374671827239, 47.323569899910751 ], [ 7.254789299671251, 47.322214458569952 ], [ 7.254009619359973, 47.319726637770131 ], [ 7.233041045240133, 47.319690979824252 ], [ 7.232243076193484, 47.322176117774113 ], [ 7.230949016561842, 47.324859939531933 ] ], [ [ 7.32710736144739, 47.344435533767886 ], [ 7.329643269428997, 47.342309527193272 ], [ 7.322649406428194, 47.342302648609817 ], [ 7.323913430193965, 47.343311630003363 ], [ 7.326139773593852, 47.345389473067954 ], [ 7.32710736144739, 47.344435533767886 ] ], [ [ 7.69238546615433, 47.365578514120308 ], [ 7.693647419109591, 47.364568038303673 ], [ 7.630012924611756, 47.364690594858182 ], [ 7.629232812373114, 47.367178415635351 ], [ 7.628647069308293, 47.368533863671779 ], [ 7.627166525077943, 47.371173038813247 ], [ 7.625287847297114, 47.37369259038465 ], [ 7.623031578375286, 47.37606489508368 ], [ 7.620505793077921, 47.378197315564279 ], [ 7.68415645166757, 47.37807999772069 ], [ 7.684934157697738, 47.375591814483649 ], [ 7.686206551689461, 47.372902982954528 ], [ 7.687885569370939, 47.370319205415072 ], [ 7.688871967342795, 47.369075606615105 ], [ 7.691125007008297, 47.366702010665897 ], [ 7.69238546615433, 47.365578514120308 ] ], [ [ 7.531367569105164, 47.409399019076155 ], [ 7.531391501075669, 47.4232735513893 ], [ 7.551271160259787, 47.423256043205193 ], [ 7.551233416411392, 47.405267772443572 ], [ 7.551407146925248, 47.40278161362879 ], [ 7.54974553496712, 47.403753127335882 ], [ 7.548096538615688, 47.404614650602682 ], [ 7.544610628824287, 47.406156105532254 ], [ 7.540906294865015, 47.407441626317947 ], [ 7.537024162594738, 47.408457109855128 ], [ 7.53502966596064, 47.408859986716543 ], [ 7.531367569105164, 47.409399019076155 ] ] ], [ [ [ 9.079170883433852, 46.082097411610384 ], [ 9.079686047854148, 46.083464030249445 ], [ 9.080097745425924, 46.084847536169669 ], [ 9.080404840146024, 46.086244138419659 ], [ 9.080606482419084, 46.087650009869094 ], [ 9.080702111472348, 46.089061297689142 ], [ 9.081378925259964, 46.1115452477746 ], [ 9.081368283656095, 46.112958086572455 ], [ 9.081251335621449, 46.114368601860107 ], [ 9.081028393500707, 46.115772927179286 ], [ 9.080700060304547, 46.11716721274054 ], [ 9.080267228145155, 46.118547635981919 ], [ 9.07973107587684, 46.119910412056683 ], [ 9.079093065947196, 46.121251804220314 ], [ 9.078354940466635, 46.12256813408883 ], [ 9.07751871650621, 46.123855791739807 ], [ 9.076586680635575, 46.125111245628226 ], [ 9.075561382715764, 46.126331052290155 ], [ 9.074445628962698, 46.127511865806454 ], [ 9.073242474300145, 46.128650447001533 ], [ 9.071955214022433, 46.1297436723506 ], [ 9.070587374789495, 46.130788542571239 ], [ 9.069142704978532, 46.131782190875171 ], [ 9.067625164418578, 46.132721890857454 ], [ 9.066038913536016, 46.133605064000911 ], [ 9.064388301940768, 46.134429286775251 ], [ 9.062677856484605, 46.135192297310397 ], [ 9.06091226882446, 46.135892001626274 ], [ 9.059096382525246, 46.136526479400999 ], [ 9.057235179737759, 46.137093989261402 ], [ 9.055333767488976, 46.137592973581555 ], [ 9.053397363622562, 46.138022062775285 ], [ 9.051431282429132, 46.138380079071148 ], [ 9.04944092000618, 46.138666039758597 ], [ 9.047431739388676, 46.138879159897357 ], [ 9.045409255492022, 46.139018854481378 ], [ 9.043379019909455, 46.139084740051359 ], [ 8.978688849325179, 46.139986234020434 ], [ 8.976656412207003, 46.139976964083026 ], [ 8.974627463227408, 46.13989372851146 ], [ 8.972607571803985, 46.139736755789535 ], [ 8.970602282381135, 46.139506476806979 ], [ 8.968617099144698, 46.139203523671704 ], [ 8.966657470849466, 46.138828727966818 ], [ 8.964728775802175, 46.138383118458215 ], [ 8.962836307042013, 46.137867918258365 ], [ 8.960985257760186, 46.137284541455209 ], [ 8.959180706999184, 46.136634589214438 ], [ 8.957427605671798, 46.135919845367248 ], [ 8.955730762938773, 46.13514227149507 ], [ 8.954094832983072, 46.134304001525201 ], [ 8.95252430221743, 46.133407335853015 ], [ 8.951023476960733, 46.132454735006462 ], [ 8.949596471617161, 46.131448812870843 ], [ 8.948247197390822, 46.130392329492928 ], [ 8.946979351566801, 46.129288183484157 ], [ 8.945796407388066, 46.128139404044397 ], [ 8.944701604555751, 46.126949142628291 ], [ 8.943697940378717, 46.125720664277353 ], [ 8.942788161596345, 46.124457338642166 ], [ 8.941974756896361, 46.12316263071925 ], [ 8.941259950148032, 46.12184009132821 ], [ 8.940645694368291, 46.120493347356295 ], [ 8.940133666436953, 46.11912609179663 ], [ 8.939725262574594, 46.117742073607296 ], [ 8.939421594594736, 46.116345087421024 ], [ 8.939223486939721, 46.114938963131308 ], [ 8.939131474507478, 46.113527555386042 ], [ 8.938513264173929, 46.09104279666542 ], [ 8.938527600812114, 46.089629976903517 ], [ 8.9386481852892, 46.088219615506802 ], [ 8.938874678901275, 46.08681557783531 ], [ 8.939206452803015, 46.085421711618871 ], [ 8.939642589819359, 46.084041836417732 ], [ 8.940181887044865, 46.082679733163808 ], [ 8.940822859222722, 46.081339133810509 ], [ 8.941563742893191, 46.080023711120027 ], [ 8.942402501299311, 46.078737068615361 ], [ 8.943336830035642, 46.077482730724988 ], [ 8.944364163423764, 46.076264133146253 ], [ 8.946686318270981, 46.073947401981322 ], [ 8.94934350119663, 46.07181223617679 ], [ 8.952306590217692, 46.069882006347093 ], [ 8.955543125482858, 46.068177837603578 ], [ 8.959017664715461, 46.066718379103115 ], [ 8.962692170743233, 46.065519600687864 ], [ 8.966526426903586, 46.064594618802545 ], [ 8.970478475831557, 46.063953553556992 ], [ 8.972485197203605, 46.063741805073931 ], [ 8.976532586661323, 46.063538772486062 ], [ 9.041132187821404, 46.062638528232803 ], [ 9.04518793767344, 46.062728637492867 ], [ 9.04920798506356, 46.063113224068815 ], [ 9.053148348667319, 46.063788080551745 ], [ 9.05696591513545, 46.064745823729091 ], [ 9.06061890891702, 46.065975975011568 ], [ 9.064067347756124, 46.067465074599241 ], [ 9.067273478967744, 46.069196828164408 ], [ 9.070202191790454, 46.071152284478003 ], [ 9.072821401353799, 46.073310042072428 ], [ 9.075102400084967, 46.075646482719677 ], [ 9.076108101075436, 46.076873785329738 ], [ 9.077020172710206, 46.07813602920946 ], [ 9.077836110147944, 46.079429756947945 ], [ 9.078553671379437, 46.080751424646742 ], [ 9.079170883433852, 46.082097411610384 ] ] ], [ [ [ 9.157096866905029, 46.225594736215307 ], [ 9.155193278685202, 46.226095405507614 ], [ 9.153254513653264, 46.226526210278898 ], [ 9.149213531340299, 46.227231017807334 ], [ 9.148886271545948, 46.228625510530051 ], [ 9.14845428146287, 46.230006203931353 ], [ 9.147918737600731, 46.231369312428477 ], [ 9.147281100703232, 46.232711098370068 ], [ 9.146543111822696, 46.234027882296694 ], [ 9.14570678762114, 46.235316053044883 ], [ 9.144774414909826, 46.236572077666388 ], [ 9.143748544441671, 46.237792511135495 ], [ 9.142631983972676, 46.23897400581729 ], [ 9.141427790610988, 46.240113320670751 ], [ 9.14013926247392, 46.241207330161302 ], [ 9.138769929675515, 46.242253032857846 ], [ 9.137323544668993, 46.243247559690417 ], [ 9.1358040719703, 46.244188181845558 ], [ 9.134215677290983, 46.245072318277501 ], [ 9.132562716109984, 46.245897542813957 ], [ 9.130849721715933, 46.246661590837171 ], [ 9.129081392752893, 46.247362365520729 ], [ 9.12726258030396, 46.247997943605938 ], [ 9.125398274548578, 46.248566580700334 ], [ 9.123493591030684, 46.249066716084457 ], [ 9.121553756575764, 46.249496977013017 ], [ 9.119584094896345, 46.249856182498313 ], [ 9.117590011925849, 46.250143346565707 ], [ 9.115576980922029, 46.250357680971689 ], [ 9.113550527381603, 46.250498597376712 ], [ 9.11151621380837, 46.250565708967535 ], [ 9.079105674463536, 46.251040612873958 ], [ 9.077069071748584, 46.251033151450663 ], [ 9.075035827748389, 46.250951720835502 ], [ 9.073011523688557, 46.250796544557659 ], [ 9.07100171614551, 46.25056804857568 ], [ 9.069011921727451, 46.250266860103416 ], [ 9.067047601867383, 46.249893805880539 ], [ 9.065114147770936, 46.249449909893279 ], [ 9.063216865561092, 46.248936390551847 ], [ 9.061360961661434, 46.248354657331731 ], [ 9.059551528458732, 46.247706306889093 ], [ 9.05779353028494, 46.246993118660754 ], [ 9.05609178975771, 46.246217049960769 ], [ 9.054450974517341, 46.245380230588538 ], [ 9.052875584397112, 46.244484956961486 ], [ 9.051369939062541, 46.243533685791014 ], [ 9.049938166153629, 46.242529027317588 ], [ 9.048584189962989, 46.241473738124867 ], [ 9.047311720680741, 46.240370713552416 ], [ 9.046124244235886, 46.239222979728375 ], [ 9.045025012761672, 46.238033685244169 ], [ 9.04401703571096, 46.236806092494632 ], [ 9.043103071645696, 46.235543568707101 ], [ 9.042285620722293, 46.234249576685038 ], [ 9.041566917893435, 46.232927665291236 ], [ 9.040948926843916, 46.231581459697665 ], [ 9.040433334676711, 46.230214651427886 ], [ 9.040021547363027, 46.228830988221063 ], [ 9.039714685967947, 46.227434263743682 ], [ 9.03951358366119, 46.226028307179412 ], [ 9.03941878352026, 46.22461697272368 ], [ 9.038097581869604, 46.179648285525033 ], [ 9.03810935960581, 46.178235445061475 ], [ 9.03822756259569, 46.176824969067845 ], [ 9.038451858634025, 46.175420723225677 ], [ 9.038781624868371, 46.174026555842481 ], [ 9.039215949594686, 46.172646287310947 ], [ 9.039753634842008, 46.171283699647581 ], [ 9.040393199738292, 46.169942526139771 ], [ 9.041132884647253, 46.168626441129163 ], [ 9.041970656063883, 46.167339049959445 ], [ 9.042904212254738, 46.166083879115639 ], [ 9.043930989626402, 46.164864366582322 ], [ 9.045048169804421, 46.1636838524457 ], [ 9.046252687402468, 46.162545569766472 ], [ 9.047541238460054, 46.161452635747118 ], [ 9.048910289525312, 46.160408043218098 ], [ 9.05035608735756, 46.159414652465443 ], [ 9.051874669222975, 46.158475183422603 ], [ 9.053461873754992, 46.157592208246697 ], [ 9.055113352349723, 46.156768144299747 ], [ 9.056824581065223, 46.156005247553679 ], [ 9.058590872992273, 46.155305606436769 ], [ 9.060407391063061, 46.154671136137971 ], [ 9.06226916126305, 46.15410357338466 ], [ 9.06417108621036, 46.153604471707915 ], [ 9.066107959066048, 46.15317519720729 ], [ 9.068074477737737, 46.152816924827341 ], [ 9.070065259338527, 46.152530635155586 ], [ 9.072074854862295, 46.15231711174993 ], [ 9.07409776403602, 46.152176939003922 ], [ 9.076128450309335, 46.152110500553853 ], [ 9.140831341373699, 46.151153122746379 ], [ 9.142864219944403, 46.151159434579952 ], [ 9.14489384183857, 46.151239643987267 ], [ 9.146914652214909, 46.151393531448306 ], [ 9.148921120240921, 46.151620675793893 ], [ 9.150907754164232, 46.151920455353263 ], [ 9.152869116279399, 46.152292049647968 ], [ 9.15479983774998, 46.152734441627778 ], [ 9.156694633246248, 46.153246420442095 ], [ 9.158548315359202, 46.153826584740379 ], [ 9.160355808752207, 46.154473346491457 ], [ 9.162112164012168, 46.155184935312832 ], [ 9.16381257116295, 46.155959403297452 ], [ 9.165452372804582, 46.156794630325287 ], [ 9.16702707684273, 46.157688329845485 ], [ 9.168532368773858, 46.158638055113613 ], [ 9.169964123492896, 46.159641205867132 ], [ 9.171318416591008, 46.160695035421014 ], [ 9.172591535112817, 46.161796658164747 ], [ 9.1737799877434, 46.162943057440302 ], [ 9.17488051439722, 46.164131093779559 ], [ 9.175890095182318, 46.165357513479698 ], [ 9.176805958715011, 46.166618957492425 ], [ 9.177625589761892, 46.167911970603974 ], [ 9.178346736187535, 46.169233010879779 ], [ 9.178967415188554, 46.170578459349848 ], [ 9.179485918795979, 46.171944629906832 ], [ 9.179900818630353, 46.173327779391371 ], [ 9.180210969895503, 46.174724117835929 ], [ 9.18041551459944, 46.176129818840344 ], [ 9.180513883992337, 46.177541030050371 ], [ 9.181232999160962, 46.200024501900828 ], [ 9.181224930462722, 46.201437357261561 ], [ 9.181110378492829, 46.202847983165981 ], [ 9.180889648999814, 46.204252512859995 ], [ 9.180563338899235, 46.205647096001023 ], [ 9.180132334726276, 46.207027909218546 ], [ 9.179597810291948, 46.208391166603569 ], [ 9.178961223548471, 46.209733130098542 ], [ 9.178224312671521, 46.211050119759363 ], [ 9.177389091369101, 46.212338523860375 ], [ 9.176457843429226, 46.213594808815394 ], [ 9.175433116520614, 46.214815528886611 ], [ 9.174317715262578, 46.215997335654656 ], [ 9.173114693582695, 46.217136987224272 ], [ 9.171827346382615, 46.218231357138826 ], [ 9.170459200534449, 46.219277442979845 ], [ 9.169014005232176, 46.220272374627598 ], [ 9.167495721724192, 46.221213422159174 ], [ 9.165908512455204, 46.222098003362824 ], [ 9.164256729647054, 46.222923690846798 ], [ 9.162544903350057, 46.223688218723908 ], [ 9.160777728997664, 46.2243894888516 ], [ 9.158960054499016, 46.225025576612325 ], [ 9.157096866905029, 46.225594736215307 ] ] ], [ [ [ 8.521243681945037, 46.519976070431994 ], [ 8.523197922840749, 46.519556127518797 ], [ 8.527268746943419, 46.518873737365759 ], [ 8.527613766929615, 46.517481092261001 ], [ 8.528063874438441, 46.516102819145651 ], [ 8.528617828189192, 46.514742694532664 ], [ 8.529274102683882, 46.513404444925868 ], [ 8.530030892466733, 46.512091736621869 ], [ 8.530886117145547, 46.510808165680736 ], [ 8.531837427160497, 46.50955724809085 ], [ 8.532882210283573, 46.50834241015577 ], [ 8.534017598830525, 46.507166979129387 ], [ 8.535240477564679, 46.506034174123442 ], [ 8.536547492270676, 46.504947097313625 ], [ 8.537935058974215, 46.503908725466871 ], [ 8.539399373782137, 46.502921901813437 ], [ 8.540936423315896, 46.501989328285028 ], [ 8.542541995709557, 46.501113558140965 ], [ 8.544211692142325, 46.500296989000653 ], [ 8.545940938874049, 46.499541856303132 ], [ 8.547724999751029, 46.498850227209282 ], [ 8.549558989148109, 46.498223994964647 ], [ 8.551437885312044, 46.497664873736902 ], [ 8.553356544070118, 46.497174393942736 ], [ 8.555309712866991, 46.496753898075831 ], [ 8.557292045092042, 46.496404537047823 ], [ 8.559298114658668, 46.496127267051691 ], [ 8.561322430796405, 46.495922846955949 ], [ 8.563359453016236, 46.495791836236776 ], [ 8.565403606208898, 46.495734593453612 ], [ 8.597964412024529, 46.495407000992685 ], [ 8.600010099221489, 46.495423096122416 ], [ 8.602051768555619, 46.495513071362659 ], [ 8.604083832255776, 46.495676680464896 ], [ 8.606100728722605, 46.495913475651932 ], [ 8.608096937683358, 46.496222808838397 ], [ 8.610066995236185, 46.496603833396271 ], [ 8.612005508743461, 46.497055506462267 ], [ 8.613907171534422, 46.49757659177952 ], [ 8.61576677737745, 46.49816566306729 ], [ 8.617579234683314, 46.498821107908341 ], [ 8.61933958040107, 46.499541132144806 ], [ 8.621042993569207, 46.500323764769753 ], [ 8.622684808485477, 46.501166863301869 ], [ 8.624260527459816, 46.502068119628859 ], [ 8.625765833115699, 46.503025066303401 ], [ 8.627196600206636, 46.504035083275454 ], [ 8.628548906915503, 46.50509540504197 ], [ 8.629819045605901, 46.506203128195509 ], [ 8.631003532995955, 46.507355219350799 ], [ 8.632099119726673, 46.508548523428495 ], [ 8.633102799298326, 46.509779772272978 ], [ 8.634011816350007, 46.511045593581777 ], [ 8.634823674259419, 46.51234252012177 ], [ 8.635536142041232, 46.513666999207331 ], [ 8.636147260524895, 46.515015402415081 ], [ 8.636655347793909, 46.516384035508707 ], [ 8.637059003871183, 46.517769148546158 ], [ 8.641156821216201, 46.518369354983456 ], [ 8.643127917458049, 46.518749805583695 ], [ 8.645067499892159, 46.519200913792467 ], [ 8.646970258927579, 46.519721444899254 ], [ 8.648830985337764, 46.520309974140609 ], [ 8.65064458447187, 46.520964890583507 ], [ 8.652406090158959, 46.521684401517014 ], [ 8.654110678267605, 46.522466537340051 ], [ 8.655753679884283, 46.523309156932136 ], [ 8.657330594075008, 46.524209953493134 ], [ 8.65883710019547, 46.525166460835514 ], [ 8.660269069716419, 46.526176060113258 ], [ 8.661622577531892, 46.527235986968371 ], [ 8.662893912719525, 46.52834333907623 ], [ 8.664079588723276, 46.529495084069211 ], [ 8.665176352930708, 46.530688067817607 ], [ 8.666181195618231, 46.531919023045027 ], [ 8.66709135823948, 46.533184578255081 ], [ 8.667904341033765, 46.534481266945512 ], [ 8.668617909933062, 46.535805537084414 ], [ 8.669230102748221, 46.537153760823116 ], [ 8.669739234616566, 46.538522244419042 ], [ 8.670143902695289, 46.539907238342295 ], [ 8.67044299008697, 46.541304947537313 ], [ 8.670635668985494, 46.54271154181275 ], [ 8.670721403032925, 46.544123166330508 ], [ 8.671233394161399, 46.566609362310423 ], [ 8.671211944366956, 46.568022146422507 ], [ 8.671083312214284, 46.56943221991154 ], [ 8.670847841945102, 46.570835717500849 ], [ 8.670506170791885, 46.572228791640818 ], [ 8.670059227320827, 46.573607623061442 ], [ 8.669508228973715, 46.574968431251506 ], [ 8.668854678814311, 46.576307484833791 ], [ 8.668100361487419, 46.577621111809357 ], [ 8.667247338400724, 46.578905709640928 ], [ 8.666297942141815, 46.580157755148967 ], [ 8.665254770145049, 46.581373814192503 ], [ 8.664120677624835, 46.58255055110785 ], [ 8.662898769794188, 46.583684737879082 ], [ 8.661592393389364, 46.584773263014874 ], [ 8.660205127523454, 46.585813140107447 ], [ 8.658740773893653, 46.586801516048851 ], [ 8.657203346368881, 46.587735678882936 ], [ 8.655597059986231, 46.588613065270309 ], [ 8.653926319386333, 46.589431267545379 ], [ 8.652195706719581, 46.590188040346632 ], [ 8.650409969056518, 46.590881306800959 ], [ 8.648574005337206, 46.59150916424467 ], [ 8.646692852895836, 46.592069889465812 ], [ 8.644771673598012, 46.592561943452417 ], [ 8.642815739629278, 46.592983975633985 ], [ 8.640830418974634, 46.593334827604053 ], [ 8.638821160629476, 46.593613536313256 ], [ 8.636793479583446, 46.593819336724152 ], [ 8.634752941619153, 46.593951663920535 ], [ 8.632705147968444, 46.594010154664829 ], [ 8.534843968512535, 46.594994712202336 ], [ 8.532794533033453, 46.594977442680893 ], [ 8.530749222884834, 46.59488622221982 ], [ 8.528713652456386, 46.594721301220687 ], [ 8.526693409282727, 46.594483132390401 ], [ 8.524694038638607, 46.59417236949318 ], [ 8.5227210282527, 46.593789865548118 ], [ 8.520779793182811, 46.593336670477349 ], [ 8.518875660894865, 46.592814028211883 ], [ 8.517013856587509, 46.592223373262868 ], [ 8.515199488803205, 46.591566326767826 ], [ 8.51343753536619, 46.59084469202319 ], [ 8.511732829686306, 46.590060449515619 ], [ 8.510090047466971, 46.589215751465659 ], [ 8.508513693854075, 46.588312915899493 ], [ 8.50700809106157, 46.587354420265065 ], [ 8.505577366507731, 46.586342894610425 ], [ 8.504225441495054, 46.585281114343388 ], [ 8.502956020464636, 46.584171992592665 ], [ 8.501772580854697, 46.583018572191754 ], [ 8.500678363590696, 46.581824017308286 ], [ 8.499676364233029, 46.580591604740867 ], [ 8.498769324806149, 46.579324714909575 ], [ 8.497959726331031, 46.578026822563203 ], [ 8.497249782081081, 46.576701487230096 ], [ 8.496641431579118, 46.575352343438873 ], [ 8.496136335351389, 46.57398309073595 ], [ 8.495735870452123, 46.572597483527161 ], [ 8.495441126770068, 46.571199320772465 ], [ 8.495252904126263, 46.569792435560828 ], [ 8.495171710170057, 46.568380684595205 ], [ 8.494732883456246, 46.545893759983663 ], [ 8.494758932912344, 46.544481011298238 ], [ 8.494892100876116, 46.543071139195057 ], [ 8.49513201402662, 46.541668007661251 ], [ 8.495478006622054, 46.540275461911591 ], [ 8.495929122413845, 46.538897317856275 ], [ 8.4964841173542, 46.537537351652475 ], [ 8.497141463088813, 46.536199289367602 ], [ 8.497899351224229, 46.53488679678307 ], [ 8.498755698357295, 46.533603469365758 ], [ 8.499708151852174, 46.53235282243498 ], [ 8.500754096348265, 46.531138281551058 ], [ 8.501890660980651, 46.529963173152318 ], [ 8.503114727292667, 46.528830715465283 ], [ 8.504422937818385, 46.527744009712791 ], [ 8.505811705311237, 46.526706031644245 ], [ 8.507277222592993, 46.525719623410119 ], [ 8.50881547299619, 46.524787485803522 ], [ 8.510422241371037, 46.523912170888941 ], [ 8.512093125626896, 46.523096075038623 ], [ 8.513823548776633, 46.522341432394803 ], [ 8.515608771451241, 46.521650308776081 ], [ 8.517443904850635, 46.521024596043603 ], [ 8.519323924095641, 46.52046600694235 ], [ 8.521243681945037, 46.519976070431994 ] ] ], [ [ [ 8.728650207315903, 46.730401287569627 ], [ 8.728137769112509, 46.729033089355198 ], [ 8.727730192692562, 46.727648323351346 ], [ 8.727428587412062, 46.72625078622832 ], [ 8.727233771867667, 46.724844309377069 ], [ 8.727146271741587, 46.723432748398231 ], [ 8.726073164553805, 46.678461385426452 ], [ 8.726093222516436, 46.677048603315754 ], [ 8.72622067431165, 46.675638479624673 ], [ 8.726455162239297, 46.674234879046949 ], [ 8.726796035376546, 46.672841648099372 ], [ 8.72724235145194, 46.67146260458636 ], [ 8.727792879515212, 46.670101527145569 ], [ 8.728446103394752, 46.668762144904669 ], [ 8.729200225932242, 46.667448127276238 ], [ 8.730053173981975, 46.666163073919307 ], [ 8.731002604160489, 46.664910504894621 ], [ 8.732045909329784, 46.663693851040165 ], [ 8.733180225796003, 46.662516444593592 ], [ 8.734402441202954, 46.661381510086223 ], [ 8.735709203098605, 46.660292155534229 ], [ 8.73709692815058, 46.659251363949778 ], [ 8.738561811985058, 46.658261985195985 ], [ 8.740099839622058, 46.657326728206954 ], [ 8.741706796478271, 46.656448153594603 ], [ 8.743378279907455, 46.655628666661265 ], [ 8.745109711246759, 46.654870510837881 ], [ 8.746896348336271, 46.654175761564616 ], [ 8.748733298477788, 46.653546320630895 ], [ 8.750615531797713, 46.652983910989839 ], [ 8.752537894977939, 46.652490072060715 ], [ 8.754495125317803, 46.652066155532793 ], [ 8.7564818650891, 46.651713321681036 ], [ 8.758492676145716, 46.651432536203863 ], [ 8.760522054748568, 46.651224567591527 ], [ 8.762564446566149, 46.651089985032144 ], [ 8.764614261810415, 46.651029156860723 ], [ 8.797267392950198, 46.650644432253401 ], [ 8.799319014799236, 46.65065693661716 ], [ 8.801366879792281, 46.6507433271045 ], [ 8.803405383229038, 46.650903367277785 ], [ 8.805428945915518, 46.651136619127897 ], [ 8.807432029366497, 46.651442444267524 ], [ 8.809409150899057, 46.651820005670949 ], [ 8.811354898576743, 46.652268269954725 ], [ 8.813263945964376, 46.652786010193942 ], [ 8.815131066653835, 46.653371809265934 ], [ 8.8169511485219, 46.654024063713351 ], [ 8.818719207681724, 46.654740988114931 ], [ 8.820430402090418, 46.655520619953549 ], [ 8.822080044775994, 46.656360824967855 ], [ 8.823663616647952, 46.657259302972577 ], [ 8.825176778856681, 46.658213594133578 ], [ 8.826615384668282, 46.65922108567873 ], [ 8.827975490822238, 46.660279019027946 ], [ 8.829253368341123, 46.661384497322757 ], [ 8.830445512762463, 46.662534493334817 ], [ 8.83154865376485, 46.663725857732992 ], [ 8.832559764161452, 46.664955327684993 ], [ 8.833476068236118, 46.666219535772477 ], [ 8.834295049398785, 46.667515019193438 ], [ 8.835014457138527, 46.668838229228328 ], [ 8.835632313254889, 46.670185540943933 ], [ 8.836146917349412, 46.671553263108002 ], [ 8.836556851561786, 46.672937648288695 ], [ 8.836860984536706, 46.674334903110697 ], [ 8.837058474609691, 46.675741198639976 ], [ 8.837148772202257, 46.677152680869689 ], [ 8.838314485393955, 46.722122963575472 ], [ 8.838297350705357, 46.723535757701818 ], [ 8.838172716590686, 46.724945998647215 ], [ 8.837940916281127, 46.726349820688441 ], [ 8.837602576894994, 46.727743375398376 ], [ 8.837158617809056, 46.729122842201527 ], [ 8.836610248226165, 46.73048443885601 ], [ 8.835958963944936, 46.731824431834035 ], [ 8.835206543339332, 46.733139146571183 ], [ 8.834355042558364, 46.734424977557332 ], [ 8.8334067899582, 46.735678398240744 ], [ 8.832364379781264, 46.736895970717718 ], [ 8.831230665098886, 46.738074355181702 ], [ 8.830008750036342, 46.739210319105155 ], [ 8.828701981301062, 46.740300746128739 ], [ 8.827313939036801, 46.741342644633278 ], [ 8.825848427028617, 46.742333155970726 ], [ 8.824309462285168, 46.743269562331058 ], [ 8.822701264026968, 46.744149294223064 ], [ 8.821028242110613, 46.744969937548873 ], [ 8.819294984920989, 46.745729240251535 ], [ 8.81750624676474, 46.746425118517571 ], [ 8.815666934799975, 46.747055662517532 ], [ 8.813782095538404, 46.747619141667542 ], [ 8.811856900957466, 46.748114009398336 ], [ 8.809896634261079, 46.748538907417242 ], [ 8.807906675328807, 46.748892669452005 ], [ 8.805892485893981, 46.749174324465692 ], [ 8.803859594492401, 46.749383099333485 ], [ 8.801813581223541, 46.749518420974155 ], [ 8.799760062367239, 46.749579917930319 ], [ 8.767047009335267, 46.749965341537781 ], [ 8.764991615000952, 46.74995225559941 ], [ 8.762940039120865, 46.749865211563801 ], [ 8.760897913312581, 46.749704448368107 ], [ 8.758870843136759, 46.749470407306539 ], [ 8.756864392642322, 46.749163730813159 ], [ 8.754884069028121, 46.748785260691285 ], [ 8.752935307464057, 46.74833603579215 ], [ 8.75102345611421, 46.747817289151527 ], [ 8.749153761403939, 46.747230444590784 ], [ 8.747331353572074, 46.746577112792686 ], [ 8.745561232548596, 46.745859086862744 ], [ 8.743848254197159, 46.745078337388307 ], [ 8.742197116960764, 46.744237007009772 ], [ 8.740612348947632, 46.743337404518421 ], [ 8.73909829549315, 46.742381998498054 ], [ 8.737659107232155, 46.741373410527487 ], [ 8.736298728714578, 46.740314407963652 ], [ 8.735020887595585, 46.739207896324544 ], [ 8.73382908442998, 46.738056911294287 ], [ 8.732726583098565, 46.736864610371462 ], [ 8.731716401892553, 46.73563426418486 ], [ 8.730801305280142, 46.734369247500169 ], [ 8.72998379637724, 46.733073029942965 ], [ 8.729266110142715, 46.731749166463523 ], [ 8.728650207315903, 46.730401287569627 ] ] ], [ [ [ 9.016368776276956, 46.671233661416771 ], [ 9.01835449925969, 46.670876261178968 ], [ 9.020364651328984, 46.670590853445795 ], [ 9.022393730535027, 46.670378219359243 ], [ 9.02443618335567, 46.670238940876857 ], [ 9.026486419830251, 46.67017339918592 ], [ 9.053173724537045, 46.669798403422398 ], [ 9.053877994042734, 46.667301025285063 ], [ 9.054420239518551, 46.665938380012832 ], [ 9.055065303705179, 46.664597135300546 ], [ 9.055811411768889, 46.663280965685068 ], [ 9.056656512484787, 46.661993476741742 ], [ 9.057598283926881, 46.660738195223061 ], [ 9.05863413989303, 46.659518559415886 ], [ 9.059761237046873, 46.658337909743238 ], [ 9.060976482756212, 46.657199479635615 ], [ 9.062276543606147, 46.656106386697843 ], [ 9.063657854563104, 46.655061624193763 ], [ 9.065116628764327, 46.654068052873093 ], [ 9.066648867905934, 46.653128393161523 ], [ 9.068250373200817, 46.652245217736002 ], [ 9.06991675687647, 46.651420944504565 ], [ 9.071643454181327, 46.6506578300096 ], [ 9.073425735866907, 46.649957963273117 ], [ 9.075258721111869, 46.64932326009918 ], [ 9.077137390853034, 46.648755457850378 ], [ 9.079056601487292, 46.648256110710747 ], [ 9.081011098907451, 46.647826585449494 ], [ 9.082995532834261, 46.647468057695399 ], [ 9.085004471406048, 46.647181508732842 ], [ 9.08703241598684, 46.64696772282759 ], [ 9.089073816153237, 46.646827285089849 ], [ 9.09112308481985, 46.646760579879839 ], [ 9.123771011782486, 46.646282231449746 ], [ 9.125822526522429, 46.646288853116658 ], [ 9.127870731237977, 46.646369371105358 ], [ 9.129910020303976, 46.646523565050451 ], [ 9.131934812386634, 46.646751012943525 ], [ 9.133939565651664, 46.64705109228278 ], [ 9.135918792866804, 46.647422981769523 ], [ 9.13786707635813, 46.647865663545808 ], [ 9.139779082780231, 46.648377925968489 ], [ 9.141649577660486, 46.648958366911522 ], [ 9.14347343967852, 46.649605397587656 ], [ 9.145245674642302, 46.650317246879453 ], [ 9.146961429123392, 46.651091966168323 ], [ 9.148616003714428, 46.651927434647874 ], [ 9.150204865873084, 46.652821365108025 ], [ 9.151723662317655, 46.653771310173902 ], [ 9.153168230940649, 46.654774668983109 ], [ 9.154534612207884, 46.655828694282988 ], [ 9.15581906001198, 46.656930499929082 ], [ 9.15701805195047, 46.65807706876447 ], [ 9.158128299000287, 46.659265260858803 ], [ 9.159146754561828, 46.660491822084481 ], [ 9.160070622847559, 46.661753393007629 ], [ 9.160897366591747, 46.663046518068434 ], [ 9.161624714059579, 46.664367655027448 ], [ 9.162250665336066, 46.665713184651139 ], [ 9.16277349787658, 46.667079420611238 ], [ 9.163191771303239, 46.66846261957015 ], [ 9.167306788334436, 46.669043827109313 ], [ 9.169287051654631, 46.669415135925085 ], [ 9.171236402394731, 46.669857245938886 ], [ 9.173149504293823, 46.67036894707288 ], [ 9.175021119886519, 46.670948838737594 ], [ 9.176846124790536, 46.671595333649776 ], [ 9.178619521691097, 46.672306662159059 ], [ 9.18033645398458, 46.673080877073168 ], [ 9.181992219044652, 46.673915858967234 ], [ 9.183582281074916, 46.674809321964091 ], [ 9.185102283513322, 46.675758819969921 ], [ 9.18654806095469, 46.676761753347414 ], [ 9.187915650558701, 46.677815376010066 ], [ 9.189201302912434, 46.678916802917449 ], [ 9.190401492317426, 46.680063017951298 ], [ 9.191512926473145, 46.681250882151865 ], [ 9.192532555529976, 46.682477142291468 ], [ 9.193457580486722, 46.683738439762692 ], [ 9.194285460909072, 46.685031319756909 ], [ 9.195013921947428, 46.686352240708061 ], [ 9.195640960634297, 46.687697583976622 ], [ 9.196164851443225, 46.689063663747142 ], [ 9.196584151093358, 46.690446737112325 ], [ 9.200701204016376, 46.691026737239397 ], [ 9.202682503741126, 46.69139746479253 ], [ 9.204632922101744, 46.691839002436026 ], [ 9.206547119920778, 46.6923501416588 ], [ 9.208419856738891, 46.69292948340982 ], [ 9.210246005110502, 46.693575441911491 ], [ 9.212020564596491, 46.694286248982337 ], [ 9.213738675416318, 46.695059958858103 ], [ 9.215395631722716, 46.695894453497282 ], [ 9.216986894463121, 46.696787448357689 ], [ 9.218508103792864, 46.697736498628025 ], [ 9.219955091006611, 46.698739005898062 ], [ 9.221323889955338, 46.699792225249425 ], [ 9.222610747917829, 46.7008932727474 ], [ 9.223812135896738, 46.702039133314287 ], [ 9.224924758311053, 46.703226668962841 ], [ 9.225945562058024, 46.704452627366926 ], [ 9.226871744919505, 46.705713650747569 ], [ 9.227700763289269, 46.707006285048863 ], [ 9.22843033919945, 46.708326989379962 ], [ 9.229058466626505, 46.709672145697049 ], [ 9.229920192005874, 46.712146120596053 ], [ 9.256626754366474, 46.711723468985973 ], [ 9.258680771729582, 46.711727697191257 ], [ 9.260731656965412, 46.711805824976658 ], [ 9.262773797124888, 46.711957638518328 ], [ 9.264801603085379, 46.712182722322872 ], [ 9.266809524779919, 46.712480460359039 ], [ 9.268792066321968, 46.712850037736402 ], [ 9.270743800985125, 46.713290442926002 ], [ 9.272659385997777, 46.713800470516922 ], [ 9.274533577112836, 46.714378724501344 ], [ 9.276361242913604, 46.715023622079904 ], [ 9.278137378817204, 46.715733397976351 ], [ 9.279857120737873, 46.71650610925024 ], [ 9.281515758373304, 46.71733964059537 ], [ 9.283190939208472, 46.718282881508898 ], [ 9.282929331965768, 46.71580007806223 ], [ 9.281393365856449, 46.670835009754221 ], [ 9.281398886623968, 46.669422163282775 ], [ 9.28151181154294, 46.668011451717085 ], [ 9.281731822719753, 46.66660674140271 ], [ 9.282058308888407, 46.665211881937999 ], [ 9.2824903671761, 46.663830695629748 ], [ 9.283026805665431, 46.662466967026191 ], [ 9.283666146745428, 46.661124432556967 ], [ 9.284406631241101, 46.659806770307711 ], [ 9.285246223309411, 46.658517589957597 ], [ 9.286182616087521, 46.657260422906454 ], [ 9.287213238076871, 46.656038712619313 ], [ 9.28833526024521, 46.654855805213707 ], [ 9.289545603826239, 46.65371494031546 ], [ 9.290840948795219, 46.652619242208338 ], [ 9.292217742996815, 46.65157171130047 ], [ 9.293672211899812, 46.650575215931497 ], [ 9.295200368951887, 46.649632484541961 ], [ 9.296798026505838, 46.648746098226532 ], [ 9.298460807287436, 46.647918483690809 ], [ 9.300184156373485, 46.647151906630462 ], [ 9.30196335364754, 46.646448465551593 ], [ 9.303793526699449, 46.645810086047049 ], [ 9.305669664133786, 46.645238515546389 ], [ 9.307586629251144, 46.644735318551135 ], [ 9.309539174065522, 46.64430187237037 ], [ 9.313130703335579, 46.643706514788938 ], [ 9.312493480763164, 46.625337269075295 ], [ 9.312498183410003, 46.623924415506814 ], [ 9.31261020103465, 46.62251366755136 ], [ 9.312829218243746, 46.621108891656434 ], [ 9.313154626508185, 46.619713937602434 ], [ 9.313585525921074, 46.618332627957507 ], [ 9.314120727751687, 46.616968747610038 ], [ 9.314758757787626, 46.615626033407629 ], [ 9.31567399126657, 46.614037206783458 ], [ 9.314649566551072, 46.612480359231945 ], [ 9.313919177442138, 46.611160195867178 ], [ 9.313290082621318, 46.609815495729272 ], [ 9.31276399956648, 46.608449946233421 ], [ 9.312342362932156, 46.607067291687045 ], [ 9.312026320697353, 46.605671323011855 ], [ 9.311816731103464, 46.604265867339862 ], [ 9.311714160389712, 46.602854777514288 ], [ 9.310935486108097, 46.580372243199342 ], [ 9.310940225304984, 46.578959385001433 ], [ 9.311052190182409, 46.57754863391078 ], [ 9.311271065505494, 46.576143856383077 ], [ 9.311596243147781, 46.574748902203233 ], [ 9.312026823847862, 46.573367593939466 ], [ 9.312561619761494, 46.572003716476381 ], [ 9.313199157801137, 46.570661006653545 ], [ 9.313937683752924, 46.569343143039262 ], [ 9.314775167158803, 46.568053735866336 ], [ 9.315709306949854, 46.566796317158037 ], [ 9.316737537814328, 46.565574331070863 ], [ 9.317857037282575, 46.564391124479563 ], [ 9.319064733508636, 46.563249937831486 ], [ 9.320357313726804, 46.562153896293268 ], [ 9.321731233359552, 46.561106001215407 ], [ 9.323182725751453, 46.560109121936421 ], [ 9.324707812502441, 46.559165987949648 ], [ 9.326302314371729, 46.558279181453642 ], [ 9.327961862722749, 46.557451130305651 ], [ 9.32968191147763, 46.556684101398183 ], [ 9.331457749548871, 46.555980194475381 ], [ 9.333284513714302, 46.55534133640657 ], [ 9.335157201900527, 46.554769275932131 ], [ 9.337070686838953, 46.554265578895773 ], [ 9.339019730057521, 46.553831623976059 ], [ 9.340998996170509, 46.553468598928511 ], [ 9.343003067427979, 46.553177497348408 ], [ 9.345026458485789, 46.55295911596324 ], [ 9.347063631356551, 46.552814052461606 ], [ 9.3491090105015, 46.552742703864439 ], [ 9.414285792385968, 46.551628732258742 ], [ 9.416333740384829, 46.551630119605171 ], [ 9.418378780803623, 46.551705411827456 ], [ 9.420415316667334, 46.551854402862759 ], [ 9.422437774172382, 46.552076684942698 ], [ 9.424440617874346, 46.552371649704355 ], [ 9.426418365773042, 46.552738489848082 ], [ 9.428365604254529, 46.553176201337216 ], [ 9.430277002850092, 46.553683586134362 ], [ 9.43214732877251, 46.55425925546642 ], [ 9.433971461190657, 46.554901633610051 ], [ 9.435744405204009, 46.555608962187101 ], [ 9.437461305479443, 46.556379304958597 ], [ 9.439117459513549, 46.557210553104532 ], [ 9.440708330484572, 46.558100430975195 ], [ 9.442229559659182, 46.559046502298266 ], [ 9.443676978320433, 46.560046176826013 ], [ 9.445046619184318, 46.561096717403238 ], [ 9.44633472727384, 46.56219524743824 ], [ 9.44753777022072, 46.563338758755705 ], [ 9.448652447966465, 46.564524119811495 ], [ 9.44967570183595, 46.565748084245492 ], [ 9.450604722958341, 46.567007299751104 ], [ 9.451436960011977, 46.568298317236298 ], [ 9.452170126271252, 46.569617600251767 ], [ 9.452802205935877, 46.570961534660576 ], [ 9.453331459724271, 46.572326438523248 ], [ 9.453756429715172, 46.573708572171263 ], [ 9.454075943423248, 46.575104148441135 ], [ 9.454289117096764, 46.576509343042218 ], [ 9.454395358227346, 46.577920305029011 ], [ 9.455233664768214, 46.600401829760031 ], [ 9.455232695168654, 46.60181468983604 ], [ 9.455124443162712, 46.603225578459011 ], [ 9.454909197103408, 46.604630628175371 ], [ 9.454587538744734, 46.606025987237246 ], [ 9.454160341737266, 46.607407830166615 ], [ 9.453628769321153, 46.608772368250541 ], [ 9.452994271221964, 46.610115859938347 ], [ 9.452083142449499, 46.611705789357131 ], [ 9.453111510394134, 46.613261397860931 ], [ 9.453845327287876, 46.614580665910879 ], [ 9.454477974271216, 46.615924586726848 ], [ 9.455348522770093, 46.61839686985131 ], [ 9.485455749734111, 46.617859444731593 ], [ 9.482878623841518, 46.615776298030589 ], [ 9.481673666037125, 46.614633164785396 ], [ 9.480557230741644, 46.613448131555785 ], [ 9.479532374600556, 46.612224449071576 ], [ 9.478601902463174, 46.610965473859963 ], [ 9.47776835974101, 46.609674659018303 ], [ 9.477034025485384, 46.608355544724098 ], [ 9.4764009062025, 46.607011748507695 ], [ 9.475870730422423, 46.605646955316104 ], [ 9.475444944035983, 46.604264907394217 ], [ 9.475124706411616, 46.602869394011641 ], [ 9.474910887301837, 46.601464241063802 ], [ 9.47480406454704, 46.60005330057578 ], [ 9.4731118917798, 46.55509049774075 ], [ 9.473112393341736, 46.553677633050135 ], [ 9.47322007682239, 46.552266722578509 ], [ 9.473434638726332, 46.550861633230376 ], [ 9.473755482750615, 46.549466215656771 ], [ 9.474181721508993, 46.548084293707532 ], [ 9.474712179051528, 46.546719653960182 ], [ 9.475345394171589, 46.545376035354082 ], [ 9.476079624490378, 46.544057118958179 ], [ 9.47691285130678, 46.542766517899921 ], [ 9.477842785198646, 46.541507767483083 ], [ 9.478866872359138, 46.540284315521546 ], [ 9.479982301650359, 46.539099512914163 ], [ 9.481186012354188, 46.537956604487839 ], [ 9.482474702598646, 46.536858720132749 ], [ 9.483844838436262, 46.535808866253006 ], [ 9.485292663549282, 46.534809917557709 ], [ 9.486814209554897, 46.533864609212806 ], [ 9.488405306882091, 46.532975529375591 ], [ 9.4900615961905, 46.532145112132461 ], [ 9.49177854029975, 46.531375630857838 ], [ 9.493551436597157, 46.530669192013249 ], [ 9.495375429889815, 46.530027729402185 ], [ 9.49724552566645, 46.529452998897327 ], [ 9.499156603733017, 46.52894657365318 ], [ 9.501103432185412, 46.528509839817588 ], [ 9.50308068168161, 46.528143992753506 ], [ 9.505082939974804, 46.527850033781306 ], [ 9.507104726668588, 46.52762876744972 ], [ 9.509140508154648, 46.527480799343621 ], [ 9.511184712692769, 46.527406534433872 ], [ 9.576327481378692, 46.526199642903499 ], [ 9.578374467807102, 46.526198110871832 ], [ 9.58041876916246, 46.52627048785515 ], [ 9.582454790490852, 46.526416575769183 ], [ 9.584476959398094, 46.526635974791198 ], [ 9.586479741233576, 46.526928084449338 ], [ 9.588457654173132, 46.527292105258603 ], [ 9.590405284160513, 46.527727040899471 ], [ 9.592317299667462, 46.528231700933254 ], [ 9.594188466232724, 46.528804704046138 ], [ 9.596013660741082, 46.529444481814508 ], [ 9.597787885403896, 46.530149282980496 ], [ 9.599506281403537, 46.530917178226275 ], [ 9.601164142165011, 46.531746065435101 ], [ 9.602756926218728, 46.532633675424385 ], [ 9.604280269619696, 46.533577578135144 ], [ 9.605729997889412, 46.534575189261936 ], [ 9.607102137447828, 46.535623777304792 ], [ 9.608392926504342, 46.536720471024509 ], [ 9.609598825377743, 46.537862267281149 ], [ 9.61071652621699, 46.539046039234513 ], [ 9.611742962095729, 46.540268544884633 ], [ 9.612675315455466, 46.541526435928802 ], [ 9.613511025873883, 46.5428162669118 ], [ 9.61424779713632, 46.544134504644006 ], [ 9.614883603590677, 46.545477537861998 ], [ 9.615416695767518, 46.546841687105811 ], [ 9.615845605249277, 46.548223214785047 ], [ 9.616169148774391, 46.549618335407942 ], [ 9.616386431564283, 46.55102322594373 ], [ 9.6164968498631, 46.552434036291686 ], [ 9.618308193964555, 46.597394651806368 ], [ 9.618311486520382, 46.59880751100409 ], [ 9.618207497109182, 46.6002185525114 ], [ 9.617996502398237, 46.60162390846763 ], [ 9.617679072483028, 46.603019726297283 ], [ 9.617256069414804, 46.604402179276271 ], [ 9.616728644925516, 46.605767477030582 ], [ 9.616098237355336, 46.607111875937925 ], [ 9.61536656779027, 46.60843168940449 ], [ 9.614535635419619, 46.609723297988175 ], [ 9.613607712125102, 46.610983159340506 ], [ 9.61258533631581, 46.612207817939016 ], [ 9.611471306025132, 46.613393914584329 ], [ 9.61026867128801, 46.614538195634829 ], [ 9.608980725818917, 46.615637521953666 ], [ 9.607610998012859, 46.616688877542458 ], [ 9.606163241293922, 46.617689377839447 ], [ 9.604641423837396, 46.618636277657011 ], [ 9.603049717693686, 46.619526978737703 ], [ 9.601392487343707, 46.620359036907359 ], [ 9.599674277717371, 46.621130168805543 ], [ 9.59789980170803, 46.621838258173973 ], [ 9.596073927217546, 46.622481361686098 ], [ 9.594201663767844, 46.623057714301133 ], [ 9.592288148716181, 46.62356573412734 ], [ 9.59033863311241, 46.624004026781726 ], [ 9.58835846723786, 46.624371389233055 ], [ 9.586353085866021, 46.624666813117848 ], [ 9.584327993286401, 46.624889487520349 ], [ 9.582288748133372, 46.625038801207957 ], [ 9.580240948062649, 46.625114344316472 ], [ 9.544161036072436, 46.625787412026682 ], [ 9.546741001689334, 46.627869169053859 ], [ 9.547947631063799, 46.629011611963683 ], [ 9.549065865776022, 46.630195982365336 ], [ 9.550092637413121, 46.631419036617217 ], [ 9.551025127471066, 46.632677424911471 ], [ 9.551860775125824, 46.633967700427931 ], [ 9.552597284306255, 46.635286328756081 ], [ 9.553232630048942, 46.636629697559229 ], [ 9.553765064116734, 46.637994126454437 ], [ 9.55419311986487, 46.639375877081513 ], [ 9.554515616340639, 46.64077116333381 ], [ 9.55473166160435, 46.642176161722801 ], [ 9.554840655261636, 46.643587021848177 ], [ 9.555560538268971, 46.661954801652293 ], [ 9.559192609223068, 46.66242358695542 ], [ 9.561175301145806, 46.662788079612966 ], [ 9.563127598337733, 46.663223479018122 ], [ 9.56504415650906, 46.663728593462679 ], [ 9.566919728775185, 46.664302040389273 ], [ 9.568749179969446, 46.664942250159491 ], [ 9.570527500656414, 46.665647470332871 ], [ 9.572249820808084, 46.666415770444694 ], [ 9.573911423105979, 46.667245047270029 ], [ 9.575507755833288, 46.668133030559517 ], [ 9.577034445321996, 46.669077289232177 ], [ 9.57848730792144, 46.670075238007918 ], [ 9.579862361455399, 46.671124144461963 ], [ 9.581155836136697, 46.672221136483131 ], [ 9.582364184909178, 46.673363210114317 ], [ 9.583484093188856, 46.674547237755313 ], [ 9.58451248797706, 46.675769976705354 ], [ 9.585446546320521, 46.677028078022211 ], [ 9.58628370309472, 46.678318095673966 ], [ 9.587021658088595, 46.679636495958931 ], [ 9.587658382370744, 46.680979667167485 ], [ 9.588192123918905, 46.682343929460494 ], [ 9.588621412496517, 46.683725544936792 ], [ 9.588945063762356, 46.68512072786271 ], [ 9.58916218260083, 46.686525655035446 ], [ 9.589272165663155, 46.687936476252567 ], [ 9.590168379345494, 46.710416761986941 ], [ 9.590170941221739, 46.711829607237242 ], [ 9.590065997286858, 46.713240608193914 ], [ 9.589853826789897, 46.714645897105505 ], [ 9.58953500301573, 46.716041621578547 ], [ 9.589110391804214, 46.71742395514287 ], [ 9.588581149265114, 46.71878910774987 ], [ 9.587948718693932, 46.720133336173134 ], [ 9.587214826696254, 46.721452954284423 ], [ 9.586381478530376, 46.722744343175322 ], [ 9.585450952679986, 46.724003961097594 ], [ 9.584425794671322, 46.725228353194602 ], [ 9.583308810150688, 46.726414160995873 ], [ 9.582103057241044, 46.72755813165012 ], [ 9.580811838197871, 46.728657126869948 ], [ 9.579438690386874, 46.729708131563569 ], [ 9.577987376607931, 46.73070826213003 ], [ 9.576461874791489, 46.731654774394428 ], [ 9.573504224841797, 46.733227022452631 ], [ 9.576582062467615, 46.734686227114857 ], [ 9.578180435543418, 46.735574166817599 ], [ 9.579709081120466, 46.7365183830848 ], [ 9.581163810189665, 46.737516290752886 ], [ 9.582540635459791, 46.73856515751018 ], [ 9.58383578228616, 46.739662111354733 ], [ 9.585045699025876, 46.740804148434506 ], [ 9.586167066791582, 46.741988141249998 ], [ 9.587196808576516, 46.743210847196366 ], [ 9.588132097725635, 46.744468917422374 ], [ 9.588970365729216, 46.745758905981887 ], [ 9.589709309316962, 46.747077279253467 ], [ 9.590346896832758, 46.748420425602042 ], [ 9.590881373871762, 46.749784665257181 ], [ 9.591311268163709, 46.751166260380302 ], [ 9.595437155249714, 46.751731990730995 ], [ 9.597423376854699, 46.752095849280707 ], [ 9.599379201062, 46.75253062350135 ], [ 9.601694249330492, 46.753155537687377 ], [ 9.603955660738791, 46.7524438687146 ], [ 9.605873640862722, 46.751935659753855 ], [ 9.607827656950851, 46.751497107094558 ], [ 9.609812360002186, 46.751129411077592 ], [ 9.611822317388112, 46.750833578083331 ], [ 9.61385202766292, 46.750610417789012 ], [ 9.615895935558562, 46.750460540962386 ], [ 9.617948447123428, 46.75038435779765 ], [ 9.683358184672612, 46.749116235323655 ], [ 9.685413630824591, 46.749112776029506 ], [ 9.687466527416584, 46.749183226649507 ], [ 9.689511256006757, 46.74932739437125 ], [ 9.691542220407312, 46.749544884627113 ], [ 9.693553861932751, 46.7498351021692 ], [ 9.695540674547818, 46.750197252691486 ], [ 9.69749721987456, 46.750630344993922 ], [ 9.699418142018256, 46.751133193684119 ], [ 9.701298182172485, 46.751704422407499 ], [ 9.703132192964103, 46.752342467599028 ], [ 9.704915152499632, 46.753045582745507 ], [ 9.706642178075059, 46.753811843147098 ], [ 9.708308539512355, 46.754639151165577 ], [ 9.709909672086384, 46.755525241945193 ], [ 9.711441189007338, 46.756467689590259 ], [ 9.712898893424857, 46.757463913783667 ], [ 9.714278789920936, 46.758511186828002 ], [ 9.715577095460542, 46.759606641090301 ], [ 9.716790249769607, 46.760747276830685 ], [ 9.717914925112098, 46.761929970393467 ], [ 9.718948035439055, 46.763151482738735 ], [ 9.719886744884256, 46.764408468291649 ], [ 9.72072847558282, 46.76569748408459 ], [ 9.721470914790745, 46.767014999168779 ], [ 9.722112021285421, 46.768357404268528 ], [ 9.722650031028804, 46.769721021652892 ], [ 9.723083462076984, 46.771102115197202 ], [ 9.723411118721945, 46.772496900607656 ], [ 9.72363209485319, 46.773901555780732 ], [ 9.723745776529237, 46.775312231269375 ], [ 9.72452500671359, 46.793678636598266 ], [ 9.728167422267211, 46.794142027311423 ], [ 9.730156101683709, 46.794503573164825 ], [ 9.732114534503729, 46.794936069542914 ], [ 9.734037359674719, 46.795438332684462 ], [ 9.735919313189564, 46.796008987838093 ], [ 9.737755242445671, 46.796646473009197 ], [ 9.739540120305486, 46.797349043218077 ], [ 9.741269058820585, 46.798114775257488 ], [ 9.742937322582328, 46.798941572936414 ], [ 9.744540341663036, 46.799827172797336 ], [ 9.746073724112534, 46.800769150289632 ], [ 9.747533267976287, 46.801764926384834 ], [ 9.748914972802242, 46.8028117746139 ], [ 9.750215050605096, 46.803906828508751 ], [ 9.751429936257834, 46.805047089427589 ], [ 9.75255629728203, 46.806229434743031 ], [ 9.753591043009871, 46.807450626371121 ], [ 9.754531333092432, 46.808707319617355 ], [ 9.755374585330596, 46.809996072317155 ], [ 9.756118482806462, 46.81131335424471 ], [ 9.756760980295388, 46.812655556765563 ], [ 9.757300309940121, 46.814019002706225 ], [ 9.75773498617095, 46.815399956414467 ], [ 9.76186753505638, 46.815959663584835 ], [ 9.763857246426314, 46.816320621523118 ], [ 9.765816743344365, 46.816752538678578 ], [ 9.767740661851134, 46.817254232875584 ], [ 9.769623734952694, 46.81782433092031 ], [ 9.771460806987736, 46.818461272343519 ], [ 9.773246847696353, 46.819163313654492 ], [ 9.774976965952604, 46.819928533094306 ], [ 9.776646423123754, 46.820754835876109 ], [ 9.778250646020195, 46.821639959897965 ], [ 9.779785239400807, 46.822581481913119 ], [ 9.781245998000058, 46.823576824141306 ], [ 9.782628918043796, 46.82462326130274 ], [ 9.783930208222564, 46.825717928056299 ], [ 9.785146300092157, 46.82685782682195 ], [ 9.786273857872979, 46.828039835965775 ], [ 9.787309787621044, 46.829260718326267 ], [ 9.788251245745172, 46.830517130057949 ], [ 9.789095646846782, 46.831805629769384 ], [ 9.789840670860061, 46.833122687929965 ], [ 9.790484269472556, 46.834464696520378 ], [ 9.79102467180787, 46.835827978900895 ], [ 9.791460389354024, 46.837208799869686 ], [ 9.791790220123326, 46.838603375884936 ], [ 9.792013252031396, 46.840007885422025 ], [ 9.792128865485131, 46.841418479438254 ], [ 9.794096745959052, 46.886374745081085 ], [ 9.79410467385034, 46.887787547502384 ], [ 9.794004737763871, 46.889198697822216 ], [ 9.793797203163658, 46.890604327894906 ], [ 9.793482630565247, 46.892000584406986 ], [ 9.793061874090608, 46.893383639444536 ], [ 9.792536079215834, 46.89474970099532 ], [ 9.791906679716917, 46.896095023354675 ], [ 9.791175393820932, 46.897415917408075 ], [ 9.790344219572386, 46.898708760760918 ], [ 9.789415429426471, 46.89997000768841 ], [ 9.788391564083495, 46.901196198877336 ], [ 9.787275425580397, 46.902383970933322 ], [ 9.784858730797655, 46.904563168690125 ], [ 9.790387002284456, 46.904486678139527 ], [ 9.7924459683862, 46.904555238781207 ], [ 9.794496886774123, 46.904697522217965 ], [ 9.796534144346902, 46.904913139038882 ], [ 9.798552165223231, 46.905201499123642 ], [ 9.800545425936331, 46.905561813250074 ], [ 9.802508470488204, 46.90599309524508 ], [ 9.804435925223258, 46.90649416467177 ], [ 9.806322513481474, 46.907063650046851 ], [ 9.808163069991794, 46.907699992578785 ], [ 9.809952554966941, 46.908401450417003 ], [ 9.811686067861826, 46.909166103400715 ], [ 9.813358860758427, 46.909991858294909 ], [ 9.814966351340892, 46.910876454498862 ], [ 9.816504135425772, 46.911817470212448 ], [ 9.817967999013442, 46.912812329043184 ], [ 9.819353929827738, 46.913858307036769 ], [ 9.820658128312472, 46.914952540111365 ], [ 9.821877018054517, 46.916092031876666 ], [ 9.823007255604994, 46.917273661815678 ], [ 9.824045739671281, 46.918494193807838 ], [ 9.824989619654415, 46.919750284969943 ], [ 9.825836303508154, 46.921038494791382 ], [ 9.826583464897441, 46.922355294538214 ], [ 9.827229049636379, 46.923697076902229 ], [ 9.82777128138712, 46.925060165866213 ], [ 9.828208666603413, 46.926440826761329 ], [ 9.82853999870453, 46.927835276487393 ], [ 9.82876436146705, 46.929239693868944 ], [ 9.82888113162449, 46.930650230118829 ], [ 9.830883056594711, 46.975605178126877 ], [ 9.830891965729831, 46.977017955579747 ], [ 9.830792830528781, 46.978429115584795 ], [ 9.830585914231564, 46.979834789972863 ], [ 9.830271775629734, 46.981231125311567 ], [ 9.829851267626324, 46.982614293473851 ], [ 9.829325534987213, 46.98398050213973 ], [ 9.828696011289168, 46.985326005203817 ], [ 9.827964415071884, 46.986647113058304 ], [ 9.827132745203786, 46.987940202724495 ], [ 9.826203275473326, 46.989201727804151 ], [ 9.825178548420007, 46.99042822822296 ], [ 9.824061368421152, 46.991616339740141 ], [ 9.822854794052878, 46.992762803196577 ], [ 9.821562129745676, 46.993864473476798 ], [ 9.820186916756963, 46.99491832815982 ], [ 9.818732923485143, 46.995921475833789 ], [ 9.817204135151345, 46.99687116405304 ], [ 9.815604742877168, 46.997764786913763 ], [ 9.813939132188189, 46.998599892228192 ], [ 9.812211870974998, 46.999374188276903 ], [ 9.810427696944824, 47.000085550120531 ], [ 9.808591504598567, 47.000732025452983 ], [ 9.806708331769215, 47.001311839980211 ], [ 9.804783345759216, 47.001823402309135 ], [ 9.802821829115178, 47.002265308333406 ], [ 9.800829165079801, 47.00263634510322 ], [ 9.798810822761492, 47.002935494168725 ], [ 9.796772342063246, 47.003161934387698 ], [ 9.7947193184129, 47.0033150441893 ], [ 9.792657387337709, 47.003394403287722 ], [ 9.765810449114211, 47.003942552792886 ], [ 9.765134928136773, 47.006444107491767 ], [ 9.764607314217812, 47.007810012476639 ], [ 9.763975888058066, 47.009155153342483 ], [ 9.763242373413551, 47.010475841470289 ], [ 9.762408774414419, 47.011768455028118 ], [ 9.761477370141826, 47.013029448919283 ], [ 9.760450708444344, 47.014255364522413 ], [ 9.759331599010144, 47.015442839197078 ], [ 9.758123105713317, 47.016588615527418 ], [ 9.756828538254821, 47.017689550279762 ], [ 9.755451443120471, 47.018742623047565 ], [ 9.753995593880536, 47.019744944561609 ], [ 9.752464980857171, 47.020693764640235 ], [ 9.750863800188014, 47.021586479759279 ], [ 9.74919644231578, 47.022420640219813 ], [ 9.747467479935668, 47.02319395689333 ], [ 9.745681655433639, 47.023904307526401 ], [ 9.74384386785043, 47.024549742586707 ], [ 9.741959159407394, 47.02512849063406 ], [ 9.740032701631614, 47.025638963201459 ], [ 9.738069781118906, 47.026079759172752 ], [ 9.736075784974451, 47.026449668644332 ], [ 9.734056185971667, 47.0267476762602 ], [ 9.732016527470895, 47.026972964010838 ], [ 9.729962408140061, 47.027124913488649 ], [ 9.727899466520189, 47.027203107592797 ], [ 9.668165777833256, 47.028379848230898 ], [ 9.667485394719328, 47.030880813417355 ], [ 9.666955053546127, 47.032246261284655 ], [ 9.666320890580543, 47.033590856725553 ], [ 9.665584637085788, 47.034910912610101 ], [ 9.664748304707068, 47.036202808833714 ], [ 9.663814180027764, 47.037463002260708 ], [ 9.662784818365189, 47.038688036459384 ], [ 9.661663036822144, 47.039874551201073 ], [ 9.660451906612767, 47.041019291697978 ], [ 9.6591547446832, 47.042119117552843 ], [ 9.657775104649501, 47.043171011396765 ], [ 9.656316767077524, 47.044172087190709 ], [ 9.653180193615755, 47.046010944390197 ], [ 9.649779399601046, 47.047615519518466 ], [ 9.64615166895644, 47.048968211011015 ], [ 9.642336784681865, 47.050054179159012 ], [ 9.64037216829635, 47.050493300637406 ], [ 9.63627554724288, 47.051215458189979 ], [ 9.635955929926752, 47.052611236603369 ], [ 9.634998465502353, 47.055358961106641 ], [ 9.633625869524634, 47.058023217552581 ], [ 9.631853127381468, 47.060574801382074 ], [ 9.629699618563636, 47.062985739088752 ], [ 9.627188906225063, 47.065229595481199 ], [ 9.624348480385819, 47.067281764206086 ], [ 9.62120945753129, 47.069119738311358 ], [ 9.617806239863954, 47.070723357840492 ], [ 9.616017114918904, 47.071431681578687 ], [ 9.612288359902321, 47.072651642495224 ], [ 9.608393235308212, 47.073598503144225 ], [ 9.604374469735228, 47.07426187499248 ], [ 9.600276154218497, 47.074634479495785 ], [ 9.598211196913532, 47.07471034029161 ], [ 9.565306993612234, 47.075324617394003 ], [ 9.563239028487883, 47.075325912688307 ], [ 9.559116984452031, 47.075106771248024 ], [ 9.557074220660144, 47.074886936056878 ], [ 9.553053230147167, 47.074229752272942 ], [ 9.551086039919792, 47.073794207585891 ], [ 9.548757729415524, 47.073168300487538 ], [ 9.546482049442016, 47.073878836343255 ], [ 9.54258567400132, 47.074823463568933 ], [ 9.538566003110498, 47.075484531275585 ], [ 9.534467137779709, 47.07585478619761 ], [ 9.53240204092994, 47.07592946320721 ], [ 9.499496350431412, 47.076524877321432 ], [ 9.495363155674852, 47.076451121353131 ], [ 9.491263933587671, 47.076082476661547 ], [ 9.489241146072096, 47.075788709660983 ], [ 9.485276963476196, 47.074986315976638 ], [ 9.481457414072894, 47.073905105445391 ], [ 9.477824393798146, 47.07255694030264 ], [ 9.474417743856256, 47.070956610621067 ], [ 9.471274812590559, 47.069121671423495 ], [ 9.468430045223052, 47.067072249406834 ], [ 9.465914606004119, 47.064830821436153 ], [ 9.463756036932311, 47.062421967278937 ], [ 9.462818120167098, 47.061162945481883 ], [ 9.461237843859726, 47.058552969097022 ], [ 9.460065578071776, 47.055844394043 ], [ 9.459636623969136, 47.054462376380208 ], [ 9.459314109270432, 47.053066908549823 ], [ 9.459098909834069, 47.051661816323232 ], [ 9.45899160714478, 47.050250951559569 ], [ 9.458144710803769, 47.027770859322111 ], [ 9.458145612438694, 47.026358082838492 ], [ 9.458254640096602, 47.024947274325378 ], [ 9.458471486450334, 47.023542300407456 ], [ 9.458795548790611, 47.022147011418816 ], [ 9.459225930769437, 47.020765230856071 ], [ 9.459761444945729, 47.01940074490804 ], [ 9.460400616125376, 47.018057292091321 ], [ 9.46114168548543, 47.01673855301857 ], [ 9.461982615470369, 47.015448140329511 ], [ 9.462921095446232, 47.014189588809522 ], [ 9.463954548096163, 47.012966345724962 ], [ 9.46508013653944, 47.011781761399781 ], [ 9.46629477215366, 47.010639080060066 ], [ 9.467669310547626, 47.009485108411077 ], [ 9.46404054901106, 47.009670797313511 ], [ 9.398308273714225, 47.010813039879125 ], [ 9.396242796119941, 47.010811326808494 ], [ 9.39418028466498, 47.010735639752667 ], [ 9.392126401037014, 47.010586186473574 ], [ 9.390086783133292, 47.010363377219917 ], [ 9.38806702951603, 47.010067823596032 ], [ 9.386072683978082, 47.009700336875689 ], [ 9.384109220262362, 47.009261925765415 ], [ 9.382182026977707, 47.008753793623882 ], [ 9.380296392753497, 47.008177335144822 ], [ 9.378457491674483, 47.007534132512951 ], [ 9.376670369036569, 47.006825951043915 ], [ 9.374939927463251, 47.006054734319754 ], [ 9.373270913421356, 47.00522259883428 ], [ 9.371667904173565, 47.004331828163011 ], [ 9.370135295203909, 47.003384866673819 ], [ 9.368677288150955, 47.002384312796082 ], [ 9.367297879282068, 47.001332911867038 ], [ 9.366000848540285, 47.000233548575487 ], [ 9.364789749194042, 46.999089239023398 ], [ 9.36366789811775, 46.997903122428127 ], [ 9.362638366729822, 46.996678452487814 ], [ 9.361703972612634, 46.99541858843466 ], [ 9.360867271836849, 46.994126985799923 ], [ 9.360130552010826, 46.99280718691687 ], [ 9.359495826073321, 46.991462811188441 ], [ 9.358964826846004, 46.990097545145282 ], [ 9.358539002359841, 46.988715132322895 ], [ 9.358219511967308, 46.987319362984977 ], [ 9.358007223250306, 46.985914063722163 ], [ 9.357902709731174, 46.984503086953438 ], [ 9.357099177442915, 46.962021975749806 ], [ 9.357102736766052, 46.960609183259862 ], [ 9.357214285776616, 46.959198454066815 ], [ 9.357433510259551, 46.95779365457043 ], [ 9.357759801012149, 46.956398634619376 ], [ 9.358192255605056, 46.955017216965629 ], [ 9.358729680944252, 46.953653186796579 ], [ 9.359370596626269, 46.952310281372938 ], [ 9.360113239076377, 46.95099217980124 ], [ 9.360955566457536, 46.949702492968214 ], [ 9.36189526433594, 46.94844475366488 ], [ 9.362929752086629, 46.947222406927118 ], [ 9.364056190021271, 46.946038800618503 ], [ 9.365271487217717, 46.944897176281614 ], [ 9.366572310029426, 46.943800660282108 ], [ 9.367955091251201, 46.942752255269568 ], [ 9.369416039915476, 46.941754831978429 ], [ 9.370951151692486, 46.94081112139105 ], [ 9.372556219865356, 46.939923707283725 ], [ 9.374226846850323, 46.939095019176129 ], [ 9.375958456230441, 46.938327325703185 ], [ 9.377746305270046, 46.937622728426781 ], [ 9.379585497876096, 46.936983156104532 ], [ 9.381470997971144, 46.936410359430212 ], [ 9.383397643241873, 46.935905906260892 ], [ 9.385360159226137, 46.935471177343047 ], [ 9.387353173700484, 46.935107362548891 ], [ 9.389371231329612, 46.934815457633597 ], [ 9.391408808538287, 46.934596261521726 ], [ 9.39346032856602, 46.934450374130186 ], [ 9.395520176663929, 46.934378194733576 ], [ 9.421776291507692, 46.933926452690343 ], [ 9.42111263975713, 46.915941778374616 ], [ 9.42111451308663, 46.914528972878394 ], [ 9.421224286017466, 46.913118170373714 ], [ 9.421441649215868, 46.911713237466024 ], [ 9.421765998592322, 46.91031802437422 ], [ 9.422196437048363, 46.908936354384181 ], [ 9.422731777023897, 46.907572013379209 ], [ 9.423370543837136, 46.906228739476234 ], [ 9.424110979807059, 46.904910212795734 ], [ 9.42495104914614, 46.903620045393254 ], [ 9.425888443609308, 46.902361771380463 ], [ 9.426920588882622, 46.901138837261776 ], [ 9.428044651693732, 46.899954592513389 ], [ 9.429257547623942, 46.898812280430072 ], [ 9.430555949599889, 46.897715029264262 ], [ 9.431936297041297, 46.896665843681895 ], [ 9.433394805639301, 46.895667596557892 ], [ 9.434927477738412, 46.894723021132918 ], [ 9.436530113293552, 46.893834703553637 ], [ 9.438198321372086, 46.893005075815616 ], [ 9.439927532169497, 46.892236409128003 ], [ 9.441713009505952, 46.891530807718851 ], [ 9.443549863769825, 46.890890203095914 ], [ 9.445433065273152, 46.890316348780118 ], [ 9.447357457982852, 46.889810815524697 ], [ 9.449317773590778, 46.889374987033342 ], [ 9.453404563437616, 46.888659484729985 ], [ 9.45372794428294, 46.887264175849104 ], [ 9.454157376813381, 46.885882380503411 ], [ 9.454691676229949, 46.88451788492214 ], [ 9.455329370705886, 46.883174427647859 ], [ 9.456068705501291, 46.881855689305553 ], [ 9.456907647847766, 46.880565282532949 ], [ 9.457843892589056, 46.879306742099345 ], [ 9.458874868561306, 46.878083515240995 ], [ 9.45999774569489, 46.876898952237738 ], [ 9.461209442817699, 46.875756297257773 ], [ 9.46250663613796, 46.874658679494246 ], [ 9.463885768383088, 46.873609104618694 ], [ 9.465343058568925, 46.872610446573347 ], [ 9.466874512372742, 46.871665439725469 ], [ 9.46847593308113, 46.870776671404194 ], [ 9.47014293308305, 46.869946574840121 ], [ 9.471870945876466, 46.869177422527088 ], [ 9.473655238555944, 46.868471320023311 ], [ 9.475490924747332, 46.867830200209028 ], [ 9.477372977954415, 46.867255818016183 ], [ 9.479296245281516, 46.866749745643375 ], [ 9.481255461495056, 46.866313368270532 ], [ 9.483245263386088, 46.865947880282789 ], [ 9.485260204395397, 46.865654282015875 ], [ 9.487294769461689, 46.865433377029618 ], [ 9.489343390053214, 46.865285769918458 ], [ 9.49140045934239, 46.865211864664019 ], [ 9.556952755188906, 46.864016273100347 ], [ 9.559012596877508, 46.864015091085037 ], [ 9.561069709971196, 46.864087814805814 ], [ 9.56311846450452, 46.864234245228957 ], [ 9.565153253285017, 46.864453981593719 ], [ 9.567168507171308, 46.864746422504751 ], [ 9.569158710249424, 46.865110767570457 ], [ 9.571118414866676, 46.865546019584045 ], [ 9.573042256482818, 46.866050987241209 ], [ 9.574924968298664, 46.866624288386745 ], [ 9.576761395622871, 46.867264353782012 ], [ 9.57854650993829, 46.867969431382569 ], [ 9.58027542263001, 46.868737591114993 ], [ 9.581943398338041, 46.869566730139645 ], [ 9.583628576887635, 46.870505532055184 ], [ 9.583352363874608, 46.86802348542507 ], [ 9.582635517720869, 46.850039591710939 ], [ 9.45811684267739, 46.852307086781629 ], [ 9.456057448867901, 46.852306451228905 ], [ 9.454000930164684, 46.852231838229692 ], [ 9.451952931780914, 46.852083452597867 ], [ 9.449919075436146, 46.851861701651671 ], [ 9.447904943856535, 46.85156719409045 ], [ 9.445916065384404, 46.851200738316713 ], [ 9.4439578987405, 46.850763340207159 ], [ 9.442035817981385, 46.850256200339992 ], [ 9.440155097694342, 46.849680710685469 ], [ 9.438320898471014, 46.849038450769328 ], [ 9.436538252700416, 46.848331183319992 ], [ 9.434812050720977, 46.847560849411302 ], [ 9.433147027370117, 46.846729563114714 ], [ 9.431547748968701, 46.845839605675813 ], [ 9.430018600776631, 46.844893419231639 ], [ 9.42856377495397, 46.84389360008565 ], [ 9.427187259061132, 46.842842891560217 ], [ 9.425892825129504, 46.841744176445545 ], [ 9.424684019332616, 46.840600469066892 ], [ 9.423564152285936, 46.839414906991138 ], [ 9.422536290001766, 46.838190742397387 ], [ 9.421603245523626, 46.836931333133641 ], [ 9.420767571262669, 46.83564013348618 ], [ 9.420031552056651, 46.834320684685601 ], [ 9.419397198969763, 46.832976605177571 ], [ 9.418866243849797, 46.831611580683422 ], [ 9.418440134656629, 46.830229354079499 ], [ 9.414310102469086, 46.829657230718638 ], [ 9.412322262528177, 46.829290189348725 ], [ 9.41036516619104, 46.828852214462749 ], [ 9.408444184570769, 46.828344508221832 ], [ 9.406564589232003, 46.827768464150473 ], [ 9.404731537672957, 46.827125663295611 ], [ 9.402950059127027, 46.826417869869729 ], [ 9.401225040723608, 46.825647026389575 ], [ 9.399561214046541, 46.824815248324214 ], [ 9.397963142127622, 46.823924818267926 ], [ 9.396435206911276, 46.822978179653411 ], [ 9.394981597224898, 46.821977930023877 ], [ 9.393606297288242, 46.820926813881449 ], [ 9.392313075793274, 46.819827715133229 ], [ 9.391105475584586, 46.818683649155361 ], [ 9.389986803968382, 46.817497754496834 ], [ 9.388960123676457, 46.81627328424716 ], [ 9.38802824450967, 46.815013597090839 ], [ 9.387193715683246, 46.81372214807422 ], [ 9.386458818894514, 46.812402479109757 ], [ 9.385825562131409, 46.81105820924455 ], [ 9.385295674237987, 46.809693024719621 ], [ 9.384870600251226, 46.808310668847753 ], [ 9.384551497520844, 46.806914931737559 ], [ 9.384339232622096, 46.805509639892307 ], [ 9.38423437906898, 46.804098645712017 ], [ 9.383422545292747, 46.78161707371229 ], [ 9.383425402101542, 46.78020424075941 ], [ 9.383535888021315, 46.778793446443466 ], [ 9.383753691806964, 46.77738855734448 ], [ 9.384078208204444, 46.775993423558326 ], [ 9.384508539700295, 46.774611868150849 ], [ 9.385043499069647, 46.77324767668884 ], [ 9.385681612714746, 46.771904586876992 ], [ 9.386421124784013, 46.770586278329112 ], [ 9.387260002059332, 46.769296362501152 ], [ 9.388195939597557, 46.768038372813749 ], [ 9.389226367109751, 46.766815754990738 ], [ 9.390348456060318, 46.76563185764055 ], [ 9.391559127465676, 46.764489923105138 ], [ 9.392928987053294, 46.763336802196228 ], [ 9.38931654435107, 46.763520133396469 ], [ 9.35660010017734, 46.764074592034696 ], [ 9.354544081244329, 46.764072127804695 ], [ 9.352491072114317, 46.763995687915546 ], [ 9.35044670835126, 46.763845482196096 ], [ 9.348416601680904, 46.763621922960667 ], [ 9.346406324518732, 46.763325623872269 ], [ 9.344421394608212, 46.762957398250578 ], [ 9.342467259812389, 46.762518256829935 ], [ 9.340549283101501, 46.762009404972687 ], [ 9.338672727778617, 46.761432239347023 ], [ 9.336842742984595, 46.760788344077248 ], [ 9.335064349522897, 46.760079486378402 ], [ 9.333342426043714, 46.759307611686431 ], [ 9.331681695625967, 46.758474838298838 ], [ 9.330004417220913, 46.757532314175563 ], [ 9.330268395434244, 46.760014997391337 ], [ 9.331057722222614, 46.782497003568203 ], [ 9.33105349185867, 46.783909834407687 ], [ 9.330941620974762, 46.78532057661215 ], [ 9.330722407788976, 46.786725363120425 ], [ 9.330396444878568, 46.788120342897393 ], [ 9.329964617646381, 46.789501691496049 ], [ 9.329428101982201, 46.790865621549784 ], [ 9.328788361124344, 46.792208393166511 ], [ 9.328047141729284, 46.793526324195106 ], [ 9.327206469159146, 46.794815800336771 ], [ 9.326268641999089, 46.796073285072886 ], [ 9.325236225819053, 46.797295329381768 ], [ 9.32411204619604, 46.798478581217978 ], [ 9.322899181015632, 46.799619794727526 ], [ 9.321600952073275, 46.800715839173499 ], [ 9.320220915997879, 46.801763707547231 ], [ 9.318762854522468, 46.802760524841432 ], [ 9.317230764128082, 46.803703555961732 ], [ 9.315628845089469, 46.804590213255111 ], [ 9.313961489952368, 46.805418063633972 ], [ 9.312233271474277, 46.806184835276049 ], [ 9.310448930061806, 46.806888423881112 ], [ 9.308613360739436, 46.807526898467984 ], [ 9.306731599685852, 46.808098506694158 ], [ 9.304808810375192, 46.80860167968477 ], [ 9.302850269361842, 46.80903503635588 ], [ 9.299247598400688, 46.809630057782378 ], [ 9.299882473569561, 46.827998999192431 ], [ 9.299877421196676, 46.829411820001638 ], [ 9.299764638482614, 46.830822522763668 ], [ 9.299544426131163, 46.83222724052348 ], [ 9.299217379445562, 46.833622122432082 ], [ 9.298784386787617, 46.835003344308589 ], [ 9.298246627231038, 46.836367119131552 ], [ 9.297605567414475, 46.837709707432339 ], [ 9.296862957601858, 46.839027427560275 ], [ 9.296020826960127, 46.840316665792898 ], [ 9.295081478066244, 46.84157388626187 ], [ 9.294047480658053, 46.842795640668363 ], [ 9.292921664645174, 46.843978577760112 ], [ 9.291707112398646, 46.845119452544722 ], [ 9.290407150339933, 46.846215135212624 ], [ 9.28902533985182, 46.847262619746083 ], [ 9.287565467535993, 46.848259032189318 ], [ 9.286031534843524, 46.849201638557254 ], [ 9.284427747106898, 46.850087852361092 ], [ 9.282758502003327, 46.850915241728934 ], [ 9.281028377481352, 46.851681536102419 ], [ 9.27924211918384, 46.852384632490207 ], [ 9.277404627402277, 46.853022601260889 ], [ 9.275520943598506, 46.853593691459608 ], [ 9.273596236531365, 46.854096335632413 ], [ 9.27163578802681, 46.854529154146441 ], [ 9.267549185025471, 46.855238164441324 ], [ 9.267221168832434, 46.856632949901375 ], [ 9.266787169435291, 46.858014045697011 ], [ 9.266248368663309, 46.859377665150269 ], [ 9.265606236006148, 46.860720069216242 ], [ 9.264862524666469, 46.862037576747312 ], [ 9.264019266829614, 46.863326574601842 ], [ 9.263078768162339, 46.864583527568662 ], [ 9.262043601555211, 46.865804988080647 ], [ 9.260916600124878, 46.866987605689864 ], [ 9.259700849494836, 46.868128136278429 ], [ 9.25839967937554, 46.869223450979305 ], [ 9.257016654466208, 46.87027054478272 ], [ 9.255555564703242, 46.871266544803355 ], [ 9.254020414881564, 46.872208718186471 ], [ 9.252415413677324, 46.873094479630055 ], [ 9.250744962102042, 46.873921398502418 ], [ 9.249013641419911, 46.874687205535309 ], [ 9.247226200561656, 46.875389799073972 ], [ 9.245387543069707, 46.876027250866294 ], [ 9.243502713610898, 46.876597811375575 ], [ 9.241576884094236, 46.877099914601175 ], [ 9.239615339432277, 46.877532182394418 ], [ 9.237623462985947, 46.87789342825694 ], [ 9.235606721733408, 46.878182660611181 ], [ 9.233570651204438, 46.878399085534085 ], [ 9.231520840222528, 46.878542108945723 ], [ 9.229462915497511, 46.878611338247303 ], [ 9.163886243378611, 46.879619157098617 ], [ 9.161825821977873, 46.879613220835509 ], [ 9.159768682109515, 46.879533315347686 ], [ 9.157720470691569, 46.879379659977005 ], [ 9.155686810023038, 46.879152676506727 ], [ 9.15367328228259, 46.878852987999089 ], [ 9.151685414139775, 46.878481417076998 ], [ 9.14972866152201, 46.878038983656452 ], [ 9.147808394579936, 46.877526902134889 ], [ 9.145929882893345, 46.876946578043629 ], [ 9.144098280958916, 46.876299604174157 ], [ 9.142318614000434, 46.875587756188629 ], [ 9.14059576414096, 46.874812987726962 ], [ 9.138934456975456, 46.873977425024705 ], [ 9.13733924858122, 46.87308336105599 ], [ 9.135814513002146, 46.872133249218422 ], [ 9.134364430241275, 46.871129696577569 ], [ 9.132992974795011, 46.87007545668947 ], [ 9.131703904760201, 46.868973422021845 ], [ 9.130500751544229, 46.867826615994531 ], [ 9.129386810206013, 46.866638184661504 ], [ 9.128365130454178, 46.8654113880579 ], [ 9.127438508326868, 46.864149591235545 ], [ 9.126609478575356, 46.86285625501246 ], [ 9.125880307772096, 46.861534926461559 ], [ 9.125252988161179, 46.860189229164931 ], [ 9.124729232267599, 46.858822853260982 ], [ 9.124310468279246, 46.857439545311841 ], [ 9.12399783621337, 46.856043098018489 ], [ 9.12379218487732, 46.854637339812783 ], [ 9.123694069630757, 46.853226124354549 ], [ 9.122990329644299, 46.830742982183594 ], [ 9.123000025356053, 46.829330173228456 ], [ 9.123117437573089, 46.827919648394754 ], [ 9.12334223605613, 46.826515273504739 ], [ 9.123673796375536, 46.825120897226263 ], [ 9.124111201713433, 46.823740340530598 ], [ 9.124653245464588, 46.822377386229505 ], [ 9.125298434627966, 46.821035768619986 ], [ 9.126044993978825, 46.819719163264914 ], [ 9.126890871008866, 46.818431176937352 ], [ 9.12783374162032, 46.817175337756133 ], [ 9.128871016557374, 46.815955085539187 ], [ 9.129999848556849, 46.814773762400883 ], [ 9.131217140197815, 46.813634603619221 ], [ 9.132519552428191, 46.812540728797039 ], [ 9.133903513744531, 46.811495133341616 ], [ 9.135365229999559, 46.81050068028523 ], [ 9.136900694810397, 46.809560092469717 ], [ 9.138505700538721, 46.808675945114345 ], [ 9.140175849813057, 46.807850658789086 ], [ 9.141906567561383, 46.807086492810797 ], [ 9.143693113521593, 46.806385539080338 ], [ 9.145530595195684, 46.805749716377818 ], [ 9.147413981212637, 46.805180765130345 ], [ 9.149338115063868, 46.804680242667054 ], [ 9.151297729174251, 46.804249518973997 ], [ 9.154901668308456, 46.803659164865714 ], [ 9.15445971799454, 46.789786020530109 ], [ 9.128271795871251, 46.790176472730735 ], [ 9.126214800268976, 46.790169894900878 ], [ 9.124161129667376, 46.790089347987767 ], [ 9.122116421446636, 46.789935053094027 ], [ 9.12008628827458, 46.789707433758551 ], [ 9.118076302632074, 46.789407114788837 ], [ 9.116091981451152, 46.789034920538249 ], [ 9.114138770908999, 46.788591872633418 ], [ 9.112222031420352, 46.788079187157997 ], [ 9.110347022870416, 46.787498271300429 ], [ 9.108518890129449, 46.786850719475659 ], [ 9.106742648889636, 46.7861383089312 ], [ 9.105023171863641, 46.785362994849834 ], [ 9.103365175383242, 46.784526904963307 ], [ 9.101773206435386, 46.783632333691067 ], [ 9.100251630171496, 46.782681735821271 ], [ 9.098804617924589, 46.781677719751421 ], [ 9.097436135767325, 46.780623040307312 ], [ 9.096149933642293, 46.779520591160569 ], [ 9.094949535094512, 46.778373396866009 ], [ 9.093838227633952, 46.777184604540523 ], [ 9.092819053754434, 46.775957475207001 ], [ 9.091894802633126, 46.774695374827481 ], [ 9.091068002532891, 46.77340176504994 ], [ 9.090340913928028, 46.772080193694791 ], [ 9.089715523371256, 46.770734285007201 ], [ 9.088859300158104, 46.76825927133622 ], [ 9.029400878583539, 46.769103265742189 ], [ 9.027344701398013, 46.769094906626037 ], [ 9.025291983704452, 46.769012581187255 ], [ 9.023248360262343, 46.768856515410462 ], [ 9.021219440755264, 46.768627137695717 ], [ 9.019210794324604, 46.768325077676877 ], [ 9.017227934216962, 46.767951164486142 ], [ 9.015276302588392, 46.767506424467904 ], [ 9.013361255508038, 46.766992078349645 ], [ 9.011488048203111, 46.766409537876903 ], [ 9.009661820586498, 46.7657604019224 ], [ 9.00788758310742, 46.765046452079858 ], [ 9.006170202964583, 46.764269647754816 ], [ 9.004514390720198, 46.763432120766531 ], [ 9.002924687352044, 46.762536169475602 ], [ 9.00140545177954, 46.76158425245422 ], [ 8.999960848898157, 46.76057898171625 ], [ 8.998594838155366, 46.759523115526328 ], [ 8.997311162699308, 46.758419550808107 ], [ 8.996113339130146, 46.757271315172474 ], [ 8.995004647881839, 46.756081558588157 ], [ 8.99398812426063, 46.754853544718117 ], [ 8.993066550164423, 46.753590641945031 ], [ 8.992242446505276, 46.752296314111867 ], [ 8.991518066355374, 46.750974111002115 ], [ 8.990895388834501, 46.749627658587301 ], [ 8.990376113755199, 46.748260649066893 ], [ 8.989961657039446, 46.746876830730734 ], [ 8.989653146918636, 46.745479997669293 ], [ 8.989451420926324, 46.744073979361971 ], [ 8.989357023691129, 46.742662630171573 ], [ 8.988064970510591, 46.697694064498805 ], [ 8.988078175055858, 46.69628124638762 ], [ 8.988198824416214, 46.694870839701501 ], [ 8.988426579524161, 46.693466709928927 ], [ 8.988760807893044, 46.692072705056127 ], [ 8.989200585440708, 46.690692645026957 ], [ 8.989744699109773, 46.689330311282824 ], [ 8.990391650276345, 46.687989436411335 ], [ 8.991139658936918, 46.68667369393188 ], [ 8.991986668661122, 46.685386688245337 ], [ 8.99293035229598, 46.684131944776503 ], [ 8.993968118405169, 46.682912900334472 ], [ 8.995097118425154, 46.681732893718845 ], [ 8.996314254517873, 46.680595156595651 ], [ 8.997616188097981, 46.679502804668601 ], [ 8.998999349010951, 46.678458829169287 ], [ 9.000459945336496, 46.677466088689677 ], [ 9.001993973790299, 46.67652730137808 ], [ 9.003597230695418, 46.675645037520567 ], [ 9.005265323493406, 46.674821712527383 ], [ 9.006993682763547, 46.674059580343233 ], [ 9.008777574717641, 46.673360727299375 ], [ 9.010612114136352, 46.672727066423668 ], [ 9.012492277712116, 46.672160332224422 ], [ 9.014412917762469, 46.671662075961279 ], [ 9.016368776276956, 46.671233661416771 ] ], [ [ 9.421701436688275, 46.753963724514797 ], [ 9.425159085010231, 46.753903585156209 ], [ 9.423869994063098, 46.752917867437397 ], [ 9.421588035794477, 46.750880997256118 ], [ 9.419458749257259, 46.752994525924379 ], [ 9.418089720137957, 46.754147966713639 ], [ 9.421701436688275, 46.753963724514797 ] ], [ [ 9.597365023374987, 46.890256535804163 ], [ 9.597460441653263, 46.892632901135961 ], [ 9.598895884357114, 46.891744469210799 ], [ 9.601861511947051, 46.890171597755455 ], [ 9.598774088461328, 46.888713106205209 ], [ 9.597088074865724, 46.887774530185133 ], [ 9.597365023374987, 46.890256535804163 ] ], [ [ 9.722244475282848, 46.916958528945614 ], [ 9.723242526306423, 46.917893996204533 ], [ 9.725366384211767, 46.915774865405176 ], [ 9.726579118994319, 46.914742394348309 ], [ 9.723111484545887, 46.9148116643577 ], [ 9.719479708199415, 46.914762555468982 ], [ 9.72094223290425, 46.915863175799913 ], [ 9.722244475282848, 46.916958528945614 ] ], [ [ 9.572085418250667, 46.938901574890671 ], [ 9.57012429358311, 46.939339502874752 ], [ 9.566515863857605, 46.939942938144803 ], [ 9.56733790872322, 46.960686268746301 ], [ 9.570378030188056, 46.958908044143726 ], [ 9.572046189553634, 46.958076475293574 ], [ 9.573775577363532, 46.957305795310667 ], [ 9.575561456934247, 46.956598113936977 ], [ 9.577398937536444, 46.955955368376195 ], [ 9.579282987753636, 46.955379318011389 ], [ 9.581208449218282, 46.954871539608206 ], [ 9.583170050688311, 46.954433423016454 ], [ 9.586779266845392, 46.95382946451307 ], [ 9.585949820282201, 46.933086248442471 ], [ 9.58291167558091, 46.934864894570623 ], [ 9.581244405202725, 46.935696625128465 ], [ 9.579515820210204, 46.936467420875054 ], [ 9.577730661977768, 46.937175166472066 ], [ 9.575893827738536, 46.937817919533799 ], [ 9.574010357114911, 46.938393915978814 ], [ 9.572085418250667, 46.938901574890671 ] ] ], [ [ [ 10.208331055139372, 46.862935103417065 ], [ 10.20767670270642, 46.861595472096923 ], [ 10.207125492155418, 46.860234183753747 ], [ 10.206678927045548, 46.858854971072738 ], [ 10.202538521120369, 46.858311363998418 ], [ 10.200544344492618, 46.857958052861001 ], [ 10.198579886749007, 46.857533600005311 ], [ 10.196650539284429, 46.857039170481471 ], [ 10.194761596711958, 46.856476121379032 ], [ 10.192918242280372, 46.855845998086458 ], [ 10.191125533603794, 46.85515053003234 ], [ 10.189388388743112, 46.854391625919789 ], [ 10.187711572678028, 46.853571368467726 ], [ 10.186099684207276, 46.852692008673444 ], [ 10.184557143313477, 46.851755959613172 ], [ 10.183088179027347, 46.850765789796867 ], [ 10.181696817825058, 46.849724216096881 ], [ 10.180386872590368, 46.848634096269443 ], [ 10.179161932172066, 46.847498421090371 ], [ 10.178025351565044, 46.846320306126358 ], [ 10.176980242741823, 46.845102983165219 ], [ 10.176029466159344, 46.8438497913288 ], [ 10.175175622963859, 46.842564167892768 ], [ 10.174421047914882, 46.841249638839656 ], [ 10.17376780304685, 46.839909809170258 ], [ 10.17321767208537, 46.838548353001329 ], [ 10.172772155632469, 46.837169003475779 ], [ 10.172432467133309, 46.835775542514291 ], [ 10.172199529634495, 46.834371790435931 ], [ 10.172073973342004, 46.832961595476689 ], [ 10.169792665761632, 46.7880119815621 ], [ 10.169774900969012, 46.786599199940646 ], [ 10.169864803582492, 46.785187715578751 ], [ 10.170062118757976, 46.783781397005285 ], [ 10.17036629736535, 46.782384098291232 ], [ 10.170776497584528, 46.7809996484918 ], [ 10.17129158730136, 46.779631841160658 ], [ 10.171910147295897, 46.77828442396423 ], [ 10.172630475213268, 46.776961088425267 ], [ 10.173450590305448, 46.775665459822548 ], [ 10.174368238930189, 46.774401087274896 ], [ 10.175380900790987, 46.773171434036776 ], [ 10.17648579590071, 46.77197986803062 ], [ 10.177679892248801, 46.770829652642803 ], [ 10.178959914150791, 46.76972393780774 ], [ 10.180322351256711, 46.768665751403539 ], [ 10.181763468193363, 46.767657990984162 ], [ 10.183279314813859, 46.766703415868271 ], [ 10.184865737026168, 46.765804639607886 ], [ 10.186518388171026, 46.764964122856306 ], [ 10.188232740918082, 46.764184166654566 ], [ 10.190004099647824, 46.763466906154648 ], [ 10.191827613285762, 46.762814304796073 ], [ 10.19369828855401, 46.762228148952126 ], [ 10.195611003604389, 46.761710043059118 ], [ 10.197560521996431, 46.761261405242742 ], [ 10.199541506982412, 46.760883463452537 ], [ 10.201548536061214, 46.760577252115041 ], [ 10.203576115761772, 46.760343609314923 ], [ 10.205618696616549, 46.760183174511234 ], [ 10.207670688284828, 46.7600963867947 ], [ 10.273076334269732, 46.758490284723287 ], [ 10.275132043319118, 46.758476203698358 ], [ 10.277186010570391, 46.758536043648931 ], [ 10.279232614659929, 46.758669640802495 ], [ 10.281266254285249, 46.758876629521865 ], [ 10.283281363467006, 46.759156443301478 ], [ 10.285272426716515, 46.75950831631107 ], [ 10.287233994068131, 46.759931285482246 ], [ 10.289160695936308, 46.760424193133296 ], [ 10.291047257757317, 46.760985690124059 ], [ 10.292888514376552, 46.761614239533188 ], [ 10.294679424142576, 46.762308120847997 ], [ 10.296415082670013, 46.76306543465472 ], [ 10.298090736234233, 46.763884107817965 ], [ 10.299701794761596, 46.764761899134399 ], [ 10.301243844380016, 46.765696405445908 ], [ 10.30271265949596, 46.76668506819577 ], [ 10.304104214364775, 46.767725180410139 ], [ 10.305414694123019, 46.768813894086193 ], [ 10.306640505252297, 46.76994822796668 ], [ 10.30777828544614, 46.771125075680729 ], [ 10.308824912852444, 46.772341214227446 ], [ 10.30977751466598, 46.773593312781166 ], [ 10.310633475047077, 46.774877941793363 ], [ 10.311390442344042, 46.776191582366721 ], [ 10.312046335599383, 46.777530635876317 ], [ 10.312599350320854, 46.778891433811602 ], [ 10.313047963501132, 46.780270247812503 ], [ 10.317183484435432, 46.780809859409622 ], [ 10.319175568933586, 46.781161140122471 ], [ 10.32113819039963, 46.781583525536384 ], [ 10.323065976368463, 46.782075859567627 ], [ 10.324953649314802, 46.782636794646379 ], [ 10.326796041048487, 46.783264795389726 ], [ 10.328588106816746, 46.783958142787277 ], [ 10.330324939075471, 46.784714938887468 ], [ 10.332001780892467, 46.78553311197291 ], [ 10.33361403894636, 46.786410422210039 ], [ 10.335157296085995, 46.787344467758885 ], [ 10.336627323416296, 46.788332691325294 ], [ 10.338020091877569, 46.789372387139288 ], [ 10.339331783286829, 46.790460708339559 ], [ 10.34055880081068, 46.791594674745213 ], [ 10.341697778841182, 46.792771180993249 ], [ 10.342745592247296, 46.793987005019829 ], [ 10.343699364976352, 46.7952388168627 ], [ 10.344556477981556, 46.796523187760627 ], [ 10.345314576453244, 46.797836599525439 ], [ 10.345971576333657, 46.799175454161329 ], [ 10.346525670096549, 46.800536083704927 ], [ 10.34697533177517, 46.801914760259933 ], [ 10.347319321223962, 46.803307706198545 ], [ 10.347556687601497, 46.804711104502154 ], [ 10.347686772064112, 46.806121109213208 ], [ 10.348901587268124, 46.828594070164328 ], [ 10.348924066042663, 46.83000681204846 ], [ 10.348838783005558, 46.831418424931819 ], [ 10.348645963467057, 46.832825039441687 ], [ 10.34834612760624, 46.83422279960616 ], [ 10.34794008913655, 46.835607873429453 ], [ 10.347428953164393, 46.836976463403808 ], [ 10.346814113245884, 46.838324816930673 ], [ 10.346097247648714, 46.839649236621383 ], [ 10.345280314828594, 46.840946090449535 ], [ 10.344365548131735, 46.842211821726593 ], [ 10.343355449737262, 46.843442958873688 ], [ 10.342252783855226, 46.844636124962221 ], [ 10.341060569198516, 46.845788046996589 ], [ 10.339782070748536, 46.846895564913936 ], [ 10.33842079083689, 46.847955640275572 ], [ 10.33698045956722, 46.848965364625869 ], [ 10.335465024603035, 46.849921967495547 ], [ 10.333878640349658, 46.850822824026892 ], [ 10.33222565655959, 46.851665462199932 ], [ 10.330510606392938, 46.852447569639068 ], [ 10.328738193965556, 46.853166999981475 ], [ 10.326913281419468, 46.853821778789353 ], [ 10.325040875551339, 46.854410108989285 ], [ 10.323126114036199, 46.85493037582421 ], [ 10.321174251284637, 46.855381151302936 ], [ 10.317101775106808, 46.856127610560222 ], [ 10.316800990071622, 46.857525282814933 ], [ 10.316393963838918, 46.858910239453259 ], [ 10.315881804218231, 46.860278683286502 ], [ 10.315265907568095, 46.861626862114619 ], [ 10.314547955050331, 46.862951079025791 ], [ 10.313729908098558, 46.864247702547523 ], [ 10.312814003112516, 46.865513176620901 ], [ 10.311802745392114, 46.86674403037059 ], [ 10.310698902326912, 46.867936887643253 ], [ 10.309505495859259, 46.86908847628866 ], [ 10.308225794241109, 46.870195637156812 ], [ 10.306863303106679, 46.871255332786902 ], [ 10.305421755885208, 46.872264655763615 ], [ 10.3039051035796, 46.873220836717643 ], [ 10.302317503939118, 46.874121251947571 ], [ 10.300663310055556, 46.874963430643199 ], [ 10.29894705841437, 46.875745061688825 ], [ 10.297173456433663, 46.876464000028037 ], [ 10.295347369525407, 46.877118272572417 ], [ 10.293473807714893, 46.877706083637349 ], [ 10.291557911855469, 46.878225819889899 ], [ 10.289604939476909, 46.878676054794767 ], [ 10.287620250307061, 46.879055552545893 ], [ 10.285609291506915, 46.879363271472997 ], [ 10.283577582660667, 46.879598366913001 ], [ 10.281530700562527, 46.879760193538672 ], [ 10.27947426384315, 46.87984830713782 ], [ 10.246698240883152, 46.880657847205299 ], [ 10.24463785510506, 46.880671415644713 ], [ 10.242579260574519, 46.880610990836118 ], [ 10.240528108217363, 46.880476738646657 ], [ 10.238490028438507, 46.880269027598445 ], [ 10.236470615597948, 46.879988427852666 ], [ 10.234475412587807, 46.879635709637526 ], [ 10.232509895553878, 46.879211841124807 ], [ 10.230579458804284, 46.878717985760957 ], [ 10.22868939994771, 46.878155499059751 ], [ 10.22684490530264, 46.877525924866553 ], [ 10.225051035618431, 46.876830991103418 ], [ 10.223312712148072, 46.876072605007678 ], [ 10.22163470311134, 46.875252847877341 ], [ 10.22002161058607, 46.874373969337654 ], [ 10.218477857863864, 46.873438381145213 ], [ 10.217007677305205, 46.872448650546389 ], [ 10.21561509872754, 46.871407493209887 ], [ 10.214303938358196, 46.870317765750883 ], [ 10.21307778838259, 46.869182457870203 ], [ 10.211940007116077, 46.868004684128785 ], [ 10.210893709826316, 46.866787675380095 ], [ 10.209941760231017, 46.865534769886018 ], [ 10.209086762693808, 46.864249404139073 ], [ 10.208331055139372, 46.862935103417065 ] ] ], [ [ [ 8.27357133061977, 46.914555060890258 ], [ 8.273068733086609, 46.913184875645165 ], [ 8.272671494753377, 46.911798541679104 ], [ 8.272380696548533, 46.910399859929875 ], [ 8.27219712736335, 46.908992664894434 ], [ 8.272121281979166, 46.90758081410948 ], [ 8.271772999874182, 46.885093948558549 ], [ 8.271805073413715, 46.883681307063199 ], [ 8.271944928617788, 46.882271752018049 ], [ 8.272192173737213, 46.88086914652505 ], [ 8.272546122841737, 46.879477334341118 ], [ 8.273005797790447, 46.878100129350138 ], [ 8.273569931000264, 46.876741305119928 ], [ 8.274236969003963, 46.875404584573175 ], [ 8.275005076787115, 46.874093629799688 ], [ 8.27587214289105, 46.872812032038333 ], [ 8.276835785267309, 46.871563301855566 ], [ 8.277893357866489, 46.870350859547258 ], [ 8.279041957943077, 46.869178025790291 ], [ 8.280278434055448, 46.868048012568352 ], [ 8.281599394738752, 46.866963914397765 ], [ 8.283001217826531, 46.865928699875695 ], [ 8.284480060395136, 46.864945203574635 ], [ 8.286031869303669, 46.864016118304555 ], [ 8.287652392300332, 46.86314398776377 ], [ 8.289337189664918, 46.862331199597854 ], [ 8.291081646355543, 46.861579978886482 ], [ 8.292880984626684, 46.86089238207385 ], [ 8.294730277084192, 46.860270291360877 ], [ 8.296624460142015, 46.859715409572978 ], [ 8.298558347844239, 46.859229255517668 ], [ 8.300526646015189, 46.858813159844495 ], [ 8.302523966699511, 46.858468261418302 ], [ 8.304544842853462, 46.858195504215246 ], [ 8.306583743247909, 46.857995634750594 ], [ 8.308635087543166, 46.857869200044441 ], [ 8.310693261495182, 46.857816546131161 ], [ 8.376255733043399, 46.857298036890192 ], [ 8.378315109183893, 46.857318126636628 ], [ 8.380370136058117, 46.857412085595286 ], [ 8.382415189388805, 46.857579656614519 ], [ 8.384444672071943, 46.857820381073651 ], [ 8.386453029427805, 46.858133600133129 ], [ 8.388434764338555, 46.858518456529232 ], [ 8.390384452231736, 46.858973896910427 ], [ 8.392296755869632, 46.859498674707901 ], [ 8.394166439904671, 46.860091353533043 ], [ 8.395988385161939, 46.860750311092637 ], [ 8.397757602610247, 46.861473743611427 ], [ 8.399469246984225, 46.862259670750234 ], [ 8.401118630020623, 46.863105941005763 ], [ 8.402701233273056, 46.864010237578974 ], [ 8.40421272047039, 46.864970084694626 ], [ 8.40564894938532, 46.86598285435619 ], [ 8.407005983180623, 46.867045773517688 ], [ 8.408280101202239, 46.868155931652538 ], [ 8.409467809189417, 46.869310288699879 ], [ 8.410565848873961, 46.870505683366723 ], [ 8.411571206941892, 46.871738841762571 ], [ 8.412481123332707, 46.873006386344741 ], [ 8.413293098853103, 46.874304845148885 ], [ 8.414004902083574, 46.875630661280461 ], [ 8.414614575558581, 46.876980202640937 ], [ 8.415120441202484, 46.87834977186251 ], [ 8.415521105005636, 46.879735616424732 ], [ 8.415815460926977, 46.881133938924485 ], [ 8.416002694011523, 46.882540907472588 ], [ 8.416082282713273, 46.883952666187589 ], [ 8.416490945963613, 46.906439059145832 ], [ 8.416462662555404, 46.907851733748103 ], [ 8.416326532041179, 46.909261457451471 ], [ 8.416082919116279, 46.9106643659197 ], [ 8.415732483240316, 46.912056613199461 ], [ 8.415276176920246, 46.913434382269365 ], [ 8.414715243187533, 46.914793895512425 ], [ 8.414051212275197, 46.916131425084174 ], [ 8.413285897503091, 46.917443303146868 ], [ 8.412421390381722, 46.918725931942092 ], [ 8.41146005494722, 46.919975793673771 ], [ 8.410404521342315, 46.921189460174347 ], [ 8.40925767866014, 46.92236360232706 ], [ 8.408022667069975, 46.923494999218995 ], [ 8.406702869245986, 46.924580546998371 ], [ 8.405301901122055, 46.925617267412399 ], [ 8.403823601997788, 46.926602316001826 ], [ 8.402272024022563, 46.927532989928707 ], [ 8.400651421086424, 46.928406735416509 ], [ 8.398966237148228, 46.929221154781203 ], [ 8.39722109403324, 46.92997401303397 ], [ 8.395420778733824, 46.930663244036865 ], [ 8.393570230248365, 46.931286956194803 ], [ 8.391674525994929, 46.931843437666998 ], [ 8.389738867837538, 46.932331161084271 ], [ 8.387768567763789, 46.932748787758399 ], [ 8.385769033254002, 46.933095171371811 ], [ 8.383745752382614, 46.933369361137501 ], [ 8.38170427869359, 46.933570604420375 ], [ 8.379650215892157, 46.933698348811696 ], [ 8.377589202395834, 46.933752243652791 ], [ 8.311933414064065, 46.934271483268361 ], [ 8.309871112863952, 46.934250197712771 ], [ 8.307813270178876, 46.934154972385024 ], [ 8.305765534848863, 46.933986068679907 ], [ 8.303733527844223, 46.933743950236803 ], [ 8.301722826768144, 46.933429281661269 ], [ 8.299738950480931, 46.93304292669292 ], [ 8.297787343889052, 46.932585945824094 ], [ 8.295873362941601, 46.932059593376486 ], [ 8.294002259876198, 46.931465314043557 ], [ 8.292179168755515, 46.930804738909146 ], [ 8.290409091334897, 46.930079680952325 ], [ 8.288696883300386, 46.929292130052019 ], [ 8.28704724091552, 46.928444247505013 ], [ 8.285464688113951, 46.927538360072631 ], [ 8.283953564073654, 46.926576953572777 ], [ 8.282518011307054, 46.925562666035447 ], [ 8.281161964299946, 46.924498280440233 ], [ 8.279889138730312, 46.923386717056985 ], [ 8.278703021296712, 46.922231025410028 ], [ 8.277606860183816, 46.921034375888823 ], [ 8.276603656191066, 46.919800051028467 ], [ 8.275696154548442, 46.918531436483875 ], [ 8.274886837441175, 46.917232011723108 ], [ 8.274177917263611, 46.915905340465414 ], [ 8.27357133061977, 46.914555060890258 ] ] ], [ [ [ 9.237303115332994, 46.95697916477075 ], [ 9.237830692887639, 46.958345001298014 ], [ 9.238253168111376, 46.959727868826931 ], [ 9.238569375227485, 46.961123978169951 ], [ 9.238778439417896, 46.962529503561896 ], [ 9.238879779309858, 46.963940593136499 ], [ 9.239633815732509, 46.986422500052392 ], [ 9.239627162141018, 46.987835280501209 ], [ 9.239512462496588, 46.989245886054391 ], [ 9.2392900227086, 46.990650450019025 ], [ 9.238960444139098, 46.992045121963507 ], [ 9.238524622045828, 46.993426078278134 ], [ 9.237983743217146, 46.99478953266533 ], [ 9.237339282804315, 46.996131746530565 ], [ 9.23659300035898, 46.997449039245588 ], [ 9.235746935085777, 46.998737798255597 ], [ 9.234803400322134, 46.999994489002361 ], [ 9.233764977259936, 47.001215664635581 ], [ 9.232634507925209, 47.002397975486545 ], [ 9.231415087434724, 47.003538178276585 ], [ 9.230110055550149, 47.004633145035768 ], [ 9.228722987552445, 47.005679871706747 ], [ 9.227257684461277, 47.006675486409378 ], [ 9.225718162625972, 47.007617257344286 ], [ 9.224108642716514, 47.008502600311708 ], [ 9.222433538144644, 47.009329085826536 ], [ 9.220697442947079, 47.010094445808022 ], [ 9.218905119164098, 47.010796579826611 ], [ 9.217061483748576, 47.01143356088987 ], [ 9.215171595041596, 47.012003640751651 ], [ 9.213240638852437, 47.012505254729327 ], [ 9.211273914181463, 47.012937026015891 ], [ 9.209276818625961, 47.013297769474811 ], [ 9.207254833509532, 47.013586494906725 ], [ 9.20521350877674, 47.013802409779267 ], [ 9.203158447695229, 47.013944921412033 ], [ 9.201095291408285, 47.014013638610479 ], [ 9.168224225931462, 47.014514090789447 ], [ 9.166158622038736, 47.014508232736326 ], [ 9.164096301961685, 47.014428407015039 ], [ 9.162042926859597, 47.014274832748157 ], [ 9.160004133226852, 47.0140479314964 ], [ 9.15798551735223, 47.013748326096213 ], [ 9.155992619891002, 47.013376838942612 ], [ 9.154030910593146, 47.012934489721921 ], [ 9.152105773230421, 47.012422492600749 ], [ 9.15022249076454, 47.011842252879234 ], [ 9.148386230797914, 47.011195363117906 ], [ 9.146602031347591, 47.010483598748621 ], [ 9.14487478698209, 47.009708913182699 ], [ 9.143209235359675, 47.008873432428977 ], [ 9.141609944205529, 47.00797944923756 ], [ 9.140081298763899, 47.007029416785421 ], [ 9.138627489759903, 47.006025941921294 ], [ 9.137252501904229, 47.004971777988921 ], [ 9.135960102972264, 47.00386981724872 ], [ 9.134753833487681, 47.002723082918877 ], [ 9.133636997038517, 47.00153472085784 ], [ 9.132612651252147, 47.000307990911885 ], [ 9.13168359945354, 46.999046257951186 ], [ 9.130852383029127, 46.997752982619744 ], [ 9.130121274516958, 46.996431711824549 ], [ 9.129492271441077, 46.995086068990439 ], [ 9.128967090906707, 46.993719744107509 ], [ 9.128547164970009, 46.992336483598976 ], [ 9.128233636794391, 46.990940080036609 ], [ 9.128027357603022, 46.989534361733277 ], [ 9.127928884434866, 46.98812318224013 ], [ 9.127221604524824, 46.96564057024132 ], [ 9.127231213393973, 46.964227791915931 ], [ 9.127348809609977, 46.962817293596643 ], [ 9.127574062386712, 46.96141294103365 ], [ 9.127906346007476, 46.960018582834003 ], [ 9.128344741631045, 46.95863803991967 ], [ 9.128888039898571, 46.957275095064745 ], [ 9.129534744333135, 46.955933482540566 ], [ 9.130283075521724, 46.954616877895958 ], [ 9.13113097606729, 46.953328887901989 ], [ 9.13207611629657, 46.952073040687203 ], [ 9.133115900707113, 46.950852776091303 ], [ 9.134247475135368, 46.949671436262108 ], [ 9.135467734625442, 46.948532256522853 ], [ 9.136773331976547, 46.947438356533205 ], [ 9.138160686945316, 46.946392731768718 ], [ 9.139625996077331, 46.945398245341345 ], [ 9.141165243140966, 46.944457620183378 ], [ 9.142774210134547, 46.943573431615661 ], [ 9.144448488836977, 46.94274810032023 ], [ 9.146183492870035, 46.941983885736185 ], [ 9.147974470239658, 46.941282879896612 ], [ 9.149816516322124, 46.94064700172342 ], [ 9.151704587259935, 46.940077991794766 ], [ 9.153633513731249, 46.939577407599678 ], [ 9.155598015055666, 46.939146619292288 ], [ 9.157592713598484, 46.938786805957463 ], [ 9.159612149434595, 46.938498952397175 ], [ 9.161650795232759, 46.938283846446758 ], [ 9.163703071320272, 46.93814207682837 ], [ 9.165763360887684, 46.938074031546464 ], [ 9.198587669579677, 46.937574284454882 ], [ 9.200650318197789, 46.937579558386467 ], [ 9.202709741707048, 46.937658727770767 ], [ 9.204760303824957, 46.937811575933026 ], [ 9.206796392411841, 46.938037684547815 ], [ 9.208812434762445, 46.938336434779032 ], [ 9.210802912792005, 46.938707008966041 ], [ 9.212762378076198, 46.939148392851536 ], [ 9.21468546670463, 46.939659378346022 ], [ 9.216566913907952, 46.940238566819971 ], [ 9.218401568419518, 46.940884372916088 ], [ 9.220184406532772, 46.941595028871397 ], [ 9.221910545816632, 46.942368589336432 ], [ 9.223575258451834, 46.943202936680123 ], [ 9.225173984152198, 46.944095786765111 ], [ 9.226702342635749, 46.945044695178119 ], [ 9.228156145611971, 46.946047063899186 ], [ 9.229531408252344, 46.947100148391037 ], [ 9.230824360113033, 46.948201065090295 ], [ 9.232031455479577, 46.949346799279496 ], [ 9.233149383105321, 46.950534213319365 ], [ 9.234175075316561, 46.951760055219218 ], [ 9.23510571645908, 46.953020967520985 ], [ 9.235938750662765, 46.954313496475251 ], [ 9.236671888902098, 46.955634101481742 ], [ 9.237303115332994, 46.95697916477075 ] ] ], [ [ [ 8.377264284627524, 47.14133073466197 ], [ 8.375938146462518, 47.138655082639865 ], [ 8.375029268728387, 47.135899493444832 ], [ 8.370887169433397, 47.135289739431848 ], [ 8.368895309964929, 47.134904598971318 ], [ 8.3650138695021, 47.133923641169638 ], [ 8.361304118570596, 47.132671069258599 ], [ 8.357806743398909, 47.131160624973489 ], [ 8.354560091180385, 47.129408877857365 ], [ 8.351599748656918, 47.127435042811932 ], [ 8.348958151537284, 47.125260768595346 ], [ 8.346664229059163, 47.122909899627871 ], [ 8.344743087591711, 47.120408213758317 ], [ 8.343215736720284, 47.117783138908294 ], [ 8.342098860763608, 47.115063451739111 ], [ 8.341404638151575, 47.112278961678619 ], [ 8.341140610547308, 47.10946018380077 ], [ 8.340383779407347, 47.064488504830273 ], [ 8.340552669962783, 47.061666298774497 ], [ 8.341152298912901, 47.058871612701672 ], [ 8.341611749416627, 47.057494177253112 ], [ 8.342843590909862, 47.054797982219789 ], [ 8.343612591469899, 47.05348660943713 ], [ 8.345446188292224, 47.050955265453467 ], [ 8.347656691346414, 47.048568742883738 ], [ 8.348895859091662, 47.047438024161913 ], [ 8.351625041996156, 47.045317145639395 ], [ 8.354663386997135, 47.043402806324167 ], [ 8.356288216310856, 47.042529730881682 ], [ 8.35972694311995, 47.040963713073161 ], [ 8.363386105709743, 47.039651876277951 ], [ 8.367225652207127, 47.038608574343712 ], [ 8.371203565191557, 47.037845222123508 ], [ 8.375276319887409, 47.037370171101038 ], [ 8.379399358495805, 47.03718861841228 ], [ 8.412290099945606, 47.036914353864852 ], [ 8.416418365395675, 47.037027101787594 ], [ 8.420506828148515, 47.037434099273895 ], [ 8.424510759326123, 47.038130893729303 ], [ 8.428386350746948, 47.039109861918881 ], [ 8.430262698506136, 47.0397019316719 ], [ 8.433866825159511, 47.041083143788427 ], [ 8.435584734297025, 47.041868505265008 ], [ 8.438828730028801, 47.043617995154499 ], [ 8.441787653433556, 47.04558961725715 ], [ 8.443149951343823, 47.046652073377111 ], [ 8.444429087679556, 47.047761793049652 ], [ 8.445621554419777, 47.048915737417524 ], [ 8.447733639517471, 47.051343546928365 ], [ 8.449463033712208, 47.05390892251809 ], [ 8.450790745197706, 47.056583774868606 ], [ 8.451299230909436, 47.057953139306235 ], [ 8.451998460007481, 47.060736995193942 ], [ 8.452268079618944, 47.063555545185672 ], [ 8.452615483197036, 47.08192729736907 ], [ 8.456266015188957, 47.082431173909448 ], [ 8.458256550098957, 47.082814804066942 ], [ 8.462135991412133, 47.083792622599525 ], [ 8.465844711556475, 47.085041951583605 ], [ 8.467622281247737, 47.085764272935577 ], [ 8.470999512613414, 47.087394348276057 ], [ 8.47410899273302, 47.089256522833573 ], [ 8.476916662411979, 47.091330417027102 ], [ 8.479177032402056, 47.0933859152344 ], [ 8.481356803207044, 47.091290208253433 ], [ 8.482679195736772, 47.09020383507913 ], [ 8.485564280423613, 47.088180147266186 ], [ 8.4887430621433, 47.086373431230008 ], [ 8.4921807258904, 47.084803459121652 ], [ 8.495839633942452, 47.083487410638185 ], [ 8.499679737087639, 47.082439685725838 ], [ 8.503659011728033, 47.081671747638985 ], [ 8.505687278534046, 47.081395446503016 ], [ 8.509793329057848, 47.081061959057813 ], [ 8.511859874985978, 47.08100568546206 ], [ 8.538754911633148, 47.080751262857056 ], [ 8.539488551333728, 47.078257277678468 ], [ 8.540710906333823, 47.075558978643024 ], [ 8.542339284290222, 47.07296272547724 ], [ 8.543300310249496, 47.071711802399058 ], [ 8.545502848607528, 47.069321485471178 ], [ 8.546738316621274, 47.06818863811386 ], [ 8.549460715756018, 47.066063068584704 ], [ 8.550940182709532, 47.065076166735125 ], [ 8.554115387956875, 47.063267632204912 ], [ 8.555802426311919, 47.062450950919057 ], [ 8.55935228103025, 47.061003932920933 ], [ 8.56310386215929, 47.059818283050426 ], [ 8.567016110671409, 47.058906974018875 ], [ 8.571046217042909, 47.058279976277973 ], [ 8.575150087931549, 47.057944149394807 ], [ 8.57721567288505, 47.057886698909392 ], [ 8.603537811631442, 47.057622656318188 ], [ 8.603147161472672, 47.039634638417439 ], [ 8.603170594619607, 47.038221955766652 ], [ 8.603302138732424, 47.036812047061623 ], [ 8.603541424784302, 47.035408776398064 ], [ 8.603887788595989, 47.034015989379739 ], [ 8.604340272747299, 47.03263750258543 ], [ 8.604897629289564, 47.031277093118234 ], [ 8.605558323250687, 47.02993848826646 ], [ 8.606320536922217, 47.028625355303681 ], [ 8.607182174915843, 47.02734129145643 ], [ 8.608140869974665, 47.026089814065834 ], [ 8.609193989522506, 47.024874350971203 ], [ 8.610338642932691, 47.023698231140081 ], [ 8.611571689495863, 47.022564675571992 ], [ 8.612889747064326, 47.021476788498731 ], [ 8.614289201349051, 47.02043754890645 ], [ 8.615766215843374, 47.019449802401255 ], [ 8.617316742346178, 47.018516253441319 ], [ 8.620317932773499, 47.016968987621475 ], [ 8.617250144330981, 47.015484152246074 ], [ 8.61565945918796, 47.014582852755709 ], [ 8.61413997643197, 47.013625829449118 ], [ 8.612695861559978, 47.012615708340547 ], [ 8.611331072597109, 47.011555260990711 ], [ 8.610049349250202, 47.010447396878455 ], [ 8.608854202669569, 47.009295155394639 ], [ 8.607748905846815, 47.008101697480519 ], [ 8.606736484674872, 47.006870296934018 ], [ 8.605819709694389, 47.005604331407767 ], [ 8.605001088548576, 47.004307273124134 ], [ 8.604282859166826, 47.00298267933303 ], [ 8.603666983694934, 47.001634182538595 ], [ 8.60315514318807, 47.000265480522096 ], [ 8.602748733080109, 46.998880326188704 ], [ 8.602448859440935, 46.997482517265652 ], [ 8.60225633603117, 46.99607588588097 ], [ 8.602171682161277, 46.994664288050572 ], [ 8.601197836816521, 46.949693544973677 ], [ 8.601221281995198, 46.94828083859656 ], [ 8.601352656952614, 46.946870908104259 ], [ 8.601591593154042, 46.945467617651936 ], [ 8.601937427407114, 46.94407481289759 ], [ 8.602389203770315, 46.942696310468413 ], [ 8.602945676261081, 46.941335887510455 ], [ 8.603605312355175, 46.939997271349029 ], [ 8.604366297266795, 46.93868412928888 ], [ 8.605226538996778, 46.937400058581609 ], [ 8.606183674134387, 46.936148576587478 ], [ 8.607235074395826, 46.934933111158585 ], [ 8.608377853881136, 46.933756991269441 ], [ 8.609608877028828, 46.932623437920014 ], [ 8.610924767246036, 46.931535555336531 ], [ 8.612321916190194, 46.930496322493319 ], [ 8.613796493676363, 46.929508584978556 ], [ 8.615344458183056, 46.928575047226353 ], [ 8.616961567927515, 46.927698265135582 ], [ 8.618643392480244, 46.926880639095756 ], [ 8.620385324887, 46.926124407438365 ], [ 8.622182594265297, 46.925431640331851 ], [ 8.624030278841257, 46.924804234135678 ], [ 8.625923319391443, 46.924243906229719 ], [ 8.627856533053437, 46.923752190332131 ], [ 8.629824627467896, 46.923330432318558 ], [ 8.633442204667832, 46.922756558688562 ], [ 8.632534792906947, 46.881899305896134 ], [ 8.632557385049477, 46.880486577304985 ], [ 8.632687772533101, 46.879076595130563 ], [ 8.632925589550171, 46.877673223671856 ], [ 8.63327017599531, 46.876280308811175 ], [ 8.633720579365246, 46.874901667479818 ], [ 8.63427555745727, 46.873541077206625 ], [ 8.634933581858098, 46.872202265777744 ], [ 8.635692842212526, 46.870888901035087 ], [ 8.636551251259352, 46.869604580842527 ], [ 8.637506450620066, 46.868352823245971 ], [ 8.638555817323466, 46.867137056854588 ], [ 8.639696471047918, 46.865960611469141 ], [ 8.64092528206065, 46.864826708983145 ], [ 8.642238879831917, 46.863738454580826 ], [ 8.643633662300049, 46.862698828256477 ], [ 8.645105805761606, 46.861710676677426 ], [ 8.646651275359464, 46.860776705413024 ], [ 8.648265836139934, 46.859899471550698 ], [ 8.649945064648668, 46.859081376717995 ], [ 8.651684361033638, 46.85832466053121 ], [ 8.653478961622364, 46.857631394486155 ], [ 8.655323951939106, 46.857003476309139 ], [ 8.657214280126949, 46.856442624782382 ], [ 8.659144770738326, 46.855950375058022 ], [ 8.661110138857001, 46.855528074473568 ], [ 8.663105004513309, 46.855176878879384 ], [ 8.66512390735404, 46.854897749488593 ], [ 8.667161321527551, 46.854691450257846 ], [ 8.669211670744177, 46.854558545805453 ], [ 8.671269343471602, 46.854499399872971 ], [ 8.704046635874144, 46.85414143976061 ], [ 8.706105995765446, 46.854155623671765 ], [ 8.708161456609382, 46.854243688671382 ], [ 8.710207392946899, 46.854405393738702 ], [ 8.712238205268719, 46.854640296307849 ], [ 8.714248335272817, 46.854947753473652 ], [ 8.716232281011711, 46.85532692374364 ], [ 8.718184611888873, 46.855776769330717 ], [ 8.720099983464198, 46.856296058981705 ], [ 8.721973152028712, 46.856883371332835 ], [ 8.723798988909465, 46.857537098784157 ], [ 8.725572494466071, 46.85825545188176 ], [ 8.727288811741253, 46.859036464197011 ], [ 8.72894323972851, 46.859877997688223 ], [ 8.730531246221082, 46.860777748532257 ], [ 8.732048480207323, 46.86173325340863 ], [ 8.733490783778919, 46.862741896220371 ], [ 8.734854203519342, 46.863800915233064 ], [ 8.736135001341626, 46.864907410612965 ], [ 8.737329664745491, 46.866058352343849 ], [ 8.738434916465836, 46.867250588501463 ], [ 8.739447723485744, 46.868480853862607 ], [ 8.740365305389023, 46.869745778826477 ], [ 8.741185142029048, 46.871041898623268 ], [ 8.741904980492169, 46.872365662785811 ], [ 8.742522841336223, 46.87371344485792 ], [ 8.743037024086178, 46.875081552313638 ], [ 8.743446111971149, 46.876466236659908 ], [ 8.747572449810372, 46.877062583987787 ], [ 8.749557446371854, 46.877441174568119 ], [ 8.751510858868658, 46.877890449425252 ], [ 8.753427339905926, 46.878409178868381 ], [ 8.75530164274374, 46.878995943067522 ], [ 8.757128635610204, 46.879649135923522 ], [ 8.75890331570638, 46.880366969446555 ], [ 8.76062082286535, 46.881147478630865 ], [ 8.762276452828612, 46.881988526813053 ], [ 8.763865670103835, 46.882887811499458 ], [ 8.765384120369148, 46.883842870647008 ], [ 8.766827642390329, 46.884851089380248 ], [ 8.768192279418299, 46.885909707127347 ], [ 8.769474290035951, 46.88701582515472 ], [ 8.770670158424332, 46.888166414481248 ], [ 8.77177660402017, 46.889358324149313 ], [ 8.772790590537864, 46.890588289831889 ], [ 8.773709334330961, 46.891852942750866 ], [ 8.774530312069809, 46.893148818883731 ], [ 8.77525126771366, 46.894472368432915 ], [ 8.775870218757781, 46.895819965532361 ], [ 8.77638546173746, 46.897187918165301 ], [ 8.776795576973258, 46.898572478265258 ], [ 8.777099432543606, 46.899969851974305 ], [ 8.777296187472952, 46.901376210029269 ], [ 8.777385294125811, 46.902787698248055 ], [ 8.777945334177808, 46.925272494688791 ], [ 8.777926546694905, 46.926685239334141 ], [ 8.777799856074452, 46.928095373821371 ], [ 8.77756560112234, 46.929499032715 ], [ 8.777224415625305, 46.930892368030648 ], [ 8.776777226704612, 46.932271559789939 ], [ 8.77622525236311, 46.933632826500606 ], [ 8.775569998231342, 46.934972435534881 ], [ 8.774813253520717, 46.936286713376809 ], [ 8.773957086194017, 46.937572055709879 ], [ 8.773003837365493, 46.938824937317861 ], [ 8.771956114945404, 46.940041921771353 ], [ 8.770816786545469, 46.941219670872343 ], [ 8.768357307734602, 46.943377202263491 ], [ 8.773890558436111, 46.943349828037299 ], [ 8.775949543606497, 46.943436672826245 ], [ 8.77799908137383, 46.943597162183494 ], [ 8.780033562388278, 46.943830856870292 ], [ 8.782047418323598, 46.944137117287738 ], [ 8.784035137051516, 46.944515105218805 ], [ 8.785991277665742, 46.944963786113213 ], [ 8.787910485315329, 46.94548193190618 ], [ 8.789787505807576, 46.946068124365866 ], [ 8.791617199941308, 46.946720758958712 ], [ 8.793394557531984, 46.947438049223933 ], [ 8.795114711090788, 46.948218031643677 ], [ 8.796772949120911, 46.949058570997877 ], [ 8.79836472899497, 46.949957366187071 ], [ 8.799885689378716, 46.950911956509614 ], [ 8.801331662167318, 46.951919728375394 ], [ 8.802698683901578, 46.952977922437697 ], [ 8.803983006633068, 46.954083641125038 ], [ 8.805181108208181, 46.95523385655175 ], [ 8.806289701942966, 46.956425418786317 ], [ 8.807305745661901, 46.957655064455459 ], [ 8.808226450075537, 46.95891942565985 ], [ 8.809049286473655, 46.960215039178507 ], [ 8.809771993712211, 46.96153835593578 ], [ 8.810392584474505, 46.96288575070588 ], [ 8.810909350788499, 46.964253532028927 ], [ 8.811320868784593, 46.965637952310622 ], [ 8.815454813668145, 46.9662318412012 ], [ 8.817443585611718, 46.966609247633961 ], [ 8.819400810438665, 46.967057355943361 ], [ 8.821321130336228, 46.967574939632243 ], [ 8.823199288073184, 46.968160582007563 ], [ 8.825030141341331, 46.968812680042042 ], [ 8.826808676788994, 46.96952944874414 ], [ 8.828530023708703, 46.9703089260246 ], [ 8.830189467342166, 46.971148978046799 ], [ 8.831782461766558, 46.972047305046559 ], [ 8.833304642327144, 46.973001447605064 ], [ 8.834751837582564, 46.974008793359367 ], [ 8.836120080730121, 46.975066584130857 ], [ 8.837405620479997, 46.976171923453862 ], [ 8.838604931348391, 46.977321784483117 ], [ 8.839714723341425, 46.97851301825952 ], [ 8.840731951002933, 46.979742362311093 ], [ 8.841653821801062, 46.981006449566671 ], [ 8.842477803830283, 46.982301817557719 ], [ 8.843201632807077, 46.98362491788329 ], [ 8.843823318339689, 46.98497212591284 ], [ 8.844341149453916, 46.986339750700388 ], [ 8.844753699359078, 46.987724045082963 ], [ 8.845059829440306, 46.989121215935789 ], [ 8.845258692465231, 46.990527434556817 ], [ 8.845349734995459, 46.991938847151303 ], [ 8.845939198979682, 47.014422942092096 ], [ 8.845922171369194, 47.015835674264345 ], [ 8.845797058071284, 47.017245860367488 ], [ 8.845564193538703, 47.01864963482938 ], [ 8.845224207716273, 47.020043149353967 ], [ 8.844778024405482, 47.021422583476266 ], [ 8.844226858820956, 47.022784155044263 ], [ 8.843572214344576, 47.024124130598807 ], [ 8.842815878485155, 47.02543883562312 ], [ 8.841959918053945, 47.026724664633136 ], [ 8.841006673568259, 47.027978091081899 ], [ 8.839958752897958, 47.029195677049032 ], [ 8.838819024171313, 47.030374082689917 ], [ 8.83759060795933, 47.031510075417749 ], [ 8.836276868759274, 47.032600538792785 ], [ 8.834881405800434, 47.033642481094645 ], [ 8.83340804319697, 47.034633043553498 ], [ 8.831860819474651, 47.035569508217399 ], [ 8.828864704314478, 47.03712230005813 ], [ 8.83193958121975, 47.038601461113082 ], [ 8.833534609444483, 47.039499751993731 ], [ 8.835058736593258, 47.040453858740356 ], [ 8.83650778589168, 47.041461169088386 ], [ 8.837877785455465, 47.042518924956909 ], [ 8.839164979178525, 47.043624229976217 ], [ 8.840365837039368, 47.044774057395621 ], [ 8.841477064797472, 47.045965258348609 ], [ 8.842495613052794, 47.047194570453627 ], [ 8.843418685643254, 47.048458626727637 ], [ 8.844243747356844, 47.049753964787506 ], [ 8.84496853093648, 47.051077036314702 ], [ 8.845591043358088, 47.052424216758197 ], [ 8.846440567589656, 47.054900926562766 ], [ 8.87332064775795, 47.05456811430814 ], [ 8.877451170834121, 47.054664265604337 ], [ 8.881544409036637, 47.055054820247861 ], [ 8.885555581428235, 47.055735505534557 ], [ 8.889440800904353, 47.056698874484887 ], [ 8.893157552404704, 47.057934386965002 ], [ 8.896665156437583, 47.059428524523433 ], [ 8.898328427437551, 47.060267574420308 ], [ 8.901451137912293, 47.062118157622443 ], [ 8.904273884328886, 47.064181582024077 ], [ 8.905562967673768, 47.065286136566151 ], [ 8.90787888840633, 47.06762581512961 ], [ 8.909824383835847, 47.070118047332144 ], [ 8.911378100798158, 47.072735546845607 ], [ 8.912522967602829, 47.07544965180788 ], [ 8.913246383204312, 47.078230638148419 ], [ 8.913540357777302, 47.081048044715899 ], [ 8.914779040603392, 47.126014568672261 ], [ 8.914763794778766, 47.127427276729676 ], [ 8.914408690684862, 47.130241383644211 ], [ 8.913624450074012, 47.133014736480824 ], [ 8.912419601883711, 47.135716941241846 ], [ 8.911483485106483, 47.137302374096471 ], [ 8.912506213141354, 47.138862702670437 ], [ 8.913859159509748, 47.141532099111942 ], [ 8.914380296054704, 47.142899361402833 ], [ 8.915104720450847, 47.145680293556389 ], [ 8.915399163747622, 47.148497652182193 ], [ 8.916019809050635, 47.170980612110263 ], [ 8.91588095215306, 47.173803518309349 ], [ 8.915310091615408, 47.176601059033722 ], [ 8.914313416125896, 47.179342577557733 ], [ 8.912901784995714, 47.181998026482077 ], [ 8.911090611828428, 47.184538297408515 ], [ 8.908899697945047, 47.186935540501395 ], [ 8.90635301728893, 47.18916347040701 ], [ 8.903478455085642, 47.19119765514418 ], [ 8.900307503062812, 47.193015784761926 ], [ 8.896874914536538, 47.194597916777504 ], [ 8.893218323137893, 47.195926695662173 ], [ 8.891318473300508, 47.196491409090619 ], [ 8.887401717017811, 47.197413738396989 ], [ 8.883364863479459, 47.198051822076771 ], [ 8.881315202453782, 47.19826195980103 ], [ 8.877181527352674, 47.198461544490264 ], [ 8.850229100709617, 47.198795243742687 ], [ 8.849508313846828, 47.201291124580891 ], [ 8.848955413964749, 47.202652663450706 ], [ 8.847539919836116, 47.205307293850552 ], [ 8.845724850031516, 47.207846519853135 ], [ 8.843530048616381, 47.210242503046238 ], [ 8.840979532202176, 47.212468971861256 ], [ 8.838101228135466, 47.214501510313895 ], [ 8.834926669252125, 47.216317826486979 ], [ 8.831490648508469, 47.217897997770905 ], [ 8.827830837268053, 47.219224690131568 ], [ 8.823987371448556, 47.220283348959654 ], [ 8.820002410111615, 47.221062359368872 ], [ 8.815919671405064, 47.221553174151452 ], [ 8.811783951036206, 47.221750407957217 ], [ 8.745779282382651, 47.22251853582631 ], [ 8.741636023487613, 47.222417648469197 ], [ 8.737530990835713, 47.222022118757984 ], [ 8.735506914882706, 47.221715094014918 ], [ 8.731543406627754, 47.220886736229083 ], [ 8.727728855047076, 47.219780533257548 ], [ 8.724105100652016, 47.218408621478929 ], [ 8.720711882226755, 47.216786051389533 ], [ 8.717586399860675, 47.214930621851899 ], [ 8.71476290636034, 47.212862684140092 ], [ 8.712272331561799, 47.210604917969327 ], [ 8.710141943677062, 47.208182082008726 ], [ 8.708395051374904, 47.205620741653256 ], [ 8.707671553894302, 47.204296856547323 ], [ 8.706534333685832, 47.201580799349642 ], [ 8.705820006562025, 47.198798600078732 ], [ 8.705536334463593, 47.195980748914025 ], [ 8.705101280006122, 47.177610343597067 ], [ 8.70144192254479, 47.17711439401652 ], [ 8.697482248810893, 47.176284853791245 ], [ 8.693671584450687, 47.175177509484762 ], [ 8.690051727263702, 47.173804509992983 ], [ 8.686662373224003, 47.172180917738451 ], [ 8.68354067998645, 47.170324542787831 ], [ 8.680720858767778, 47.168255746773944 ], [ 8.678233799117882, 47.165997218812144 ], [ 8.676106730709906, 47.163573725910091 ], [ 8.674362925844452, 47.161011840648634 ], [ 8.673021445890242, 47.158339649160652 ], [ 8.672178310557159, 47.155861718681855 ], [ 8.645246172028919, 47.156147394156349 ], [ 8.641108247497902, 47.156042886046365 ], [ 8.639050983115665, 47.155879953618474 ], [ 8.634988070419285, 47.155334967026704 ], [ 8.631031041051985, 47.154503134461166 ], [ 8.628710142150961, 47.153858619661612 ], [ 8.62641896510894, 47.154550853716856 ], [ 8.624477396523478, 47.155042522203289 ], [ 8.620494402642189, 47.15581463479689 ], [ 8.616414826593401, 47.156298378651314 ], [ 8.612283429397609, 47.156488445998974 ], [ 8.585912677864709, 47.156754484352163 ], [ 8.586298387102531, 47.17474208830906 ], [ 8.586274448465559, 47.176154724253763 ], [ 8.585901733786937, 47.178967758994546 ], [ 8.585099743735867, 47.181738813435118 ], [ 8.583877201811958, 47.184437518578825 ], [ 8.582247445941681, 47.187034293868287 ], [ 8.580228284818372, 47.189500671842545 ], [ 8.577841804856304, 47.19180961076011 ], [ 8.575114129782895, 47.193935791729842 ], [ 8.572075135433723, 47.195855897057307 ], [ 8.568758122830403, 47.197548866715906 ], [ 8.56519945310505, 47.198996130088744 ], [ 8.561438148280676, 47.200181810398064 ], [ 8.557515462317886, 47.201092899541131 ], [ 8.553474427189641, 47.201719401376799 ], [ 8.549359379042231, 47.202054441860874 ], [ 8.547288191747686, 47.202111389017062 ], [ 8.514296504252179, 47.202424343527085 ], [ 8.510155258079353, 47.20231512293762 ], [ 8.506053500552747, 47.201911336647441 ], [ 8.504031524833417, 47.201600240730443 ], [ 8.50007311348444, 47.200763910668861 ], [ 8.496264805937793, 47.199650034793422 ], [ 8.49264837396675, 47.198270833643477 ], [ 8.490924599174742, 47.197486355028325 ], [ 8.487669559187637, 47.195738400145068 ], [ 8.484700631038574, 47.19376802931356 ], [ 8.482050344739777, 47.19159685333797 ], [ 8.479747724927799, 47.189248682710776 ], [ 8.477817973412231, 47.186749265750137 ], [ 8.476282194208219, 47.184126005566128 ], [ 8.475157164014805, 47.181407658997387 ], [ 8.474752693551309, 47.180022107530313 ], [ 8.474265342406687, 47.177217231845461 ], [ 8.47418378084032, 47.175805596947683 ], [ 8.473702844773875, 47.150943694507106 ], [ 8.470615655492178, 47.152692566489229 ], [ 8.467172995616746, 47.154261868509245 ], [ 8.463508540848615, 47.155576981996461 ], [ 8.459662478419311, 47.156623479323642 ], [ 8.455676996166243, 47.157389879004612 ], [ 8.451595818145295, 47.157867772180872 ], [ 8.447463723030557, 47.158051915277134 ], [ 8.414498664755175, 47.158336249657083 ], [ 8.41036103957876, 47.158223435603013 ], [ 8.406263420366589, 47.157816087253856 ], [ 8.402250766999176, 47.157118674171493 ], [ 8.398367102959529, 47.156138848372706 ], [ 8.394655030376187, 47.1548873600102 ], [ 8.392876149557482, 47.154163920469813 ], [ 8.389497084793025, 47.152531572403383 ], [ 8.386386873706478, 47.150667133974814 ], [ 8.383579601192633, 47.148591055186266 ], [ 8.381106018801015, 47.146326104932271 ], [ 8.378993208060443, 47.143897120536039 ], [ 8.377264284627524, 47.14133073466197 ] ] ], [ [ [ 9.198897676888963, 47.106507171103011 ], [ 9.19794703994992, 47.103758223158692 ], [ 9.197422519377408, 47.100956482162601 ], [ 9.197322012508712, 47.099545395485713 ], [ 9.195846884097886, 47.054581952532729 ], [ 9.195854699944505, 47.053169193721793 ], [ 9.195970685308488, 47.051758650128512 ], [ 9.196194513789242, 47.05035418763233 ], [ 9.196525563543156, 47.048959655146533 ], [ 9.196962919079413, 47.047578874075668 ], [ 9.197505373858045, 47.046215627851275 ], [ 9.19815143368208, 47.044873651574903 ], [ 9.198899320873672, 47.043556621796299 ], [ 9.199746979221709, 47.042268146455385 ], [ 9.200692079686734, 47.041011755014225 ], [ 9.201732026846569, 47.039790888806685 ], [ 9.202863966064486, 47.038608891631853 ], [ 9.204084791359572, 47.037469000616333 ], [ 9.205391153957247, 47.036374337370503 ], [ 9.206779471496148, 47.035327899462537 ], [ 9.2082459378657, 47.034332552233138 ], [ 9.209786533647396, 47.033391020973554 ], [ 9.211397037130908, 47.032505883487097 ], [ 9.21307303587496, 47.031679563055128 ], [ 9.214809938781311, 47.030914321825747 ], [ 9.216602988649043, 47.030212254643523 ], [ 9.218447275175013, 47.029575283336307 ], [ 9.220337748365315, 47.029005151474983 ], [ 9.222269232321452, 47.028503419619817 ], [ 9.224236439364113, 47.028071461066375 ], [ 9.226233984456428, 47.027710458102504 ], [ 9.228256399888055, 47.027421398786124 ], [ 9.23029815018058, 47.027205074252507 ], [ 9.232353647174293, 47.027062076558643 ], [ 9.234417265255953, 47.026992797069816 ], [ 9.333049562070444, 47.025406235600848 ], [ 9.335115599164473, 47.025409087061185 ], [ 9.337178591072572, 47.025485836368219 ], [ 9.339232891762199, 47.025636273470496 ], [ 9.34127287887979, 47.025859986641379 ], [ 9.343292969069948, 47.026156363600983 ], [ 9.345287633190376, 47.026524593184575 ], [ 9.347251411381684, 47.026963667552785 ], [ 9.349178927951826, 47.027472384938335 ], [ 9.351064906035051, 47.028049352921158 ], [ 9.352904181986297, 47.028692992223846 ], [ 9.354691719472047, 47.029401541016718 ], [ 9.356422623219906, 47.030173059721228 ], [ 9.358092152389675, 47.031005436298955 ], [ 9.359695733529939, 47.031896392011419 ], [ 9.361228973084836, 47.032843487636086 ], [ 9.362687669417319, 47.033844130120968 ], [ 9.364067824315949, 47.034895579660812 ], [ 9.36536565395391, 47.0359949571749 ], [ 9.366577599270116, 47.037139252167016 ], [ 9.367700335743958, 47.038325330946329 ], [ 9.368730782536616, 47.039549945186188 ], [ 9.369666110973544, 47.040809740799133 ], [ 9.370503752344581, 47.042101267102701 ], [ 9.37124140499961, 47.043420986251817 ], [ 9.371877040719941, 47.044765282912721 ], [ 9.372408910347074, 47.046130474150814 ], [ 9.372835548652766, 47.047512819507162 ], [ 9.373155778436228, 47.048908531234872 ], [ 9.373368713836239, 47.050313784668326 ], [ 9.373473762848308, 47.051724728696684 ], [ 9.374285512151973, 47.07420532047491 ], [ 9.374171056576584, 47.07702879418985 ], [ 9.373625170865491, 47.079828624083959 ], [ 9.372653770110476, 47.082574128612258 ], [ 9.371267436565894, 47.085235216946565 ], [ 9.369481306359642, 47.087782719115651 ], [ 9.368444253511164, 47.089005090635474 ], [ 9.36609635574518, 47.09133031905386 ], [ 9.363405232806125, 47.093475132679806 ], [ 9.360400358736127, 47.095416009755318 ], [ 9.357114659339549, 47.097131662657226 ], [ 9.353584151279149, 47.098603272133303 ], [ 9.34984754669172, 47.099814694461067 ], [ 9.34594582768875, 47.1007526392168 ], [ 9.342324010492259, 47.101348987972528 ], [ 9.342977125692586, 47.119716701830413 ], [ 9.342860921568327, 47.12254011530262 ], [ 9.342312934148993, 47.1253397674339 ], [ 9.341339101454469, 47.128084978609095 ], [ 9.339950032304472, 47.130745661197132 ], [ 9.338160892741969, 47.13329264965688 ], [ 9.335991242186518, 47.135698020715765 ], [ 9.333464821011193, 47.137935400086995 ], [ 9.330609291787884, 47.139980252329025 ], [ 9.327455936976657, 47.141810150633709 ], [ 9.324039316337204, 47.143405023543963 ], [ 9.320396887809224, 47.14474737585401 ], [ 9.31656859603576, 47.1458224812285 ], [ 9.312596433084954, 47.146618544389547 ], [ 9.310569968926275, 47.146909083239869 ], [ 9.306464071165106, 47.147271190127007 ], [ 9.304395908115492, 47.147341764185519 ], [ 9.27144391417192, 47.147871806140863 ], [ 9.26730553926892, 47.147789841051249 ], [ 9.263202439775233, 47.147413060530312 ], [ 9.259179635989096, 47.146745598744722 ], [ 9.255281263271661, 47.14579477910889 ], [ 9.251550085834904, 47.144571033585706 ], [ 9.248027025896702, 47.143087787753736 ], [ 9.244750713462947, 47.141361312927629 ], [ 9.241757061751098, 47.139410546986703 ], [ 9.239078872965342, 47.137256885913679 ], [ 9.236745478775171, 47.134923948370911 ], [ 9.234782419442068, 47.132437315936706 ], [ 9.233211165087786, 47.129824251891293 ], [ 9.232048882110057, 47.127113401675118 ], [ 9.231625245816058, 47.125730559230561 ], [ 9.227474422003391, 47.125151716958072 ], [ 9.223510529280642, 47.124340297159897 ], [ 9.219692766438136, 47.123250394772072 ], [ 9.216063009607312, 47.121893967371896 ], [ 9.212661063926038, 47.120285895642994 ], [ 9.209524225818097, 47.118443819491588 ], [ 9.206686873318262, 47.116387943837694 ], [ 9.204180088977012, 47.114140816251123 ], [ 9.202031319495545, 47.111727078910945 ], [ 9.200264075811948, 47.109173197651266 ], [ 9.198897676888963, 47.106507171103011 ] ] ], [ [ [ 8.719368336586944, 47.278800828496131 ], [ 8.719885829290039, 47.280168920545968 ], [ 8.720601979562787, 47.282950972338028 ], [ 8.720886910145289, 47.285768721278096 ], [ 8.721967869328243, 47.330734848698157 ], [ 8.721947456190284, 47.33214745139999 ], [ 8.721580811843532, 47.334960803181737 ], [ 8.720783530282144, 47.33773268261956 ], [ 8.719564282956952, 47.340432711750879 ], [ 8.717936371231623, 47.343031295575827 ], [ 8.715917583143645, 47.34549994687 ], [ 8.713530000604461, 47.347811599021611 ], [ 8.710799759059233, 47.349940903433186 ], [ 8.70775676216936, 47.351864508192719 ], [ 8.70443435459836, 47.353561314919439 ], [ 8.700868956467442, 47.355012710926339 ], [ 8.697099663494871, 47.356202774112226 ], [ 8.693167817236262, 47.357118448295658 ], [ 8.689116550196358, 47.35774968703145 ], [ 8.684990310881158, 47.358089564299789 ], [ 8.682913206325058, 47.358148950745949 ], [ 8.649825737082873, 47.358500772332889 ], [ 8.645672088423003, 47.358396435190841 ], [ 8.641557294474303, 47.357997498587345 ], [ 8.637526503897423, 47.357308339790869 ], [ 8.633623939540037, 47.356336520263028 ], [ 8.629892411267106, 47.355092702336961 ], [ 8.626372844627694, 47.353590531747777 ], [ 8.623103830623139, 47.351846487330391 ], [ 8.620121201590036, 47.349879699566713 ], [ 8.617457637901786, 47.347711740009629 ], [ 8.615142309828657, 47.345366383934241 ], [ 8.613200558483754, 47.342869348859992 ], [ 8.611653619326299, 47.340248011853056 ], [ 8.610518391201172, 47.337531108745686 ], [ 8.609807253370247, 47.334748418605429 ], [ 8.609527932444593, 47.33193043694056 ], [ 8.608541716556461, 47.286963312065069 ], [ 8.608697126062429, 47.284140881517317 ], [ 8.609285207045307, 47.281344962157178 ], [ 8.610299450484163, 47.278606180217459 ], [ 8.611728683687168, 47.275954531471285 ], [ 8.613557195339624, 47.273419053068544 ], [ 8.615764909923429, 47.271027506049307 ], [ 8.618327609497742, 47.26880607198332 ], [ 8.619733442599497, 47.267766826384907 ], [ 8.62277481600958, 47.265845498394313 ], [ 8.62609435845294, 47.264151001763047 ], [ 8.629655719549207, 47.262701879672022 ], [ 8.633419912760287, 47.261513988747893 ], [ 8.637345741115308, 47.260600326219262 ], [ 8.641390246637656, 47.259970888282595 ], [ 8.645509178634573, 47.259632561196341 ], [ 8.647582491189487, 47.259573846635405 ], [ 8.680608655575925, 47.259222670465014 ], [ 8.684754654844623, 47.259325753495112 ], [ 8.686816045013201, 47.259487863473929 ], [ 8.690887413079899, 47.260031003197923 ], [ 8.694853196643296, 47.260860752204273 ], [ 8.698670002486486, 47.261968032502693 ], [ 8.702296060388074, 47.263340729084618 ], [ 8.704025062003135, 47.264122023936743 ], [ 8.707291344870846, 47.265863818531166 ], [ 8.710272488533331, 47.267828398836514 ], [ 8.712935833197527, 47.269994263486183 ], [ 8.715252186646351, 47.272337705453559 ], [ 8.716272146925215, 47.273568069600657 ], [ 8.718021641849466, 47.27612924408178 ], [ 8.719368336586944, 47.278800828496131 ] ] ], [ [ [ 8.619118516302189, 47.677479321261558 ], [ 8.617975673168647, 47.674762808879166 ], [ 8.617259612183243, 47.671980488653645 ], [ 8.616978113071351, 47.66916285205513 ], [ 8.616478470832504, 47.646681973887205 ], [ 8.616634509398573, 47.643859870523087 ], [ 8.617226160349457, 47.641064244280706 ], [ 8.61824687464412, 47.638325718184106 ], [ 8.619685407858702, 47.635674285200842 ], [ 8.621525946056908, 47.633138980110083 ], [ 8.623748281365589, 47.63074756204179 ], [ 8.626328035231129, 47.628526211137668 ], [ 8.629236926830059, 47.626499242622366 ], [ 8.632443083636108, 47.624688841377548 ], [ 8.635911390710367, 47.623114819884819 ], [ 8.639603874884006, 47.621794402145262 ], [ 8.641521636764327, 47.621233922570376 ], [ 8.645473962083626, 47.620320088472873 ], [ 8.649545812881774, 47.619690436259503 ], [ 8.653692639700473, 47.619351854519117 ], [ 8.659294788721246, 47.619256078091837 ], [ 8.656701590442445, 47.617154820871249 ], [ 8.654372758386966, 47.614810467021798 ], [ 8.652419290268579, 47.612314320114173 ], [ 8.650862549582778, 47.609693747511606 ], [ 8.649719542104634, 47.606977476701218 ], [ 8.649002731768688, 47.604195279853606 ], [ 8.648719906697945, 47.601377647102595 ], [ 8.648207458527621, 47.578896328127215 ], [ 8.648361610750612, 47.576074110360892 ], [ 8.648950834786394, 47.573278251480652 ], [ 8.64996860834002, 47.570539377077829 ], [ 8.651403719338386, 47.567887483954195 ], [ 8.653240391440448, 47.56535161194693 ], [ 8.655458459196526, 47.562959526411667 ], [ 8.658033590837039, 47.560737414814938 ], [ 8.659446377757405, 47.559697780580166 ], [ 8.66250303904217, 47.557775580889171 ], [ 8.665839568020608, 47.556080094739016 ], [ 8.669419428344479, 47.554629876128438 ], [ 8.673203431087037, 47.553440793670561 ], [ 8.67715016267255, 47.552525857618555 ], [ 8.681298205939074, 47.551838093149932 ], [ 8.682100762655764, 47.549066680282607 ], [ 8.683326704785166, 47.546367230756054 ], [ 8.684962543303611, 47.543769307380721 ], [ 8.686990307634574, 47.541301356948431 ], [ 8.689387744630576, 47.538990399288927 ], [ 8.690717024736838, 47.537901773243419 ], [ 8.693618492682745, 47.535873123627702 ], [ 8.696816981295754, 47.534060883677071 ], [ 8.700277459497689, 47.532484886017748 ], [ 8.702094205276628, 47.531790973708752 ], [ 8.70587584841704, 47.530600814409816 ], [ 8.709820319049721, 47.52968475787258 ], [ 8.71184018316475, 47.529332770522615 ], [ 8.715947540622764, 47.528845691920175 ], [ 8.720107528210081, 47.528651918052887 ], [ 8.753300516917575, 47.528279940934368 ], [ 8.757467659221826, 47.528380396864264 ], [ 8.759539713533657, 47.528541191015357 ], [ 8.763632449514198, 47.52908171252551 ], [ 8.7676194592886, 47.529908885089768 ], [ 8.771457117733867, 47.531013658915725 ], [ 8.773306739578858, 47.531666484219002 ], [ 8.776842258846774, 47.533164081577937 ], [ 8.778518473267159, 47.534004754013345 ], [ 8.780210446907585, 47.534955185437951 ], [ 8.779968330497553, 47.5324717476364 ], [ 8.7794010102412, 47.509990487282145 ], [ 8.7795479936108, 47.507168030264317 ], [ 8.780129549653989, 47.504371440363997 ], [ 8.781139240198648, 47.501631351257302 ], [ 8.782565941782236, 47.498977773124793 ], [ 8.783430944119722, 47.497692552367603 ], [ 8.785452375423327, 47.495222840440221 ], [ 8.787843449850389, 47.492909809460265 ], [ 8.790577946672055, 47.490778779853926 ], [ 8.793625896582437, 47.488853076840059 ], [ 8.795257106170663, 47.487973903231527 ], [ 8.798711661468701, 47.486394939933469 ], [ 8.802390593764018, 47.485069277981005 ], [ 8.80625363458541, 47.484011422526592 ], [ 8.810258509393423, 47.483232947669265 ], [ 8.814361398577038, 47.4827423703438 ], [ 8.81851741499116, 47.482545057539994 ], [ 8.918006280529633, 47.481315955820492 ], [ 8.922170041542088, 47.481410484797578 ], [ 8.926296466472861, 47.481799395983437 ], [ 8.93034041186486, 47.482478434655377 ], [ 8.932317579760898, 47.482924552263412 ], [ 8.936155259078591, 47.484023882120418 ], [ 8.939802580936375, 47.485389001656038 ], [ 8.943219621367462, 47.487004973802705 ], [ 8.94636896645663, 47.488854115223006 ], [ 8.949216121209318, 47.490916189109207 ], [ 8.951729887051128, 47.49316862590733 ], [ 8.953882703840932, 47.495586769591121 ], [ 8.955650952642371, 47.498144146831351 ], [ 8.95701521590118, 47.500812756153152 ], [ 8.957877103326078, 47.503288330149488 ], [ 9.011523435216064, 47.502571837469461 ], [ 9.010991448754044, 47.484587657584889 ], [ 9.011126064296024, 47.48176489542486 ], [ 9.011695156751916, 47.478967130908799 ], [ 9.012692424458054, 47.476225010714735 ], [ 9.014106879928985, 47.473568567398978 ], [ 9.015922972910586, 47.471026890821143 ], [ 9.018120763071989, 47.468627810071737 ], [ 9.020594386955144, 47.46646521301907 ], [ 8.983937597401523, 47.466960703383059 ], [ 8.981854444536513, 47.466951527189629 ], [ 8.977704551915961, 47.466711542174551 ], [ 8.973614457344032, 47.466178578955073 ], [ 8.969629036971998, 47.465358485316671 ], [ 8.965792013381408, 47.46426025916896 ], [ 8.962145474034871, 47.462895949403027 ], [ 8.958729408047267, 47.461280523159502 ], [ 8.955581266445042, 47.459431700993186 ], [ 8.95273555080197, 47.457369761777947 ], [ 8.950223434803737, 47.455117319529947 ], [ 8.94807242290619, 47.452699074639277 ], [ 8.946306049817647, 47.450141542278089 ], [ 8.944943624061256, 47.447472761004214 ], [ 8.944000018364772, 47.444721984791919 ], [ 8.943485509088996, 47.441919361896687 ], [ 8.943391092053433, 47.440508192544918 ], [ 8.941486608250667, 47.373064400031623 ], [ 8.941595317870956, 47.370576518731148 ], [ 8.93996032874133, 47.37156788989909 ], [ 8.93664410460087, 47.373271364912526 ], [ 8.93308373116365, 47.37472992078996 ], [ 8.9293182487569, 47.375927556921397 ], [ 8.925388956903637, 47.376851134067067 ], [ 8.923376294893183, 47.377206863203384 ], [ 8.919282544096582, 47.377701323099672 ], [ 8.915135086097893, 47.377902262457411 ], [ 8.888656411087279, 47.37823774721393 ], [ 8.889758462170116, 47.418704644872761 ], [ 8.889742469380133, 47.420117235656924 ], [ 8.889384091286011, 47.422931037825933 ], [ 8.888594235234814, 47.425703995195583 ], [ 8.887381491000765, 47.428405718085124 ], [ 8.885759088344265, 47.431006593018807 ], [ 8.883744754572849, 47.433478107737571 ], [ 8.881360522422918, 47.435793164307427 ], [ 8.878632490274605, 47.437926376862393 ], [ 8.875590537256036, 47.439854350682502 ], [ 8.872267996312326, 47.441555939507857 ], [ 8.868701288801899, 47.443012478226692 ], [ 8.864929524632117, 47.444207988342662 ], [ 8.860994072351026, 47.445129353929275 ], [ 8.856856686134815, 47.445823576952137 ], [ 8.8560647946268, 47.448596291282286 ], [ 8.854849876287563, 47.451297652569835 ], [ 8.853225184679333, 47.453898051284185 ], [ 8.851208472186968, 47.456368980369405 ], [ 8.848821797625, 47.458683348296461 ], [ 8.84609128616607, 47.460815776736119 ], [ 8.843046844150207, 47.46274287955503 ], [ 8.83972183185359, 47.464443520035921 ], [ 8.836152697782744, 47.465899043460759 ], [ 8.832378578509624, 47.467093482464406 ], [ 8.828440868467752, 47.468013732866638 ], [ 8.824382764484666, 47.468649698016691 ], [ 8.820248790125913, 47.468994400035449 ], [ 8.818167507450649, 47.469056219215069 ], [ 8.785011956957069, 47.469446804766733 ], [ 8.780849382262218, 47.469347337964408 ], [ 8.776724993898862, 47.468953236741847 ], [ 8.772684045988917, 47.468268825313316 ], [ 8.76877087303283, 47.467301613058133 ], [ 8.765028401500418, 47.466062211772417 ], [ 8.761497677203748, 47.464564218756038 ], [ 8.758217413731613, 47.462824067042838 ], [ 8.755223566974449, 47.460860844451268 ], [ 8.752548940458999, 47.458696083476241 ], [ 8.750222825848159, 47.45635352436814 ], [ 8.74827068254883, 47.453858854037968 ], [ 8.746713859914196, 47.451239423693238 ], [ 8.745569365033811, 47.448523948338931 ], [ 8.744849678580797, 47.44574219147146 ], [ 8.74456262063816, 47.442924638452403 ], [ 8.742909820287839, 47.37547781680717 ], [ 8.743058367458206, 47.372655282530296 ], [ 8.743640371964949, 47.369858753957168 ], [ 8.744649391077456, 47.367118864071642 ], [ 8.746074309029902, 47.36446562085461 ], [ 8.747899461459246, 47.361928078984157 ], [ 8.75010480932459, 47.359534022154527 ], [ 8.751342651693799, 47.358399060440767 ], [ 8.75407170586946, 47.356268802362145 ], [ 8.755555435152086, 47.355279339171169 ], [ 8.758740976076094, 47.353465282897531 ], [ 8.762187893666422, 47.351887343174923 ], [ 8.765858448631114, 47.350562786922282 ], [ 8.767765118254529, 47.350000169565782 ], [ 8.771695155283107, 47.349081952113508 ], [ 8.775744782452671, 47.348447812961432 ], [ 8.77986969305717, 47.34810468980158 ], [ 8.781946296202975, 47.348043558003297 ], [ 8.80841062617878, 47.347732549987917 ], [ 8.807371775753829, 47.307264024300906 ], [ 8.807516721961047, 47.30444135139075 ], [ 8.808094602774291, 47.301644442830394 ], [ 8.809099020782471, 47.298903935803686 ], [ 8.810518910734201, 47.296249845088042 ], [ 8.812338663417847, 47.293711234678327 ], [ 8.813392409584393, 47.292493978628883 ], [ 8.815773187414232, 47.290180225171042 ], [ 8.818496178609237, 47.288048402246744 ], [ 8.819976815436632, 47.287058091618988 ], [ 8.823156091806046, 47.285242222053597 ], [ 8.826596695835789, 47.28366232787878 ], [ 8.830260957236396, 47.282335697417068 ], [ 8.832164509094321, 47.281772005099221 ], [ 8.836088411202583, 47.280851576720927 ], [ 8.839727994086441, 47.280271230800345 ], [ 8.838656685518337, 47.239418923223319 ], [ 8.838799794435102, 47.236596158659665 ], [ 8.839375303216979, 47.233799041627222 ], [ 8.840376840595098, 47.231058211612009 ], [ 8.84179337300848, 47.228403686947438 ], [ 8.842652568898675, 47.227117918981911 ], [ 8.844661023356768, 47.224646972269014 ], [ 8.847037423099483, 47.222332530855105 ], [ 8.848355608182544, 47.221241991875949 ], [ 8.851233885189613, 47.219209200504132 ], [ 8.854408061341692, 47.217392435918498 ], [ 8.857843371521488, 47.215811580321727 ], [ 8.859647298170168, 47.215115130557315 ], [ 8.863403007985337, 47.213919714111654 ], [ 8.865344508032369, 47.213424019559604 ], [ 8.869328237720204, 47.212643437929934 ], [ 8.87340980380087, 47.212150727677091 ], [ 8.877544552056856, 47.211951279135789 ], [ 8.910539599662227, 47.211534165989143 ], [ 8.912612781227461, 47.2115446285137 ], [ 8.916742561311684, 47.211786969573559 ], [ 8.918787857306059, 47.212018184854287 ], [ 8.922811287061499, 47.212697542577303 ], [ 8.924778408064546, 47.213143825639882 ], [ 8.928596552703146, 47.214243495996264 ], [ 8.93222526242166, 47.215608965690585 ], [ 8.933956073886364, 47.216386815651298 ], [ 8.937226919746683, 47.218122104716933 ], [ 8.938757993194393, 47.219074793107183 ], [ 8.941590473688953, 47.221137222837854 ], [ 8.944091220493597, 47.223390009534015 ], [ 8.946232816277892, 47.225808493318759 ], [ 8.947991765353775, 47.228366197119151 ], [ 8.949348752489133, 47.231035115865325 ], [ 8.950205928631471, 47.233510950570249 ], [ 8.971136714959552, 47.233234340051538 ], [ 8.971852248307057, 47.230737721092723 ], [ 8.973056232398044, 47.228034957691278 ], [ 8.974668219760343, 47.225432705111068 ], [ 8.97667050134978, 47.222959457706715 ], [ 8.977811295898874, 47.221779736349042 ], [ 8.980356549964885, 47.219550243900521 ], [ 8.981754028892613, 47.218506578103103 ], [ 8.98477954515516, 47.216575688258267 ], [ 8.988084508304334, 47.214870756203332 ], [ 8.991632727048728, 47.213410439398842 ], [ 8.995385358219957, 47.212210717028569 ], [ 8.999301330953855, 47.211284715816788 ], [ 9.003418697527643, 47.210585349159423 ], [ 9.004199415396819, 47.207811438074813 ], [ 9.005401246926445, 47.205108320654347 ], [ 9.007010967678358, 47.202505600061563 ], [ 9.009010893443088, 47.200031775792866 ], [ 9.011379076074958, 47.197713932150691 ], [ 9.012693297664546, 47.196621506751896 ], [ 9.015563991928737, 47.194584597782246 ], [ 9.017112595543876, 47.193645691474195 ], [ 9.020415109301007, 47.191939821241313 ], [ 9.023960922298659, 47.190478499388838 ], [ 9.027711217649134, 47.189277716104741 ], [ 9.029650294481264, 47.188779247691635 ], [ 9.033629778816074, 47.187992975405677 ], [ 9.037707938648577, 47.187494436014752 ], [ 9.041840156920166, 47.187289083629459 ], [ 9.107796481293072, 47.186351192375902 ], [ 9.111937588891024, 47.186438899073799 ], [ 9.116042610680079, 47.186821074690947 ], [ 9.120066637051258, 47.187493538192221 ], [ 9.123965640554944, 47.188448932555886 ], [ 9.127696955628982, 47.189676804914605 ], [ 9.129486884258473, 47.190388834653731 ], [ 9.132890787876882, 47.191999341015219 ], [ 9.136029300613346, 47.193843475909681 ], [ 9.13748816931097, 47.194846941287949 ], [ 9.140165148661382, 47.197002937699096 ], [ 9.142497036225176, 47.199337799114161 ], [ 9.143525423665205, 47.200564385850882 ], [ 9.145292978155091, 47.203119083058631 ], [ 9.146659173332113, 47.205785684549227 ], [ 9.14760898733417, 47.208534988790163 ], [ 9.148131952561537, 47.211336884086172 ], [ 9.148307391636274, 47.21512451531482 ], [ 9.151375888692767, 47.213357535751705 ], [ 9.154802127507221, 47.211767826308019 ], [ 9.158453276461159, 47.210430746350518 ], [ 9.160350787175211, 47.209861626959061 ], [ 9.164263719556564, 47.208930014039105 ], [ 9.168298013345536, 47.208282080284462 ], [ 9.172409529199358, 47.207924914323229 ], [ 9.174480208523535, 47.207856716001231 ], [ 9.207470137837472, 47.2073544713503 ], [ 9.211613032714563, 47.207438589080283 ], [ 9.213673971821626, 47.207591268534237 ], [ 9.21774664625363, 47.208115780439819 ], [ 9.221716665740637, 47.208927382051733 ], [ 9.225540591050825, 47.210017193944381 ], [ 9.229176574522004, 47.211373292274779 ], [ 9.232584816454674, 47.212980838708773 ], [ 9.235727999553706, 47.2148222421471 ], [ 9.238571696729236, 47.216877350517997 ], [ 9.24108474783514, 47.219123670574746 ], [ 9.243239601237338, 47.221536613333953 ], [ 9.244175155949817, 47.222797376750933 ], [ 9.245749681562046, 47.225410230403 ], [ 9.24638432457815, 47.226755163040686 ], [ 9.247255193158409, 47.229228770340448 ], [ 9.274220115551673, 47.228802068858357 ], [ 9.276294015316155, 47.228805979557478 ], [ 9.280426733360796, 47.229035265885699 ], [ 9.282474241099656, 47.229260013989091 ], [ 9.286503549727849, 47.229926646188339 ], [ 9.288474321828025, 47.230366705736145 ], [ 9.29230114222962, 47.231454292692561 ], [ 9.2959402782583, 47.232808273451973 ], [ 9.299351895802385, 47.234413832859637 ], [ 9.302498640711701, 47.236253401572945 ], [ 9.305346046996675, 47.238306847616009 ], [ 9.306647610785102, 47.239406836173004 ], [ 9.308988622847714, 47.241738291731217 ], [ 9.310021648341737, 47.242963373749831 ], [ 9.311798567145193, 47.245515478583705 ], [ 9.313174158753506, 47.24818006686732 ], [ 9.314133298455211, 47.250927959202507 ], [ 9.318294836081281, 47.251503651499405 ], [ 9.322269606048929, 47.252311774071757 ], [ 9.324205019352735, 47.252820883664803 ], [ 9.327945424754835, 47.254042235797826 ], [ 9.331478024158118, 47.255522988660481 ], [ 9.333154211091363, 47.256355683245616 ], [ 9.336303413566531, 47.258194316900763 ], [ 9.339153290006896, 47.260246914425224 ], [ 9.341672612735744, 47.262491010086237 ], [ 9.343833761547986, 47.264902039288373 ], [ 9.345613027103983, 47.267453606738982 ], [ 9.346990872058869, 47.270117774747106 ], [ 9.347867110108639, 47.272590589573014 ], [ 9.407880743470502, 47.271580641041069 ], [ 9.409956311703869, 47.271582143789246 ], [ 9.414092908961882, 47.271806628713534 ], [ 9.418172438049648, 47.272324036573437 ], [ 9.422150266778536, 47.273128706815598 ], [ 9.425982870685417, 47.274211835856626 ], [ 9.427831531890895, 47.274854234799598 ], [ 9.431368276637045, 47.276331914163137 ], [ 9.434658901754119, 47.278053003417845 ], [ 9.437667372141483, 47.279998668164772 ], [ 9.439055369647216, 47.281049151831645 ], [ 9.44157987315241, 47.283291047449246 ], [ 9.443746376386644, 47.285700186062215 ], [ 9.445531111479092, 47.288250193118493 ], [ 9.446914481263372, 47.290913148060554 ], [ 9.447795691258246, 47.293385186109269 ], [ 9.507830734315922, 47.292323189499157 ], [ 9.511980667620689, 47.292396491242457 ], [ 9.51609665079333, 47.292764374795773 ], [ 9.518127811531562, 47.293057651968134 ], [ 9.522108689503687, 47.293858865890193 ], [ 9.524446317760775, 47.294485277997339 ], [ 9.526731699371432, 47.293775217667523 ], [ 9.528669871024048, 47.293268362125133 ], [ 9.532649710749643, 47.292464865522454 ], [ 9.53468048478925, 47.292170423643462 ], [ 9.538795964675291, 47.291800179867622 ], [ 9.540869406902496, 47.291725391282817 ], [ 9.573907331362779, 47.291118123665882 ], [ 9.575983658951795, 47.291116635649075 ], [ 9.580122458448631, 47.291335158184125 ], [ 9.584205080084097, 47.291846683493226 ], [ 9.588186857935357, 47.29264561538136 ], [ 9.592024224470164, 47.293723213052608 ], [ 9.59567518536514, 47.295067686332011 ], [ 9.599099777479392, 47.296664324133332 ], [ 9.600715360033792, 47.29755184765996 ], [ 9.603730978346428, 47.29949316150563 ], [ 9.605122749460527, 47.300541636576781 ], [ 9.607655147965218, 47.302779876230325 ], [ 9.609829937532901, 47.305185873361452 ], [ 9.611623259745253, 47.307733287880403 ], [ 9.613015423551571, 47.310394227694829 ], [ 9.613991122884052, 47.313139553518383 ], [ 9.618160718310859, 47.313704396661528 ], [ 9.622144635946023, 47.314502150289549 ], [ 9.624085153367083, 47.31500620800233 ], [ 9.627836757952048, 47.316217790671537 ], [ 9.63138177448981, 47.317689308380281 ], [ 9.634681394460207, 47.319404659317108 ], [ 9.637699484580152, 47.321345071921812 ], [ 9.640402981896992, 47.32348930958225 ], [ 9.642762255860656, 47.325813902304141 ], [ 9.643804568906104, 47.327035949328113 ], [ 9.64560024905467, 47.329582818652952 ], [ 9.646994679043942, 47.332243330697011 ], [ 9.647972527972362, 47.334988350877019 ], [ 9.652144191442153, 47.335551961412392 ], [ 9.656130249503484, 47.336348535557995 ], [ 9.659972133104796, 47.337423856802168 ], [ 9.663627798596981, 47.338766159882766 ], [ 9.665373203638522, 47.339532949798098 ], [ 9.668675268956511, 47.341247316676409 ], [ 9.670222883046232, 47.342190200242747 ], [ 9.673090080912624, 47.34423446713469 ], [ 9.675627408179436, 47.346471183695442 ], [ 9.677807047895072, 47.348875866227914 ], [ 9.67960508855977, 47.351422189065289 ], [ 9.680354670518351, 47.352739805557697 ], [ 9.681544658690749, 47.355445910802288 ], [ 9.681981788803762, 47.356826985473859 ], [ 9.682534294374133, 47.359626268066187 ], [ 9.682648138800269, 47.361036804868746 ], [ 9.684542846540801, 47.405989439818072 ], [ 9.684444134299063, 47.408812947553606 ], [ 9.683911170768891, 47.411613979100359 ], [ 9.682949728502354, 47.414361839927295 ], [ 9.681570279639802, 47.417026413552989 ], [ 9.679787883871269, 47.419578491959264 ], [ 9.678751502446234, 47.420803545522261 ], [ 9.67640254617308, 47.423134889191431 ], [ 9.673707175568088, 47.425286762695649 ], [ 9.670694910530557, 47.427235566943097 ], [ 9.667398757331728, 47.428959927434754 ], [ 9.66385484685175, 47.430440929453312 ], [ 9.660102037957856, 47.431662326270718 ], [ 9.656181490402282, 47.432610718050029 ], [ 9.654171695202594, 47.432979165040599 ], [ 9.650080627754708, 47.433499507288012 ], [ 9.645931765973669, 47.43372668723282 ], [ 9.61943106853672, 47.434229756615935 ], [ 9.620168248095389, 47.452210875201928 ], [ 9.620066033901569, 47.455034284831761 ], [ 9.619529217963809, 47.457834976580962 ], [ 9.618563614952718, 47.460582259604642 ], [ 9.617179742536329, 47.46324602371709 ], [ 9.615392708845317, 47.465797069738088 ], [ 9.613222049303518, 47.4682074300351 ], [ 9.610691514508227, 47.47045067572197 ], [ 9.60782881139987, 47.472502207113891 ], [ 9.604665300496006, 47.474339524218408 ], [ 9.601235652471356, 47.475942474254637 ], [ 9.597577467838695, 47.477293473446863 ], [ 9.5937308639171, 47.478377700616988 ], [ 9.58973803365973, 47.479183260415518 ], [ 9.585642781246282, 47.47970131436346 ], [ 9.5814900396217, 47.47992617824022 ], [ 9.548334878866967, 47.480535581112782 ], [ 9.544170211055778, 47.480463593998699 ], [ 9.54003950301081, 47.480096736000483 ], [ 9.538001075902226, 47.47980386291114 ], [ 9.534006035730776, 47.479003245918719 ], [ 9.531660181868491, 47.478377064753055 ], [ 9.529366931904786, 47.479087182679201 ], [ 9.527421993602813, 47.479594021259068 ], [ 9.523428068048808, 47.480397291840319 ], [ 9.519332076755314, 47.480912998022845 ], [ 9.51517896080915, 47.481135481344865 ], [ 9.482022297319787, 47.481725878523086 ], [ 9.477857626862232, 47.481651504134121 ], [ 9.473727284909728, 47.481282278491527 ], [ 9.469676591163722, 47.480622252867505 ], [ 9.465749987491725, 47.479678669095428 ], [ 9.461990548316017, 47.478461879769711 ], [ 9.458439506330274, 47.476985234186294 ], [ 9.455135798843513, 47.475264931301851 ], [ 9.452115639805022, 47.473319841357082 ], [ 9.449412122258988, 47.471171298157373 ], [ 9.447054855618292, 47.468842864329567 ], [ 9.445069641737884, 47.466360072170609 ], [ 9.443478193315276, 47.46375014297098 ], [ 9.442297897655363, 47.461041687929175 ], [ 9.441866135551203, 47.459659757205891 ], [ 9.43768697913945, 47.459088568071188 ], [ 9.43369500740658, 47.458284481297788 ], [ 9.429848982154258, 47.457201671038895 ], [ 9.426191090036015, 47.455852017088802 ], [ 9.422761445228366, 47.454250325863065 ], [ 9.419597648290129, 47.452414167330865 ], [ 9.416734373126582, 47.450363681573904 ], [ 9.414202986630549, 47.448121357132749 ], [ 9.412031205187816, 47.445711783612175 ], [ 9.410242791802595, 47.443161381300563 ], [ 9.408857297126264, 47.440498110807603 ], [ 9.407975458144429, 47.438025886735183 ], [ 9.387531577186635, 47.438372366723527 ], [ 9.38803970733218, 47.452242466318509 ], [ 9.39172424950247, 47.452716510125057 ], [ 9.395715168766868, 47.453522047416747 ], [ 9.399560233060887, 47.454605994404886 ], [ 9.403217363784458, 47.455956491436638 ], [ 9.404962852324116, 47.456727188168081 ], [ 9.408263785078036, 47.458448934892381 ], [ 9.411281495587367, 47.460395179672766 ], [ 9.413982924683603, 47.462544622016622 ], [ 9.416338464029415, 47.464873734896742 ], [ 9.41832228098653, 47.467357021526361 ], [ 9.41991260272496, 47.469967293769542 ], [ 9.421091956414024, 47.472675969177757 ], [ 9.421847362792249, 47.475453383435038 ], [ 9.422170480902592, 47.47826911481976 ], [ 9.42300937484087, 47.500746682981777 ], [ 9.423007533471877, 47.50215927462348 ], [ 9.422676850287887, 47.504974585398877 ], [ 9.421913626365631, 47.507751044757399 ], [ 9.420726159155018, 47.510458224945275 ], [ 9.419127400782966, 47.513066452960885 ], [ 9.417134818686405, 47.515547136206671 ], [ 9.414770206377003, 47.517873076467815 ], [ 9.412059446316736, 47.520018768746752 ], [ 9.409032227429783, 47.521960681641161 ], [ 9.405721720297789, 47.523677516153469 ], [ 9.402164213575965, 47.525150440053118 ], [ 9.398398715620292, 47.52636329517857 ], [ 9.394466525724551, 47.527302775366572 ], [ 9.390329811534016, 47.528016056627102 ], [ 9.389564565930646, 47.53079228021442 ], [ 9.388374934961677, 47.533499106590256 ], [ 9.386773894440481, 47.53610686661262 ], [ 9.384778936804844, 47.538586972796864 ], [ 9.382411881607869, 47.540912233239062 ], [ 9.379698638107611, 47.543057150381337 ], [ 9.376668922484052, 47.544998201309234 ], [ 9.37366007061409, 47.546564962515951 ], [ 9.376779550923766, 47.548029268879837 ], [ 9.379947565733358, 47.549866537218826 ], [ 9.382814787692428, 47.551917862384187 ], [ 9.385349799126326, 47.554160792601557 ], [ 9.387524807825327, 47.55657077606827 ], [ 9.389315952328024, 47.559121428977903 ], [ 9.390703564728993, 47.561784823691902 ], [ 9.391672388071644, 47.564531793940418 ], [ 9.392211745861688, 47.567332253742443 ], [ 9.39231832173804, 47.568742969728149 ], [ 9.393146011192878, 47.591220028255101 ], [ 9.393143372326074, 47.592632573343202 ], [ 9.392810541852036, 47.595447706875639 ], [ 9.392044454502225, 47.598223878542221 ], [ 9.390853438894837, 47.600930663724299 ], [ 9.389250485861769, 47.603538393731242 ], [ 9.387253108665131, 47.606018481406281 ], [ 9.384883153265701, 47.608343735046326 ], [ 9.382166560627669, 47.610488657165149 ], [ 9.379133083591288, 47.612429724790161 ], [ 9.375815961367293, 47.614145648179758 ], [ 9.372251555198291, 47.615617605084125 ], [ 9.368478949185896, 47.6168294479385 ], [ 9.364539520691091, 47.617767881675668 ], [ 9.36047648507545, 47.618422610171287 ], [ 9.356334419854926, 47.618786449682695 ], [ 9.354247933444986, 47.618857912391121 ], [ 9.32100342423848, 47.6194021555783 ], [ 9.316828172671835, 47.619321989829785 ], [ 9.312688234402616, 47.618947035364144 ], [ 9.308629034549815, 47.618281406312065 ], [ 9.304695108371265, 47.617332405986978 ], [ 9.300929610620528, 47.616110446406793 ], [ 9.297373840378883, 47.61462893358042 ], [ 9.294166614335296, 47.612959066070921 ], [ 9.294244478443307, 47.616747729869935 ], [ 9.294129874348288, 47.618158135866246 ], [ 9.293574198042471, 47.620957129541559 ], [ 9.292588745037914, 47.623701509181451 ], [ 9.291184250357141, 47.626361196234434 ], [ 9.289376048096686, 47.628907036032686 ], [ 9.287183905780989, 47.631311117853407 ], [ 9.284631809692169, 47.633547081499657 ], [ 9.281747703443818, 47.635590407007399 ], [ 9.278563182602586, 47.637418684265306 ], [ 9.275113148668879, 47.639011859550891 ], [ 9.271435426200878, 47.640352456237672 ], [ 9.267570347297784, 47.64142576721153 ], [ 9.263560308042891, 47.642220016847702 ], [ 9.261514626977675, 47.642509647970989 ], [ 9.257370001869113, 47.64286994991221 ], [ 9.255282434845226, 47.642939631702042 ], [ 9.222021827145875, 47.643455502423812 ], [ 9.217844832355771, 47.64337177443867 ], [ 9.213703717727682, 47.642993290676159 ], [ 9.209643921285464, 47.642324203991777 ], [ 9.20570998480045, 47.641371855634532 ], [ 9.203803767219664, 47.640792605094305 ], [ 9.200138972040408, 47.639435896154112 ], [ 9.196704289407696, 47.637827613096377 ], [ 9.193537374876652, 47.635985398171194 ], [ 9.190672936190946, 47.633929457849121 ], [ 9.188142352567096, 47.631682340438502 ], [ 9.185973331083529, 47.629268688035978 ], [ 9.184189603930395, 47.626714965571374 ], [ 9.182810669801132, 47.624049169958759 ], [ 9.181851582197154, 47.621300522578643 ], [ 9.181322786880026, 47.618499148495083 ], [ 9.181143648543255, 47.61471205662918 ], [ 9.178052921030629, 47.616479605047481 ], [ 9.17460123101279, 47.618069803245838 ], [ 9.170922421513264, 47.619407223729873 ], [ 9.167056836661818, 47.620477194217749 ], [ 9.16304687817332, 47.621267975726717 ], [ 9.15893653861775, 47.621770891894776 ], [ 9.154770916862873, 47.62198042458315 ], [ 9.128171977830313, 47.622370840406525 ], [ 9.129462107225834, 47.662831773117325 ], [ 9.12933334038998, 47.665654481229119 ], [ 9.128768459304515, 47.668452628926829 ], [ 9.127773585810736, 47.67119555295649 ], [ 9.126359558164729, 47.673853190626168 ], [ 9.124541814994908, 47.676396409643147 ], [ 9.122340228506788, 47.678797327934028 ], [ 9.119778888659454, 47.681029619914305 ], [ 9.11688584059446, 47.683068805818188 ], [ 9.113692778134103, 47.684892520879437 ], [ 9.110234696673029, 47.686480761371008 ], [ 9.106549509259908, 47.687816104763883 ], [ 9.102677630097199, 47.688883901549737 ], [ 9.098661530070796, 47.68967243658426 ], [ 9.094545269253054, 47.69017305814684 ], [ 9.09037401159649, 47.690380273272091 ], [ 8.957202754299246, 47.692197363065034 ], [ 8.953022353576726, 47.692104104306352 ], [ 8.948879340948725, 47.691716178644313 ], [ 8.94683609090499, 47.691412920611569 ], [ 8.942834129689599, 47.690591973956835 ], [ 8.938981337637973, 47.689492951520563 ], [ 8.935319975358164, 47.688127910936927 ], [ 8.931890194648011, 47.686511827372279 ], [ 8.928729596959787, 47.684662428600873 ], [ 8.92587282038072, 47.682599999829634 ], [ 8.923351159700115, 47.680347160451689 ], [ 8.921192223744418, 47.677928615218228 ], [ 8.919419633724965, 47.675370882598521 ], [ 8.918052765866435, 47.672702003347197 ], [ 8.917106541072934, 47.669951232510662 ], [ 8.916591263850213, 47.667148718280281 ], [ 8.916497160265871, 47.665737641663661 ], [ 8.915870478426797, 47.643258202161824 ], [ 8.916010561122679, 47.640435714911504 ], [ 8.916586375874092, 47.637638580573011 ], [ 8.91759154700914, 47.634897438865032 ], [ 8.919015000158067, 47.632242311570671 ], [ 8.920841086271048, 47.629702274082511 ], [ 8.923049755401852, 47.627305137491248 ], [ 8.925616778252035, 47.625077144672254 ], [ 8.927026022650011, 47.624034278326519 ], [ 8.930076670851005, 47.622105075692133 ], [ 8.93340866890173, 47.620401933036234 ], [ 8.936985529682536, 47.61894348819829 ], [ 8.940768096786611, 47.617745699843333 ], [ 8.944714972108182, 47.616821673504539 ], [ 8.946736586204372, 47.616465600606851 ], [ 8.950848514924582, 47.615970205497469 ], [ 8.955014458880981, 47.615767997268058 ], [ 9.01542337873572, 47.614962638401451 ], [ 9.016141974122084, 47.612466050501062 ], [ 9.017352363432719, 47.609763154384126 ], [ 9.018973776188901, 47.607160598587214 ], [ 9.020988399324985, 47.604686880793871 ], [ 9.023374123080488, 47.602369084127197 ], [ 9.024773606664002, 47.601220634053213 ], [ 9.021102870609171, 47.601392275139112 ], [ 8.921391159350591, 47.602709926121854 ], [ 8.917217876126635, 47.602615374125861 ], [ 8.91308211705045, 47.602226156760786 ], [ 8.909029261225683, 47.60154654465471 ], [ 8.90510377404053, 47.600583994534531 ], [ 8.901348717306078, 47.599349067058128 ], [ 8.897805275127748, 47.597855310463729 ], [ 8.894512300806779, 47.596119111339974 ], [ 8.891505889818111, 47.594159514186451 ], [ 8.888818983601659, 47.591998011780909 ], [ 8.886481008539926, 47.589658308693267 ], [ 8.884517554081977, 47.58716606058055 ], [ 8.882950093516763, 47.584548592163877 ], [ 8.881795750405004, 47.581834597016936 ], [ 8.881067113153899, 47.579053822492405 ], [ 8.880772099670319, 47.576236743268801 ], [ 8.880283670539912, 47.558252450875138 ], [ 8.820503599845168, 47.558980683030981 ], [ 8.816333937451287, 47.558882497473569 ], [ 8.812202328675871, 47.558489674753424 ], [ 8.808154106992149, 47.557806525057401 ], [ 8.806175195193253, 47.557358297543402 ], [ 8.802334909816903, 47.556254685297581 ], [ 8.798686258240561, 47.554885267401048 ], [ 8.795269252606275, 47.553265067017065 ], [ 8.793576425718671, 47.552314861970906 ], [ 8.793819269524009, 47.554798253601867 ], [ 8.794393182424272, 47.577279082450531 ], [ 8.794374603838675, 47.578691582256866 ], [ 8.794010098820515, 47.581504933490571 ], [ 8.79321289913956, 47.584277085765486 ], [ 8.791991674704006, 47.586977658167264 ], [ 8.790359747932088, 47.589577049774157 ], [ 8.788334950309022, 47.592046764533457 ], [ 8.785939429134821, 47.594359724194241 ], [ 8.783199406487572, 47.596490565836163 ], [ 8.780144892971901, 47.598415920697498 ], [ 8.776809359342883, 47.600114671205603 ], [ 8.773229369583998, 47.601568183350714 ], [ 8.769444179468151, 47.60276051181264 ], [ 8.765495305036271, 47.603678575550695 ], [ 8.7613443017616, 47.604369342277089 ], [ 8.760545050891919, 47.607141246215363 ], [ 8.759321636314301, 47.60984145133169 ], [ 8.757687404424672, 47.612440360711595 ], [ 8.755660211963024, 47.614909483571317 ], [ 8.753262232484602, 47.617221748133268 ], [ 8.750519715034782, 47.619351799084633 ], [ 8.747462697600605, 47.621276276322405 ], [ 8.744431014522181, 47.622826599023426 ], [ 8.747537507696256, 47.624307766518271 ], [ 8.750688177041685, 47.626162137494902 ], [ 8.753535088545551, 47.628228918354743 ], [ 8.754834747223192, 47.62933497770377 ], [ 8.757168658987403, 47.631677298434298 ], [ 8.759127772503868, 47.634171659314006 ], [ 8.760690584378027, 47.636790750674862 ], [ 8.761839922045198, 47.63950589317907 ], [ 8.762563134100471, 47.642287351337359 ], [ 8.762852231485784, 47.645104658764197 ], [ 8.763413988847034, 47.667584874137411 ], [ 8.763394553012809, 47.668997320341468 ], [ 8.763027781989921, 47.671810477160243 ], [ 8.762227602299808, 47.674582320631806 ], [ 8.761002716298975, 47.677282473207093 ], [ 8.759366486354541, 47.679881338546366 ], [ 8.7573367909708, 47.682350426346694 ], [ 8.754935831027574, 47.684662665212052 ], [ 8.752189888159954, 47.686792700107837 ], [ 8.749129037855672, 47.688717171102887 ], [ 8.745786820367302, 47.690414970303792 ], [ 8.742199873025704, 47.691867474122532 ], [ 8.738407527992299, 47.693058748289211 ], [ 8.734451379893779, 47.693975723320825 ], [ 8.732425384463635, 47.694328083889467 ], [ 8.72830533942159, 47.694815717822038 ], [ 8.724132324177932, 47.695009775304968 ], [ 8.657536397286451, 47.695727402732068 ], [ 8.653356273532086, 47.695623357395498 ], [ 8.64921520908792, 47.695224743963017 ], [ 8.645158641294302, 47.694535936159895 ], [ 8.641231076207827, 47.693564491604342 ], [ 8.637475598294168, 47.69232106852801 ], [ 8.633933396056188, 47.690819308350797 ], [ 8.630643308896811, 47.689075685425863 ], [ 8.627641400262897, 47.687109325634779 ], [ 8.624960561804814, 47.684941795861739 ], [ 8.622630152919752, 47.682596866694318 ], [ 8.62067567963175, 47.680100250996681 ], [ 8.619118516302189, 47.677479321261558 ] ], [ [ 8.974314645424208, 47.3332634833329 ], [ 8.973979260595451, 47.33215482018359 ], [ 8.953573469472136, 47.332424537732521 ], [ 8.954084548274947, 47.350409853552179 ], [ 8.953976462730974, 47.35289776171583 ], [ 8.95561061827201, 47.351906186497679 ], [ 8.957234959597185, 47.351024692675225 ], [ 8.96067582973507, 47.349440827649019 ], [ 8.962482933766593, 47.348742792350613 ], [ 8.966245749645701, 47.347544064892297 ], [ 8.970172171947491, 47.346619089251192 ], [ 8.97430037543687, 47.34592079020171 ], [ 8.975084590048105, 47.343147180617315 ], [ 8.976290948525502, 47.340444468195358 ], [ 8.977228704219675, 47.338858593253413 ], [ 8.976200244324415, 47.337298924198741 ], [ 8.97483920722269, 47.334630401408937 ], [ 8.974314645424208, 47.3332634833329 ] ], [ [ 9.191975569559879, 47.566336075237615 ], [ 9.192401691922605, 47.567718881170968 ], [ 9.192930565182481, 47.570520257928429 ], [ 9.193110394522089, 47.574307394060767 ], [ 9.196198164436618, 47.572539416961042 ], [ 9.199646245835361, 47.570948549530947 ], [ 9.203320971944434, 47.569610194419376 ], [ 9.207182119902706, 47.568538995714455 ], [ 9.209169464529674, 47.568107360485584 ], [ 9.213230509466491, 47.567457922052085 ], [ 9.215293094292241, 47.567241896327197 ], [ 9.219454178548808, 47.567030186433854 ], [ 9.252666914753013, 47.56651505127433 ], [ 9.254754008556002, 47.566519348245215 ], [ 9.258912929319935, 47.566749380038857 ], [ 9.260973374135856, 47.566974485295091 ], [ 9.265028051668224, 47.567641795756337 ], [ 9.268957584795148, 47.568592159904028 ], [ 9.272718974393989, 47.569815179924653 ], [ 9.276271053258888, 47.571297474111716 ], [ 9.279475197828718, 47.572967863070794 ], [ 9.279398453440631, 47.569179127182167 ], [ 9.279737135117465, 47.566364293842732 ], [ 9.280508637011998, 47.563588833484474 ], [ 9.281704441765717, 47.560883146282904 ], [ 9.282457523046274, 47.559565766408895 ], [ 9.284263696236549, 47.557019968756286 ], [ 9.286452904085502, 47.554615875790006 ], [ 9.289001130026428, 47.552379806704089 ], [ 9.291880437571916, 47.550336238085848 ], [ 9.293434519637509, 47.54939372032937 ], [ 9.29644589841087, 47.547829045289603 ], [ 9.29332864640107, 47.546362575631726 ], [ 9.29016383916537, 47.544522936493195 ], [ 9.287300597279692, 47.54246931328494 ], [ 9.284770287031916, 47.540224228925062 ], [ 9.28260061273326, 47.53781230324379 ], [ 9.280815313988455, 47.535259982272407 ], [ 9.27943390699455, 47.532595247599915 ], [ 9.278471472641382, 47.529847309022344 ], [ 9.277938493650726, 47.527046283884815 ], [ 9.277835039798148, 47.525635442510932 ], [ 9.277199424018528, 47.507269521985641 ], [ 9.27351212358403, 47.506791838033834 ], [ 9.269519059479221, 47.505982098313218 ], [ 9.265672934126918, 47.504893847194722 ], [ 9.262015935161781, 47.50353902415533 ], [ 9.258588166800344, 47.501932492300504 ], [ 9.255427208817158, 47.500091874673267 ], [ 9.25256770374652, 47.498037360229674 ], [ 9.250040976878974, 47.495791481648858 ], [ 9.24787469323552, 47.493378867454943 ], [ 9.246092555269572, 47.490825971210811 ], [ 9.24471404457287, 47.48816078079291 ], [ 9.243754210354041, 47.485412510972552 ], [ 9.243223506922538, 47.482611282703822 ], [ 9.243121061225439, 47.481200388550668 ], [ 9.241596601632184, 47.436242269418287 ], [ 9.241718860579674, 47.433419207085656 ], [ 9.242275309232756, 47.430620276693389 ], [ 9.243259784471944, 47.427876137825258 ], [ 9.243909322248893, 47.42653404001485 ], [ 9.245514066510154, 47.42392816200644 ], [ 9.247511215277994, 47.421450361982274 ], [ 9.249878850168949, 47.419127767873249 ], [ 9.251268621917651, 47.417976516274749 ], [ 9.247611271811383, 47.418155337680872 ], [ 9.220550210724577, 47.418575780608712 ], [ 9.219843823408926, 47.421073794837483 ], [ 9.219298121614081, 47.422437011360131 ], [ 9.217895272960517, 47.425095998632003 ], [ 9.216090400883134, 47.427640875766336 ], [ 9.213903236854964, 47.430043742566909 ], [ 9.211357712972454, 47.432278252137834 ], [ 9.208481701107209, 47.434319900445267 ], [ 9.205306708302009, 47.436146295762846 ], [ 9.201867531714308, 47.437737405005869 ], [ 9.198201876881321, 47.439075774211503 ], [ 9.194349943510112, 47.440146720705819 ], [ 9.190353983378907, 47.440938494811192 ], [ 9.18625783526598, 47.441442409285571 ], [ 9.182106442095783, 47.441652935044146 ], [ 9.088760411237718, 47.44302287139309 ], [ 9.088047511708186, 47.445520057204597 ], [ 9.087498182367291, 47.44688263888051 ], [ 9.086088102425951, 47.44954000178474 ], [ 9.084276096860084, 47.452082796970245 ], [ 9.082081975439534, 47.45448314700036 ], [ 9.079611410096962, 47.456647067000027 ], [ 9.149404618445873, 47.455635695509081 ], [ 9.151487351458233, 47.455641853452377 ], [ 9.155637152561663, 47.455875602246287 ], [ 9.159728266052204, 47.456402127578365 ], [ 9.161737789441364, 47.456773504992931 ], [ 9.165657282067135, 47.457727409815163 ], [ 9.169408451844641, 47.458953831263777 ], [ 9.172950243213124, 47.460439350400769 ], [ 9.174630404302407, 47.461274298035256 ], [ 9.177786256940047, 47.463117146778295 ], [ 9.180640993776652, 47.465173533362588 ], [ 9.183163333579749, 47.467420950550085 ], [ 9.185325622683369, 47.469834797343303 ], [ 9.187104138766159, 47.472388647550368 ], [ 9.187843208898681, 47.473709387342744 ], [ 9.189010817816992, 47.476420415507931 ], [ 9.189754149918173, 47.479199331473588 ], [ 9.190064996374645, 47.48201569693763 ], [ 9.190805764206562, 47.504494834290277 ], [ 9.190797749700105, 47.5059074150615 ], [ 9.19045474056063, 47.508722047988016 ], [ 9.189679330314531, 47.511496961760734 ], [ 9.188479950063687, 47.514201745430483 ], [ 9.186869682670812, 47.516806752135459 ], [ 9.18486612195078, 47.51928342447232 ], [ 9.18249118203838, 47.521604608093675 ], [ 9.179770858927521, 47.523744850065057 ], [ 9.176734946722576, 47.525680678674782 ], [ 9.173416711663556, 47.527390861590831 ], [ 9.169852527476062, 47.528856639492233 ], [ 9.166081476048852, 47.53006193257103 ], [ 9.162144917848888, 47.530993517600059 ], [ 9.158004811879319, 47.531698494431907 ], [ 9.157669743926844, 47.533092726000184 ], [ 9.156678897311991, 47.53583603667078 ], [ 9.155269919175788, 47.53849416118269 ], [ 9.153458193068232, 47.54103796192657 ], [ 9.151263525455487, 47.543439550471447 ], [ 9.1487916426249, 47.545604881625458 ], [ 9.154387385983089, 47.545559124699174 ], [ 9.158544227848642, 47.545792761131189 ], [ 9.162642298963092, 47.54631916623152 ], [ 9.16465524617724, 47.546690480987209 ], [ 9.16858142971174, 47.547644256264171 ], [ 9.172339020722571, 47.548870543720525 ], [ 9.174141658055609, 47.549581799272175 ], [ 9.177569946813495, 47.551190804391162 ], [ 9.180731247627108, 47.553033514525801 ], [ 9.182200832760865, 47.554036301125237 ], [ 9.18489774304437, 47.556191016490743 ], [ 9.1872473792276, 47.558524710475567 ], [ 9.189223972881877, 47.561011836060629 ], [ 9.190805829842761, 47.563625162983151 ], [ 9.191975569559879, 47.566336075237615 ] ] ] ] } }
]
}
